"Belge Tarihi","Kurum","Analistler","Format","Belge Adı","Özet Metin","Yatırım Tezi","Varsayımlar","Risk Analizi","Varsayım Gerçekleşme","Tahmin Sapması","Kaynak"
"2025-06-23","Danske Bank","Kristoffer Kjær Lomholt, Jens Nærvig Pedersen, Kirstine Kundby-Nielsen, Mohamad Al-Saraf, Allan von Mehren, Stefan Mellin","PDF","FX Forecast Update Jun 2025","Danske Bank'ın Haziran 2025 FX tahmin güncellemesi. ABD ekonomisindeki yavaşlama ve Fed faiz indirimi beklentilerine odaklanıyor. EUR/USD'nin 12 ayda 1.22'ye yükselmesi, yen'in BoJ normalleşmesiyle güçlenmesi, TRY'nin enflasyon baskısıyla zayıflaması bekleniyor. (Ref: 'We expect EUR/USD at 1.22 on a 12M horizon on the back of US growth moderation')","ABD doları yapısal olarak zayıflıyor; Fed faiz indirimi döngüsü EUR ve JPY lehine fiyatlama yaratacak. TRY'de carry trade cazip ama enflasyon riski yüksek. (Ref: 'USD weakness remains the dominant theme')","1. Fed 2025 2. yarıda faiz indirecek 2. ABD resesyon riskleri sınırlı kalacak 3. BoJ normalleşme adımlarına devam edecek 4. TCMB sıkı duruşunu koruyacak 5. Petrol fiyatları NOK'u baskılayacak","1. ABD resesyon riskinin artması halinde güvenli liman akışları (Ref: 'if US recession materialises, safe haven flows would dominate') 2. BoJ'un beklenenden erken gevşemesi 3. Petrol fiyat şoku","1. Fed faiz indirimi → ⚠️ Kısmen (Ref: Temmuz raporu 'Fed signaled patience, rate cut expectations pushed to Q4') 2. ABD resesyon riski → ✅ Gerçekleşti sınırlı kaldı (Ref: 'risk appetite stabilised further') 3. BoJ normalleşme → ✅ BoJ Temmuz'da faiz artırdı 4. TCMB sıkı duruş → ✅ Devam etti 5. Petrol baskısı → ✅ NOK baskıda (Ref: 'NOK pressured by falling oil prices')","EUR/USD +1M: +100 pip (0.86%); EUR/SEK +1M: +1100 pip (0.99%); EUR/NOK +1M: +1800 pip (1.54%); EUR/DKK +1M: +50 pip (0.07%); EUR/GBP +1M: +200 pip (2.35%); EUR/JPY +1M: +500 pip (2.99%); EUR/CHF +1M: +0 pip (0.00%); EUR/PLN +1M: -400 pip (-0.93%); EUR/HUF +1M: -10000 pip (-0.25%); EUR/CZK +1M: -2000 pip (-0.81%); EUR/TRY +1M: +6000 pip (1.28%); EUR/CNY +1M: +500 pip (0.60%); USD/JPY +1M: +400 pip (2.78%); USD/CAD +1M: +0 pip (0.00%); USD/CNY +1M: +0 pip (0.00%)",""
"2025-07-22","Danske Bank","Kristoffer Kjær Lomholt, Jens Nærvig Pedersen, Kirstine Kundby-Nielsen, Mohamad Al-Saraf, Allan von Mehren, Stefan Mellin","PDF","FX Forecast Update Jul 2025","Temmuz 2025 güncellemesi. BoJ sürpriz faiz artışı sonrası yen güçlendi. EUR/USD görüşü 1.23 olarak muhafaza edildi. NOK petrol fiyatlarındaki düşüşle baskı altında. TRY carry trade devam ediyor ama enflasyon riskleri büyüyor. (Ref: 'BoJ July rate hike surprised markets')","ECB-Fed faiz farkı EUR lehine gelişiyor. BoJ şahin dönüşü yen'i destekliyor. Skandinav paraları karışık sinyal veriyor. (Ref: 'policy divergence continues to favor EUR')","1. ECB-Fed faiz farkı daralacak 2. BoJ normalleşme devam edecek 3. Petrol fiyatları düşük kalacak 4. TRY carry trade cazip kalacak","1. EUR Bölgesi büyüme yavaşlaması (Ref: 'downside risks to eurozone growth') 2. BoJ çok hızlı sıkılaştırma 3. Ortadoğu jeopolitik riskleri","1. ECB-Fed farkı → ✅ Daralma devam etti 2. BoJ normalleşme → ✅ Devam 3. Petrol düşük → ✅ Ağustos'ta düşük kaldı 4. TRY carry → ✅ Devam (Ref: Ağustos raporu 'carry trade remains attractive but risks building')","EUR/USD +1M: +0 pip (0.00%); EUR/SEK +1M: +300 pip (0.27%); EUR/NOK +1M: +0 pip (0.00%); EUR/DKK +1M: +43 pip (0.06%); EUR/GBP +1M: -100 pip (-1.15%); EUR/JPY +1M: -100 pip (-0.58%); EUR/CHF +1M: +100 pip (1.08%); EUR/PLN +1M: -600 pip (-1.40%); EUR/HUF +1M: -60000 pip (-1.50%); EUR/CZK +1M: -2000 pip (-0.81%); EUR/TRY +1M: -2000 pip (-0.42%); EUR/CNY +1M: -200 pip (-0.24%)",""
"2025-08-19","Danske Bank","Kristoffer Kjær Lomholt, Jens Nærvig Pedersen, Kirstine Kundby-Nielsen, Mohamad Al-Saraf, Allan von Mehren, Stefan Mellin","PDF","FX Forecast Update Aug 2025","Ağustos 2025 güncellemesi. ABD resesyon riskleri sınırlı kaldı, risk iştahı toparlandı. BoE ilk faiz indirimi GBP'yi baskıladı. EUR/USD 1.23 hedefi korundu. TRY programına güvenilirlik soruları artıyor. (Ref: 'US recession fears faded as data improved')","Dolar zayıf ama resesyon korkuları hafifliyor. BoE indirimleri GBP'yi zayıflatacak. yen güçlenme trendi sürüyor. (Ref: 'BoE August cut marks the start of an easing cycle')","1. ABD yumuşak iniş gerçekleşecek 2. BoE kademeli indirime devam edecek 3. BoJ normalleşme sürecek 4. TCMB programı sürdürülebilir kalacak","1. ABD enflasyonun yeniden yükselmesi 2. Çin ekonomik yavaşlama derinleşmesi 3. BoJ çok hızlı sıkılaştırma risk yaratabili","1. Yumuşak iniş → ✅ Eylül verileri destekledi 2. BoE indirim → ✅ Devam etti 3. BoJ normalleşme → ✅ Devam 4. TCMB → ✅ Program sürdü","EUR/USD +1M: +100 pip (0.85%); EUR/SEK +1M: -700 pip (-0.63%); EUR/NOK +1M: -3400 pip (-2.83%); EUR/DKK +1M: +41 pip (0.05%); EUR/GBP +1M: +0 pip (0.00%); EUR/JPY +1M: +300 pip (1.75%); EUR/CHF +1M: +0 pip (0.00%); EUR/PLN +1M: -400 pip (-0.93%); EUR/HUF +1M: -110000 pip (-2.75%); EUR/CZK +1M: -2000 pip (-0.82%); EUR/TRY +1M: +2000 pip (0.41%); EUR/CNY +1M: -300 pip (-0.36%); USD/JPY +1M: +500 pip (3.42%); USD/CAD +1M: +200 pip (1.45%); USD/CNY +1M: -600 pip (-0.84%)",""
"2025-09-19","Danske Bank","Kristoffer Kjær Lomholt, Jens Nærvig Pedersen, Kirstine Kundby-Nielsen, Mohamad Al-Saraf, Allan von Mehren, Stefan Mellin","PDF","FX Forecast Update Sep 2025","Eylül 2025 güncellemesi. Fed'in ilk faiz indirimine yaklaştığı dönem. EUR/USD 1.23 hedefi korundu. Norges Bank faiz indirimine başladı. yen güçlenmeye devam ediyor. Polonya enflasyonu yükseldi, PLN kararsız. (Ref: 'Fed first cut is now imminent')","Fed indirimi EUR lehine. CEE'de karışık sinyaller: PLN güçlü ama HUF zayıf. TRY carry trade cazibesi azalmaya başladı. (Ref: 'CEE differentiation remains the theme')","1. Fed Eylül'de indirecek 2. Norges Bank indirimlere devam edecek 3. Polonya enflasyonu kontrol altına alınacak 4. jeopolitik riskler sınırlı kalacak","1. ABD seçim belirsizliği (Ref: 'US election uncertainty could drive volatility') 2. Ortadoğu gerilim tırmanması 3. Çin'de deflasyon riski","1. Fed indirim → ✅ Ekim'de gerçekleşti 2. Norges Bank → ✅ Devam etti 3. Polonya enflasyon → ⚠️ Kısmen, hala yüksek 4. Jeopolitik → ✅ Sınırlı kaldı (Ref: Ekim raporu)","EUR/USD +1M: -100 pip (-0.85%); EUR/SEK +1M: -300 pip (-0.27%); EUR/NOK +1M: +1100 pip (0.95%); EUR/DKK +1M: +85 pip (0.11%); EUR/GBP +1M: +0 pip (0.00%); EUR/JPY +1M: +400 pip (2.34%); EUR/CHF +1M: -100 pip (-1.08%); EUR/PLN +1M: -600 pip (-1.40%); EUR/HUF +1M: +30000 pip (0.77%); EUR/CZK +1M: -2000 pip (-0.82%); EUR/TRY +1M: +1000 pip (0.20%); EUR/CNY +1M: -800 pip (-0.96%)",""
"2025-10-20","Danske Bank","Kristoffer Kjær Lomholt, Jens Nærvig Pedersen, Kirstine Kundby-Nielsen, Mohamad Al-Saraf, Allan von Mehren, Stefan Mellin","PDF","FX Forecast Update Oct 2025","Ekim 2025 güncellemesi. ABD seçim belirsizliği piyasaları etkiliyor. EUR/USD kısa vadede 1.15'e düşme riski, uzun vadede 1.22 hedefi. BoJ temkinli normalleşme devam ediyor. Petrol rallisi NOK'u destekledi. (Ref: 'election uncertainty drives short-term USD strength')","Seçim sonucu belirleyici; Trump zaferi USD'yi güçlendirebilir ama yapısal bozulma uzun vadede EUR lehine. (Ref: 'a Trump victory could temporarily boost USD before structural factors reassert')","1. ABD seçimi piyasa volatilitesi yaratacak 2. Fed indirim yolunda kalacak 3. BoJ temkinli kalacak 4. Petrol yüksek kalacak","1. Trump'ın agresif tarife politikası (Ref: 'tariff risks could strengthen USD significantly') 2. Çin deflasyon riski 3. Ortadoğu petrol şoku","1. Seçim volatilite → ✅ Trump kazandı, dolar sertçe güçlendi 2. Fed indirim → ✅ Kasım'da indirim yapıldı 3. BoJ temkinli → ✅ 4. Petrol yüksek → ⚠️ Dalgalı (Ref: Kasım raporu 'Trump victory drove sharp USD rally')","EUR/USD +1M: +100 pip (0.87%); EUR/SEK +1M: +0 pip (0.00%); EUR/NOK +1M: +500 pip (0.43%); EUR/DKK +1M: +10 pip (0.01%); EUR/GBP +1M: +100 pip (1.15%); EUR/JPY +1M: +1000 pip (5.88%); EUR/CHF +1M: +0 pip (0.00%); EUR/PLN +1M: -500 pip (-1.17%); EUR/HUF +1M: -80000 pip (-2.04%); EUR/CZK +1M: +1000 pip (0.41%); EUR/TRY +1M: -4000 pip (-0.81%); EUR/CNY +1M: +800 pip (0.98%); USD/JPY +1M: +900 pip (6.08%); USD/CAD +1M: -200 pip (-1.43%); USD/CNY +1M: -800 pip (-1.12%)",""
"2025-11-18","Danske Bank","Kristoffer Kjær Lomholt, Jens Nærvig Pedersen, Kirstine Kundby-Nielsen, Mohamad Al-Saraf, Allan von Mehren, Stefan Mellin","PDF","FX Forecast Update Nov 2025","Kasım 2025 güncellemesi. Trump seçim zaferi piyasaları sarstı, dolar sert güçlendi. EUR/USD kısa vadede 1.15'e düştü ama 12M hedefi 1.22. Tarife riskleri dolar güçlenmesini destekliyor. Savaş riskleri CHF ve JPY'yi destekliyor. (Ref: 'Trump election drove USD higher across the board')","Trump dönemi USD güçlü başlıyor ama yapısal zayıflama eğilimi korunuyor. Tarife şokları geçici dolar desteği sağlıyor. (Ref: 'structural USD weakness thesis remains intact despite election shock')","1. Trump tarifeleri agresif ama müzakereyle yumuşatılacak 2. Fed indirim yolunda 3. AB ekonomisi toparlanacak 4. BoJ normalleşme sürecek","1. Trump'ın tam kapsamlı ticaret savaşı (Ref: 'risk of full-blown trade war') 2. AB resesyon riski 3. Jeopolitik gerginlik CHF/JPY akışları","1. Tarife yumuşaması → ❌ Tarife şoku geldi Şubat'ta 2. Fed indirim → ✅ Devam 3. AB toparlanma → ⚠️ Kısmen 4. BoJ → ✅ Ocak'ta faiz artırdı (Ref: Aralık raporu)","EUR/USD +1M: +200 pip (1.74%); EUR/SEK +1M: -1000 pip (-0.91%); EUR/NOK +1M: +1300 pip (1.10%); EUR/DKK +1M: +87 pip (0.12%); EUR/GBP +1M: +0 pip (0.00%); EUR/JPY +1M: +600 pip (3.37%); EUR/CHF +1M: +100 pip (1.09%); EUR/PLN +1M: -900 pip (-2.09%); EUR/HUF +1M: -30000 pip (-0.77%); EUR/CZK +1M: +2000 pip (0.83%); EUR/TRY +1M: +7000 pip (1.41%); EUR/CNY +1M: +800 pip (0.98%)",""
"2025-12-19","Danske Bank","Kristoffer Kjær Lomholt, Jens Nærvig Pedersen, Kirstine Kundby-Nielsen, Mohamad Al-Saraf, Allan von Mehren, Stefan Mellin","PDF","FX Forecast Update Dec 2025","Aralık 2025 güncellemesi. ECB faiz indirdi, SNB sürpriz indirim yaptı. EUR/USD 1.23 hedefi muhafaza. SEK hedefi 11.10'a düşürüldü. Trump gümrük vergileri CAD'ı tehdit ediyor. yen stabil ama BoJ Aralık'ta değişiklik yapmadı. (Ref: 'SNB surprised with a deeper rate cut')","ECB gevşetmeye devam ederken Fed yavaşlıyor; bu fark EUR lehine kapanacak. SNB agresif gevşeme CHF'yi zayıflatıyor. (Ref: 'ECB-Fed divergence will narrow')","1. ECB ve Fed fark daralacak 2. SNB gevşemeye devam edecek 3. Trump tarifeleri Kanada'yı vuracak 4. BoJ Ocak'ta artıracak","1. Küresel büyüme yavaşlaması 2. ABD-Çin ticaret savaşı tırmanması 3. AB siyasi istikrarsızlık","1. ECB-Fed fark → ✅ Devam etti 2. SNB gevşeme → ✅ 3. Trump Kanada → ✅ Tarife tehdidi gerçekleşti 4. BoJ Ocak artış → ✅ (Ref: Ocak raporu 'BoJ raised rates as expected')","EUR/USD +1M: -100 pip (-0.85%); EUR/SEK +1M: -1700 pip (-1.56%); EUR/NOK +1M: -1700 pip (-1.43%); EUR/DKK +1M: +69 pip (0.09%); EUR/GBP +1M: -100 pip (-1.14%); EUR/JPY +1M: +300 pip (1.66%); EUR/CHF +1M: +100 pip (1.09%); EUR/PLN +1M: +300 pip (0.71%); EUR/HUF +1M: -40000 pip (-1.03%); EUR/CZK +1M: -1000 pip (-0.41%); EUR/TRY +1M: -5000 pip (-0.98%); EUR/CNY +1M: -1500 pip (-1.82%); USD/JPY +1M: +300 pip (1.94%); USD/CAD +1M: +100 pip (0.72%); USD/CNY +1M: -800 pip (-1.14%)",""
"2026-01-19","Danske Bank","Kristoffer Kjær Lomholt, Jens Nærvig Pedersen, Kirstine Kundby-Nielsen, Mohamad Al-Saraf, Allan von Mehren, Stefan Mellin","PDF","FX Forecast Update Jan 2026","Ocak 2026 güncellemesi. Trump göreve başladı, agresif tarife tehditleri piyasaları sarstı. BoJ faiz artırdı, yen güçlendi. EUR/USD 1.23 hedefi korundu. TRY carry trade hala cazip ama TCMB faiz indirimi başladı. CNY'de tarife baskısı artıyor. (Ref: 'Trump inauguration brings tariff uncertainty')","Trump dönemi başladı; kısa vadede dolar güçlü ama yapısal zayıflama tezi sürüyor. BoJ normalleşme yen lehine çalışıyor. (Ref: 'tariffs support USD near-term, but structural weigh')","1. Trump tarifeleri kademeli uygulanacak 2. BoJ sıkılaştırmaya devam 3. TCMB kontrollü gevşeme 4. Çin teşvikleri yuan'ı destekleyecek","1. Trump tarifeleri beklentilerin ötesinde olabilir 2. TCMB çok hızlı gevşerse TRY çöker 3. Çin-ABD tam ticaret savaşı","1. Kademeli tarife → ❌ Şubat'ta sert tarife şoku geldi 2. BoJ sıkılaştırma → ✅ Devam 3. TCMB kontrollü → ⚠️ Devam ama baskı altında 4. Çin teşvik → ⚠️ Yetersiz (Ref: Şubat raporu)","EUR/USD +1M: +200 pip (1.71%); EUR/SEK +1M: -2000 pip (-1.85%); EUR/NOK +1M: -5400 pip (-4.58%); EUR/DKK +1M: +8 pip (0.01%); EUR/GBP +1M: +0 pip (0.00%); EUR/JPY +1M: -200 pip (-1.09%); EUR/CHF +1M: -100 pip (-1.09%); EUR/PLN +1M: +100 pip (0.24%); EUR/HUF +1M: -130000 pip (-3.33%); EUR/CZK +1M: +0 pip (0.00%); EUR/TRY +1M: +4000 pip (0.78%); EUR/CNY +1M: +500 pip (0.61%); USD/JPY +1M: -300 pip (-1.91%); USD/CAD +1M: -300 pip (-2.16%); USD/CNY +1M: -700 pip (-1.00%)",""
"2026-02-16","Danske Bank","Kristoffer Kjær Lomholt, Jens Nærvig Pedersen, Kirstine Kundby-Nielsen, Mohamad Al-Saraf, Allan von Mehren, Stefan Mellin","PDF","FX Forecast Update Feb 2026","Şubat 2026 güncellemesi. ABD Anayasa Mahkemesi tarife iptal kararı verdi. EUR/USD 1.25'e yükseltildi. Petrol sert yükseldi, NOK güçlendi. TRY carry trade cazibesi azalıyor. CHF güvenli liman talebi artıyor. (Ref: 'US Supreme Court tariff ruling creates major uncertainty')","Tarife iptalinin yarattığı ABD siyasi kaos doları zayıflatıyor. EUR 1.25 hedefine yükseltildi. Petrol yükselişi NOK'u destekliyor ama jeopolitik riskler artıyor. (Ref: 'EUR/USD target raised to 1.25 on US political chaos')","1. ABD siyasi belirsizlik sürecek 2. Petrol fiyatları yüksek kalacak 3. Fed indirimlere devam 4. İran-ABdD gerilim sınırlı kalacak","1. İran savaşı petrol şoku yaratabilir 2. ABD ekonomik resesyon riski artıyor 3. Küresel likidite krizi (Ref: 'Iran conflict could trigger oil price shock')","1. ABD belirsizlik → ✅ Devam etti 2. Petrol yüksek → ✅ Savaşla sert yükseldi 3. Fed indirim → ✅ Devam 4. İran sınırlı → ❌ Savaş çıktı (Ref: Mart raporu 'Iran conflict escalated beyond expectations')","EUR/USD +1M: -300 pip (-2.52%); EUR/SEK +1M: +500 pip (0.47%); EUR/NOK +1M: -3100 pip (-2.74%); EUR/DKK +1M: +13 pip (0.02%); EUR/GBP +1M: -100 pip (-1.15%); EUR/JPY +1M: +100 pip (0.55%); EUR/CHF +1M: +0 pip (0.00%); EUR/PLN +1M: +700 pip (1.67%); EUR/HUF +1M: +110000 pip (2.89%); EUR/CZK +1M: +2000 pip (0.82%); EUR/TRY +1M: -15000 pip (-2.84%); EUR/CNY +1M: -2200 pip (-2.69%); USD/JPY +1M: +500 pip (3.27%); USD/CAD +1M: +100 pip (0.74%); USD/CNY +1M: +0 pip (0.00%)",""
"2026-03-20","Danske Bank","Kristoffer Kjær Lomholt, Jens Nærvig Pedersen, Kirstine Kundby-Nielsen, Mohamad Al-Saraf, Allan von Mehren, Stefan Mellin","PDF","FX Forecast Update Mar 2026","Mart 2026 güncellemesi. İran savaşı piyasaları sarsıyor. EUR/USD kısa vadede 1.12'ye düşüş, 12M'da 1.22 hedefi. Petrol şoku NOK'u güçlendirdi (EUR/NOK 10.99). Yen güvenli liman olarak güçlendi. TRY TCMB altın satışlarına rağmen baskıda. CNY Çin'in yuan bölgesi politikasıyla güçleniyor. (Ref: 'Iran conflict reshapes FX landscape')","Savaş ortamında güvenli limanlar JPY ve CHF güçleniyor. Petrol şoku NOK lehine, TRY ve CEE aleyhine. EUR/USD savaş gerilim azaldığında 1.22'ye dönecek. (Ref: 'safe haven demand dominates near-term')","1. Savaş 6 ay içinde sona erecek 2. Petrol fiyatları yüksek kalacak 3. Fed jeopolitik riskle indirime hız verecek 4. Çin yuan bölgesi genişleyecek","1. Savaşın uzaması (Ref: 'prolonged conflict is the main risk') 2. Petrol ambargo 3. Küresel resesyon 4. ABD finansal kriz","⏳ Son rapor — değerlendirilemez","Henüz vade dolmamış",""
"2023-08-15","ICBC Yatırım","ICBC Araştırma Ekibi","PDF","Model Portföy Ağustos 2023","ICBC Yatırım'ın Ağustos 2023 model portföy raporu. 14 hisselik seçim listesi. FROTO (1200 TL), PGSUS (1150 TL), THYAO (300 TL) en yüksek potansiyelli hisseler. Bankacılık sektöründen AKBNK ve YKBNK yer alıyor.","BIST'te yükseliş trendi devam ediyor. Ulaştırma ve tüketim sektörleri öne çıkıyor. FROTO ve PGSUS en yüksek getiri potansiyeli sunuyor.","1. BIST yükseliş trendi sürecek 2. Turizm sezonu güçlü olacak 3. Faiz ortamı hisseleri destekleyecek","1. TL değer kaybı riski 2. Küresel risk iştahı azalması 3. Faiz artışı olasılığı","1. BIST yükseliş → ✅ Devam etti 2. Turizm güçlü → ✅ 3. Faiz desteği → ✅ (Ref: Eylül raporu portföy devam)","Henüz vade dolmamış",""
"2023-09-15","ICBC Yatırım","ICBC Araştırma Ekibi","PDF","Model Portföy Eylül 2023","Eylül 2023 model portföy güncellemesi. 13 hisse ile devam. ISCTR çıkarıldı. Hedef fiyatlar korundu. FROTO ve PGSUS en yüksek potansiyelli hisseler olmaya devam ediyor.","Portföy küçük revize ile devam. Bankacılık sektörü pozisyonu azaltıldı. Büyüme hisseleri ağırlığı korundu.","1. BIST rallisi devam edecek 2. Bankacılık sektöründe kar baskısı 3. Tüketim hisseleri güçlü kalacak","1. Küresel durgunluk riski 2. Faiz artışı baskısı 3. Jeopolitik riskler","1. BIST ralli → ✅ Devam 2. Bankacılık baskısı → ⚠️ Kısmen, sektör toparlandı 3. Tüketim güçlü → ✅ (Ref: Ekim raporu)","Henüz vade dolmamış",""
"2023-10-01","ICBC Yatırım","ICBC Araştırma Ekibi","PDF","Model Portföy Ekim 2023 (1)","Ekim 2023 ilk güncelleme. 10 hisseye daraltıldı. BIST100 hedefi 10,000. CCOLA hedefi 550 TL'ye, FROTO 1250 TL'ye yükseltildi. MGROS 500 TL ile portföye eklendi.","Portföy konsantre edildi. BIST100 10,000 hedefi belirlendi. Tüketim ve ulaştırma ağırlığı artırıldı.","1. BIST100 10,000'i görecek 2. Tüketim hisseleri outperform edecek 3. CCOLA ve FROTO büyüme hikayesi devam","1. Enflasyon yeniden yükselme riski 2. TL zayıflaması 3. Küresel risk ortamı","1. BIST 10K → ✅ 10,000'i aştı 2. Tüketim outperform → ✅ 3. CCOLA/FROTO büyüme → ✅ (Ref: Ekim 2. rapor)","Henüz vade dolmamış",""
"2023-10-15","ICBC Yatırım","ICBC Araştırma Ekibi","PDF","Model Portföy Ekim 2023 (2)","Ekim 2023 ikinci güncelleme. AEFES 140 TL hedefle portföye eklendi, 11 hisseye çıkıldı. Diğer hedefler korundu.","AEFES Rusya operasyonu değerlemesi cazip. Diğer pozisyonlar korundu.","1. AEFES Rusya operasyonları değer kazanacak 2. BIST rallisi devam edecek","1. AEFES Rusya riski 2. Küresel likidite sıkılaşması","1. AEFES Rusya → ⚠️ Rusya riski sonradan sorun oldu (Ref: 2024 rapor AEFES çıkarıldı) 2. BIST ralli → ✅ (Ref: Haziran 2024 raporu)","Henüz vade dolmamış",""
"2024-06-15","ICBC Yatırım","ICBC Araştırma Ekibi","PDF","Model Portföy Haziran 2024","Haziran 2024 model portföy. 12 hisse. BIST100 hedefi 14,000. KCHOL (300 TL) eklendi. AEFES hedefi 300 TL, CCOLA 1100 TL, TCELL 165 TL. Tüm hisselerde yüksek getiri potansiyeli.","BIST'te güçlü yükseliş devam ediyor. Büyüme hisseleri ve holdingler ön planda. BIST100 14,000 hedefi.","1. BIST100 14,000'e yükselecek 2. Dezenflasyon süreci devam edecek 3. Yabancı yatırımcı girişi artacak","1. Enflasyonda geri adım riski 2. Küresel risk iştahı düşüşü 3. Cari açık baskısı","1. BIST 14K → ❌ Gerçekleşmedi, endeks 12K civarında kaldı 2. Dezenflasyon → ✅ Devam etti 3. Yabancı girişi → ✅ Arttı (Ref: Ekim 2024 raporu)","Henüz vade dolmamış",""
"2024-10-22","ICBC Yatırım","ICBC Araştırma Ekibi","PDF","Model Portföy Ekim 2024","Ekim 2024 model portföy. 14 hisse. BIST100 hedefi 12,500'e düşürüldü. TSKB (17 TL), VAKBN (34 TL), TAVHL (330 TL), ULKER (190 TL) eklendi. AEFES korundu ama sonraki raporda çıkarılacak.","BIST100 hedefi düşürüldü; değerleme çarpanları yeniden hesaplandı. Banka hisseleri ağırlığı artırıldı. Savunma sektörü (TAVHL) eklendi.","1. BIST100 12,500 olacak 2. Bankacılık NIM'leri iyileşecek 3. ULKER büyüme hikayesi 4. AEFES Rusya sorunu çözülecek","1. AEFES Rusya varlık kaybı (Ref: raporda AEFES Rusya operasyonu riski belirtildi) 2. Faiz baskısı 3. TL değer kaybı","1. BIST 12.5K → ⚠️ Endeks dalgalı, tam ulaşamadı 2. Bankacılık NIM → ✅ İyileşme 3. ULKER büyüme → ❌ Hisse düştü 4. AEFES Rusya → ❌ Sorun çözülmedi, AEFES çıkarıldı (Ref: Aralık 2024 raporu)","Henüz vade dolmamış",""
"2024-12-31","ICBC Yatırım","ICBC Araştırma Ekibi","PDF","Model Portföy Aralık 2024","Aralık 2024 model portföy. AEFES çıkarıldı (Rusya sorunu). 13 hisse. Hedefler büyük ölçüde korundu. MGROS hedefi 735 TL'ye yükseltildi.","AEFES Rusya riski nedeniyle çıkarıldı. Portföy defansif tarafa kaydı. MGROS güçlü büyüme beklentisi.","1. AEFES Rusya riski artacak 2. Perakende sektörü güçlü kalacak 3. BIST 12,500 hedefi korunacak","1. Küresel resesyon riski 2. Faiz baskısı devam edecek 3. Jeopolitik riskler","1. AEFES Rusya → ✅ Doğru karar, hisse düştü 2. Perakende güçlü → ✅ BIMAS ve MGROS iyi performans 3. BIST 12.5K → ⚠️ Dalgalı (Ref: Ocak 2025 Strateji raporu)","Henüz vade dolmamış",""
"2025-01-22","ICBC Yatırım","ICBC Araştırma Ekibi","PDF","2025 Strateji Raporu Ocak 2025","2025 Strateji Raporu (28 sayfa). Kapsamlı makroekonomik analiz: GSYH 2025T: %2.8, TÜFE: %28, USD/TRY: 42.69, TCMB faiz: %30. 14 hisselik model portföy. GARAN ve PGSUS eklendi, VAKBN çıkarıldı. BIST100 12,500 hedefi.","2025'te dezenflasyon süreci devam edecek. TCMB faiz indirecek. Bankacılık sektörü NIM baskısı görecek ama büyüme telafi edecek. Ulaştırma ve tüketim sektörleri ön planda.","1. GSYH %2.8 büyüme 2. Enflasyon %28'e düşecek 3. USD/TRY 42.69 olacak 4. TCMB faizi %30'a indirecek 5. Yabancı girişi artacak","1. Enflasyonda geri adım 2. Küresel resesyon 3. Cari açık finansmanı 4. Jeopolitik riskler (Ref: raporda detaylı risk matrisi)","1. GSYH %2.8 → ⏳ Henüz tamamlanmadı 2. Enflasyon %28 → ⏳ Devam ediyor 3. USD/TRY 42.69 → ❌ Daha yüksek seyretti (Ref: Temmuz 2025 raporu) 4. TCMB %30 → ⚠️ Süreç devam 5. Yabancı girişi → ✅ (Ref: Temmuz 2025 'yabancı alımları güçlü')","Henüz vade dolmamış",""
"2025-07-25","ICBC Yatırım","ICBC Araştırma Ekibi","PDF","Model Portföy Temmuz 2025","Temmuz 2025 model portföy. 11 hisse. BIST100 hedefi 13,500'e yükseltildi (%27 potansiyel). FROTO, MAVI, TAVHL, TSKB, ULKER çıkarıldı. ISCTR ve SAHOL eklendi. Büyük revizyonlar yapıldı.","BIST 13,500 hedefine yükseltildi. Holding hisseleri (KCHOL, SAHOL) ağırlığı artırıldı. Bankacılık sektörü genişletildi (ISCTR eklendi).","1. BIST100 13,500'e yükselecek 2. Holdingler iskonto kapanacak 3. SAHOL güçlü büyüme gösterecek 4. ISCTR düşük değerlemeden yükselecek","1. Küresel resesyon riski 2. TL değer kaybı 3. Jeopolitik riskler","1. BIST 13.5K → ⚠️ Dalgalı seyir 2. Holdingler → ✅ İskonto daraldı 3. SAHOL güçlü → ⚠️ Karışık 4. ISCTR → ❌ Düştü (Ref: Ekim 2025 raporu ISCTR çıkarıldı)","Henüz vade dolmamış",""
"2025-10-02","ICBC Yatırım","ICBC Araştırma Ekibi","PDF","Model Portföy Ekim 2025","Ekim 2025 model portföy. 9 hisseye daraltıldı. ISCTR ve TCELL çıkarıldı. Hedefler korundu. PGSUS 375 TL'ye düşürüldü.","Portföy daraltıldı, konsantrasyon artırıldı. PGSUS jeopolitik riskle hedefi düşürüldü.","1. Konsantre portföy outperform edecek 2. PGSUS toparlanacak 3. BIST 13,500 yaklaşacak","1. Jeopolitik riskler (turizm) 2. Döviz kuru baskısı 3. Faiz ortamı","1. Konsantre portföy → ⚠️ Kısmen 2. PGSUS → ❌ Jeopolitik hala baskıda 3. BIST → ⚠️ Dalgalı (Ref: Ocak 2026 Strateji raporu)","Henüz vade dolmamış",""
"2026-01-22","ICBC Yatırım","ICBC Araştırma Ekibi","PDF","2026 Strateji Raporu Ocak 2026","2026 Strateji Raporu (39 sayfa). Kapsamlı makro analiz: GSYH 2026T: %3.8, TÜFE: %24, USD/TRY: 52.00, TCMB faiz: %29, EUR/USD: 1.19. 8 hisselik model portföy. BIST100 15,000 hedefi. Geniş kapsam listesiyle birçok hissede hedef güncellendi.","2026'da dezenflasyon hızlanacak, TCMB indirimleri sürecek. BIST100 15,000 hedefi. Büyüme hisseleri ve bankalar ön planda. CCOLA NÖTR'e düşürüldü.","1. GSYH %3.8 büyüme 2. Enflasyon %24'e düşecek 3. USD/TRY 52.00 4. TCMB faizi %29 5. BIST100 15,000 6. Yabancı giriş devam","1. Enflasyonda geri adım 2. USD/TRY beklentilerin üzerine çıkabilir 3. Küresel resesyon 4. İran-ABD savaşı riski (Ref: raporda jeopolitik risk bölümü)","1-5 → ⏳ Henüz yıl ortasına gelinmedi 6. Yabancı giriş → ✅ Devam (Ref: Mart 2026 raporu 'yabancı alımları sürdü')","Henüz vade dolmamış",""
"2026-03-12","ICBC Yatırım","ICBC Araştırma Ekibi","PDF","Model Portföy Mart 2026","Mart 2026 model portföy. 9 hisse. PGSUS çıkarıldı (jeopolitik). TSKB (19 TL, %55 potansiyel) ve DOHOL (28 TL) eklendi. BIMAS hedefi 950 TL'ye, MGROS 850 TL'ye, KCHOL 285 TL'ye yükseltildi. BIST100 15,000 hedefi korundu.","Savaş ortamında PGSUS çıkarıldı, iç piyasa odaklı hisseler ağırlığı artırıldı. BIMAS ve MGROS perakende büyüme hikayesi güçlü. TSKB ile kalkınma bankacılığına yatırım.","1. İran savaşı turizmi olumsuz etkileyecek 2. Perakende sektörü dirençli kalacak 3. BIST100 15,000 hedefi ulaşılabilir 4. TSKB kalkınma projelerinden faydalanacak","1. Savaşın uzaması 2. TL değer kaybı 3. Enflasyon baskısı 4. Küresel resesyon","⏳ Son rapor — değerlendirilemez","Henüz vade dolmamış",""
"2026-04-01","Deniz Yatırım","Deniz Yatırım Araştırma","PDF","Günlük Bülten 01-04-2026","Deniz Yatırım 2026-04-01 tarihli günlük bülten. BIST100 teknik analizi (destek: 12600-12780, direnç: 12900-13050), model portföy (11 hisse), sektörel değerlendirme ve piyasa verileri. USD/TRY, EUR/TRY, altın ve petrol verileri yer alıyor.","BIST100 yükseliş trendi devam bekleniyor. Model portföyde HTTBT (%108), TABGD (%58), YKBNK (%64), KLKIM (%64) en yüksek potansiyelli hisseler. Savunma (TAVHL) ve holding (KCHOL) ağırlığı korunuyor.","1. BIST100 12600 desteği üzerinde kalacak 2. Model portföy outperform edecek 3. Yabancı girişi BIST'i destekleyecek","1. İran savaşının derinleşmesi 2. TL değer kaybı baskısı 3. TCMB faiz kararı belirsizliği 4. Küresel risk iştahı düşüşü","1. Destek seviyesi → ✅ BIST 12600 üzerinde kaldı 2. Model portföy → ✅ Outperform devam 3. Yabancı girişi → ✅ Devam (Ref: Günlük Bülten 02-04-2026)","Henüz vade dolmamış",""
"2026-04-02","Deniz Yatırım","Deniz Yatırım Araştırma","PDF","Günlük Bülten 02-04-2026","Deniz Yatırım 2026-04-02 tarihli günlük bülten. BIST100 teknik analizi (destek: 12600-12780, direnç: 12900-13050), model portföy (11 hisse), sektörel değerlendirme ve piyasa verileri. USD/TRY, EUR/TRY, altın ve petrol verileri yer alıyor.","BIST100 yükseliş trendi devam bekleniyor. Model portföyde HTTBT (%108), TABGD (%58), YKBNK (%64), KLKIM (%64) en yüksek potansiyelli hisseler. Savunma (TAVHL) ve holding (KCHOL) ağırlığı korunuyor.","1. BIST100 12600 desteği üzerinde kalacak 2. Model portföy outperform edecek 3. Yabancı girişi BIST'i destekleyecek","1. İran savaşının derinleşmesi 2. TL değer kaybı baskısı 3. TCMB faiz kararı belirsizliği 4. Küresel risk iştahı düşüşü","1. Destek seviyesi → ✅ BIST 12600 üzerinde kaldı 2. Model portföy → ✅ Outperform devam 3. Yabancı girişi → ✅ Devam (Ref: Günlük Bülten 03-04-2026)","Bülten başına hesaplanmadı (model portföy hedefleri 01-04 referans)",""
"2026-04-03","Deniz Yatırım","Deniz Yatırım Araştırma","PDF","Günlük Bülten 03-04-2026","Deniz Yatırım 2026-04-03 tarihli günlük bülten. BIST100 teknik analizi (destek: 12600-12780, direnç: 12900-13050), model portföy (11 hisse), sektörel değerlendirme ve piyasa verileri. USD/TRY, EUR/TRY, altın ve petrol verileri yer alıyor.","BIST100 yükseliş trendi devam bekleniyor. Model portföyde HTTBT (%108), TABGD (%58), YKBNK (%64), KLKIM (%64) en yüksek potansiyelli hisseler. Savunma (TAVHL) ve holding (KCHOL) ağırlığı korunuyor.","1. BIST100 12600 desteği üzerinde kalacak 2. Model portföy outperform edecek 3. Yabancı girişi BIST'i destekleyecek","1. İran savaşının derinleşmesi 2. TL değer kaybı baskısı 3. TCMB faiz kararı belirsizliği 4. Küresel risk iştahı düşüşü","1. Destek seviyesi → ✅ BIST 12600 üzerinde kaldı 2. Model portföy → ✅ Outperform devam 3. Yabancı girişi → ✅ Devam (Ref: Günlük Bülten 04-04-2026)","Bülten başına hesaplanmadı (model portföy hedefleri 01-04 referans)",""
"2026-04-04","Deniz Yatırım","Deniz Yatırım Araştırma","PDF","Günlük Bülten 04-04-2026","Deniz Yatırım 2026-04-04 tarihli günlük bülten. BIST100 teknik analizi (destek: 12600-12780, direnç: 12900-13050), model portföy (11 hisse), sektörel değerlendirme ve piyasa verileri. USD/TRY, EUR/TRY, altın ve petrol verileri yer alıyor.","BIST100 yükseliş trendi devam bekleniyor. Model portföyde HTTBT (%108), TABGD (%58), YKBNK (%64), KLKIM (%64) en yüksek potansiyelli hisseler. Savunma (TAVHL) ve holding (KCHOL) ağırlığı korunuyor.","1. BIST100 12600 desteği üzerinde kalacak 2. Model portföy outperform edecek 3. Yabancı girişi BIST'i destekleyecek","1. İran savaşının derinleşmesi 2. TL değer kaybı baskısı 3. TCMB faiz kararı belirsizliği 4. Küresel risk iştahı düşüşü","1. Destek seviyesi → ✅ BIST 12600 üzerinde kaldı 2. Model portföy → ✅ Outperform devam 3. Yabancı girişi → ✅ Devam (Ref: Günlük Bülten 07-04-2026)","Bülten başına hesaplanmadı (model portföy hedefleri 01-04 referans)",""
"2026-04-07","Deniz Yatırım","Deniz Yatırım Araştırma","PDF","Günlük Bülten 07-04-2026","Deniz Yatırım 2026-04-07 tarihli günlük bülten. BIST100 teknik analizi (destek: 12600-12780, direnç: 12900-13050), model portföy (11 hisse), sektörel değerlendirme ve piyasa verileri. USD/TRY, EUR/TRY, altın ve petrol verileri yer alıyor.","BIST100 yükseliş trendi devam bekleniyor. Model portföyde HTTBT (%108), TABGD (%58), YKBNK (%64), KLKIM (%64) en yüksek potansiyelli hisseler. Savunma (TAVHL) ve holding (KCHOL) ağırlığı korunuyor.","1. BIST100 12600 desteği üzerinde kalacak 2. Model portföy outperform edecek 3. Yabancı girişi BIST'i destekleyecek","1. İran savaşının derinleşmesi 2. TL değer kaybı baskısı 3. TCMB faiz kararı belirsizliği 4. Küresel risk iştahı düşüşü","1. Destek seviyesi → ✅ BIST 12600 üzerinde kaldı 2. Model portföy → ✅ Outperform devam 3. Yabancı girişi → ✅ Devam (Ref: Günlük Bülten 08-04-2026)","Bülten başına hesaplanmadı (model portföy hedefleri 01-04 referans)",""
"2026-04-08","Deniz Yatırım","Deniz Yatırım Araştırma","PDF","Günlük Bülten 08-04-2026","Deniz Yatırım 2026-04-08 tarihli günlük bülten. BIST100 teknik analizi (destek: 12600-12780, direnç: 12900-13050), model portföy (11 hisse), sektörel değerlendirme ve piyasa verileri. USD/TRY, EUR/TRY, altın ve petrol verileri yer alıyor.","BIST100 yükseliş trendi devam bekleniyor. Model portföyde HTTBT (%108), TABGD (%58), YKBNK (%64), KLKIM (%64) en yüksek potansiyelli hisseler. Savunma (TAVHL) ve holding (KCHOL) ağırlığı korunuyor.","1. BIST100 12600 desteği üzerinde kalacak 2. Model portföy outperform edecek 3. Yabancı girişi BIST'i destekleyecek","1. İran savaşının derinleşmesi 2. TL değer kaybı baskısı 3. TCMB faiz kararı belirsizliği 4. Küresel risk iştahı düşüşü","1. Destek seviyesi → ✅ BIST 12600 üzerinde kaldı 2. Model portföy → ✅ Outperform devam 3. Yabancı girişi → ✅ Devam (Ref: Günlük Bülten 09-04-2026)","Bülten başına hesaplanmadı (model portföy hedefleri 01-04 referans)",""
"2026-04-09","Deniz Yatırım","Deniz Yatırım Araştırma","PDF","Günlük Bülten 09-04-2026","Deniz Yatırım 2026-04-09 tarihli günlük bülten. BIST100 teknik analizi (destek: 12600-12780, direnç: 12900-13050), model portföy (11 hisse), sektörel değerlendirme ve piyasa verileri. USD/TRY, EUR/TRY, altın ve petrol verileri yer alıyor.","BIST100 yükseliş trendi devam bekleniyor. Model portföyde HTTBT (%108), TABGD (%58), YKBNK (%64), KLKIM (%64) en yüksek potansiyelli hisseler. Savunma (TAVHL) ve holding (KCHOL) ağırlığı korunuyor.","1. BIST100 12600 desteği üzerinde kalacak 2. Model portföy outperform edecek 3. Yabancı girişi BIST'i destekleyecek","1. İran savaşının derinleşmesi 2. TL değer kaybı baskısı 3. TCMB faiz kararı belirsizliği 4. Küresel risk iştahı düşüşü","1. Destek seviyesi → ✅ BIST 12600 üzerinde kaldı 2. Model portföy → ✅ Outperform devam 3. Yabancı girişi → ✅ Devam (Ref: Günlük Bülten 10-04-2026)","Bülten başına hesaplanmadı (model portföy hedefleri 01-04 referans)",""
"2026-04-10","Deniz Yatırım","Deniz Yatırım Araştırma","PDF","Günlük Bülten 10-04-2026","Deniz Yatırım 2026-04-10 tarihli günlük bülten. BIST100 teknik analizi (destek: 12600-12780, direnç: 12900-13050), model portföy (11 hisse), sektörel değerlendirme ve piyasa verileri. USD/TRY, EUR/TRY, altın ve petrol verileri yer alıyor.","BIST100 yükseliş trendi devam bekleniyor. Model portföyde HTTBT (%108), TABGD (%58), YKBNK (%64), KLKIM (%64) en yüksek potansiyelli hisseler. Savunma (TAVHL) ve holding (KCHOL) ağırlığı korunuyor.","1. BIST100 12600 desteği üzerinde kalacak 2. Model portföy outperform edecek 3. Yabancı girişi BIST'i destekleyecek","1. İran savaşının derinleşmesi 2. TL değer kaybı baskısı 3. TCMB faiz kararı belirsizliği 4. Küresel risk iştahı düşüşü","1. Destek seviyesi → ✅ BIST 12600 üzerinde kaldı 2. Model portföy → ✅ Outperform devam 3. Yabancı girişi → ✅ Devam (Ref: Günlük Bülten 11-04-2026)","Bülten başına hesaplanmadı (model portföy hedefleri 01-04 referans)",""
"2026-04-11","Deniz Yatırım","Deniz Yatırım Araştırma","PDF","Günlük Bülten 11-04-2026","Deniz Yatırım 2026-04-11 tarihli günlük bülten. BIST100 teknik analizi (destek: 12600-12780, direnç: 12900-13050), model portföy (11 hisse), sektörel değerlendirme ve piyasa verileri. USD/TRY, EUR/TRY, altın ve petrol verileri yer alıyor.","BIST100 yükseliş trendi devam bekleniyor. Model portföyde HTTBT (%108), TABGD (%58), YKBNK (%64), KLKIM (%64) en yüksek potansiyelli hisseler. Savunma (TAVHL) ve holding (KCHOL) ağırlığı korunuyor.","1. BIST100 12600 desteği üzerinde kalacak 2. Model portföy outperform edecek 3. Yabancı girişi BIST'i destekleyecek","1. İran savaşının derinleşmesi 2. TL değer kaybı baskısı 3. TCMB faiz kararı belirsizliği 4. Küresel risk iştahı düşüşü","1. Destek seviyesi → ✅ BIST 12600 üzerinde kaldı 2. Model portföy → ✅ Outperform devam 3. Yabancı girişi → ✅ Devam (Ref: Günlük Bülten 14-04-2026)","Bülten başına hesaplanmadı (model portföy hedefleri 01-04 referans)",""
"2026-04-14","Deniz Yatırım","Deniz Yatırım Araştırma","PDF","Günlük Bülten 14-04-2026","Deniz Yatırım 2026-04-14 tarihli günlük bülten. BIST100 teknik analizi (destek: 12600-12780, direnç: 12900-13050), model portföy (11 hisse), sektörel değerlendirme ve piyasa verileri. USD/TRY, EUR/TRY, altın ve petrol verileri yer alıyor.","BIST100 yükseliş trendi devam bekleniyor. Model portföyde HTTBT (%108), TABGD (%58), YKBNK (%64), KLKIM (%64) en yüksek potansiyelli hisseler. Savunma (TAVHL) ve holding (KCHOL) ağırlığı korunuyor.","1. BIST100 12600 desteği üzerinde kalacak 2. Model portföy outperform edecek 3. Yabancı girişi BIST'i destekleyecek","1. İran savaşının derinleşmesi 2. TL değer kaybı baskısı 3. TCMB faiz kararı belirsizliği 4. Küresel risk iştahı düşüşü","1. Destek seviyesi → ✅ BIST 12600 üzerinde kaldı 2. Model portföy → ✅ Outperform devam 3. Yabancı girişi → ✅ Devam (Ref: Günlük Bülten 15-04-2026)","Bülten başına hesaplanmadı (model portföy hedefleri 01-04 referans)",""
"2026-04-15","Deniz Yatırım","Deniz Yatırım Araştırma","PDF","Günlük Bülten 15-04-2026","Deniz Yatırım 2026-04-15 tarihli günlük bülten. BIST100 teknik analizi (destek: 12600-12780, direnç: 12900-13050), model portföy (11 hisse), sektörel değerlendirme ve piyasa verileri. USD/TRY, EUR/TRY, altın ve petrol verileri yer alıyor.","BIST100 yükseliş trendi devam bekleniyor. Model portföyde HTTBT (%108), TABGD (%58), YKBNK (%64), KLKIM (%64) en yüksek potansiyelli hisseler. Savunma (TAVHL) ve holding (KCHOL) ağırlığı korunuyor.","1. BIST100 12600 desteği üzerinde kalacak 2. Model portföy outperform edecek 3. Yabancı girişi BIST'i destekleyecek","1. İran savaşının derinleşmesi 2. TL değer kaybı baskısı 3. TCMB faiz kararı belirsizliği 4. Küresel risk iştahı düşüşü","⏳ Son bülten — değerlendirilemez","Bülten başına hesaplanmadı (model portföy hedefleri 01-04 referans)",""
"2026-02-21","Devrim Akyıl","Devrim Akyıl","Video","Altın, Gümüş + Bist'de Bize Sürpriz Yok!","Yabancı yatırımcılar ilk 7 haftada 13.8 milyar dolar getirdi, 11 hafta üst üste net alım yapıyorlar. BIST rallisi bu sermaye girişiyle destekleniyor. KCHOL analizi ve İş Bankası holdingleşme tartışması yapıldı.","Yabancı sermaye girişi BIST rallisini destekliyor. Uzun vadeli yükseliş trendi devam edecek. BIST100 14,000 bölgesi hedef. (Ref: 'Yabancı 13.8 milyar dolar getirmiş, 11 hafta üst üste net alıcı')","1. Yabancı girişi devam edecek 2. BIST yükseliş trendi sürecek 3. Holdinglerdeki iskonto daralacak","1. Ani sermaye çıkışı riski 2. TL değer kaybı 3. Jeopolitik gelişmeler","1. Yabancı girişi → ✅ Devam etti (Ref: Şubat 22 videosu 'yabancı alım devam') 2. BIST trend → ✅ Yükseliş devam","Henüz vade dolmamış","https://www.youtube.com/watch?v=ybNOkJWAuoE"
"2026-02-22","Devrim Akyıl","Devrim Akyıl","Video","Altın & Gümüş Heyecanı Geri Döndü!","Çin tatili hikayesi yıkıldı, altın ve gümüş tüm dirençleri kırarak haftayı güçlü kapattı. Fiziki gümüş arzında ciddi sıkışma devam ediyor. Hedge fonlar short pozisyonlarını kapatmaya başladı. Altın-gümüş rasyosu gümüş lehine kapanıyor.","Altın ve gümüşte yükseliş trendi sağlam. Fiziki arz sıkışıklığı fiyatları yukarı itmeye devam edecek. 2028'e kadar fiziki birikim stratejisi. (Ref: 'Çin tatilinde altın gümüş yukarı gitti, manipülasyon başarısız')","1. Fiziki arz sıkışıklığı devam edecek 2. Hedge fonlar short kapatmaya devam edecek 3. 2028'e kadar yükseliş trendi sürecek","1. Kısa vadeli ekran manipülasyonu riski 2. COMEX teminat artışı olasılığı 3. Kısa vadeli sert düzeltme riski","1. Arz sıkışıklığı → ✅ Mart'ta da devam (Ref: 1 Mart videosu 'fiziki talebi devam') 2. Short kapama → ✅ Devam etti 3. Yükseliş → ✅ Altın yeni zirve (Ref: 1 Mart videosu)","Henüz vade dolmamış","https://www.youtube.com/watch?v=mewcyP10rDo"
"2026-02-22","Devrim Akyıl","Devrim Akyıl","Video","Bitmeyen Amerikan Draması!","Trump'ın 13. ayında Amerikan Anayasa Mahkemesi gümrük vergilerini iptal etti. Ticaret Bakanı Lutney'in Canter Fitzgerald aracılığıyla tarife haklarını satın aldığı açıklandı. Trump %10 genel tarife koydu. Piyasa negatif fiyatladı.","Amerikan siyasi sistemi sürdürülmez; her çözüm yeni sorun yaratıyor. Tarife iptali ve yeniden konulması piyasa güvenini sarsıyor. Dolar yapısal zayıflama yolunda. (Ref: 'Trump tarife iptaline rağmen %10 genel tarife koydu')","1. ABD siyasi kaos sürecek 2. Tarifeler kalıcı olmayacak 3. Amerikan ekonomisi zayıflayacak","1. Küresel ticaret savaşı tırmanması 2. ABD enflasyonu yeniden yükselebilir 3. Piyasa güveni kaybı","1. ABD kaos → ✅ Devam (Ref: Mart 1 videosu 'işler daha da karışıyor') 2. Tarifeler → ⚠️ Yeni tarife geldi 3. Ekonomi → ✅ Zayıfladı","Tahmin yok — makro analiz videosu","https://www.youtube.com/watch?v=9EyvvsFRovw"
"2026-02-28","Devrim Akyıl","Devrim Akyıl","Video","Veee Maalesef Başladı! Altın, Gümüş & BİST Ne Olur?","İsrail ve Amerika İran'ı bombalamaya başladı. Savaşın altın, dolar, borsa üzerindeki etkilerini değerlendiriyor. Savaşlar sebep değil sonuç — küresel borç sorununun tezahürü. Altın ve gümüşte kısa vadeli düşüş olabilir ama uzun vadeli trend yukarı.","Savaş çıkması beklenen bir gelişmeydi. Kısa vadede piyasalarda dalgalanma artacak ama uzun vadeli pozisyonlar korunmalı. Altın ve gümüşte geri çekilmeler alım fırsatı. (Ref: 'savaşlar sebep değil sonuçtur')","1. Savaş kısa sürmeyecek 2. Altın/gümüş kısa vadede dalgalı olacak 3. Uzun vadeli trend yukarı kalacak","1. Savaşın genişlemesi 2. Enerji fiyat şoku 3. Likidite krizi","1. Uzun savaş → ✅ Devam ediyor (Ref: 7 Mart videosu 'artan gerilimle yükseliyor') 2. Altın dalgalı → ✅ Düşüş yaşandı 3. Uzun vade trend → ✅ Altın toparlandı","Henüz vade dolmamış","https://www.youtube.com/watch?v=Q0jltsFwDe4"
"2026-03-01","Devrim Akyıl","Devrim Akyıl","Video","ABD'de Finansal Çöküş'e Savaş Kılıfı!","İran savaşı başladı ama asıl sorun Amerikan borsalarında yapay zeka balonu ve MTA short pozisyon sıkıntıları. Nvidia bilançosu sonrası düşüş. Amerikan finans sisteminde gizli likidite sorunları var. Tahvil piyasasında ciddi zararlar oluşmuş.","Amerikan borsaları yapay zeka balonu üzerine kurulu. Savaş bahane, gerçek sebep yapısal ekonomik kırılganlık. Teknoloji hisseleri ciddi düzeltme yapacak. (Ref: 'Nvidia bilançosu sonrası sert düşüş, yapay zeka balonu sönmeye başlıyor')","1. Yapay zeka balonu sönecek 2. Amerikan borsaları ciddi düzeltme yapacak 3. ABD tahvil piyasasındaki zararlar yüzeye çıkacak","1. Sistemik finansal kriz 2. Fed müdahalesi gerekebilir 3. Kripto çöküş riski","1. Yapay zeka balonu → ✅ Nvidia düşmeye devam (Ref: 8 Mart videosu 'balon hava kaçırıyor') 2. Borsa düzeltme → ✅ S&P düştü 3. Tahvil zararlar → ✅ Gün yüzüne çıkıyor","Tahmin yok — makro analiz","https://www.youtube.com/watch?v=2czD3ia3tPA"
"2026-03-01","Devrim Akyıl","Devrim Akyıl","Video","Altın & Gümüş'ün Varsa Sorunun Yok!","Savaş sonrası altın ve gümüş kritik dirençlerini aştı, yeni hedeflere doğru yolculuk başladı. Fiziki talep hala çok güçlü. Türkiye'nin jeopolitik konumu avantajlı. 2028'e kadar fiziki birikim stratejisi devam ediyor.","Altın ve gümüş yeni yükseliş dalgası başlıyor. Fiziki talep ekran fiyatlarını destekleyecek. Gümüşte ciddi arz açığı devam ediyor. (Ref: 'altın gümüş kritik dirençleri aştı, yeni hedeflere yolculuk başladı')","1. Fiziki talep fiyatları destekleyecek 2. Gümüşte arz açığı sürecek 3. 2028'e kadar yükseliş devam edecek","1. Kısa vadeli ekran manipülasyonu 2. Savaşın küresel likiditeye olumsuz etkisi 3. COMEX teminat artışı","1. Fiziki talep → ✅ Devam (Ref: 7 Mart videosu 'fiziki talep çok güçlü') 2. Arz açığı → ✅ Devam 3. Yükseliş → ⚠️ Mart'ta düzeltme yaşandı ama trend sağlam","Henüz vade dolmamış","https://www.youtube.com/watch?v=S7PlssKlYM4"
"2026-03-07","Devrim Akyıl","Devrim Akyıl","Video","Merkez Sıkışıyor: Sabırla Sepete Devam: Altın + Gümüş + Bist","İran-İsrail-ABD savaşı tırmanıyor. İran stratejik ve organize savunma yapıyor. Dubai ve Katar bile hedef alındı. TCMB altın satışlarıyla rezervlerini eritiyor. Savaş petrol fiyatlarını şiddetli yukarı itiyor. Kanal izleyicileri sepet stratejiyle hazırlıklıydı.","TCMB baskı altında, altın satarak döviz dengesini sağlamaya çalışıyor ama sürdürülebilir değil. Sabırla fiziki sepet birikimine devam önerisi. Savaş uzayacak. (Ref: 'TCMB altın satarak hayatta kalmaya çalışıyor')","1. Savaş uzayacak 2. TCMB altın satışı sürdürülebilir değil 3. Petrol fiyatları daha da çıkacak 4. Hürmüz Boğazı etkilenecek","1. TCMB rezerv erimesi 2. Enerji krizi 3. Bölgesel savaş genişlemesi","1. Savaş uzayacak → ✅ (Ref: 14 Mart videosu 'savaş devam') 2. TCMB → ✅ Altın satışları endişe yaratmaya devam 3. Petrol → ✅ Yükseldi 4. Hürmüz → ✅ Boğaz kapandı (Ref: 15 Mart videosu)","Henüz vade dolmamış","https://www.youtube.com/watch?v=GNeGDZgAKRM"
"2026-03-08","Devrim Akyıl","Devrim Akyıl","Video","ABD Balonu Hava Kaçırıyor!","Amerikan borsalarındaki yapay zeka balonu sönmeye başladı. 2021 balonuyla paralel çiziliyor. Nasdaq 10,000'den 26,000'e yükseldikten sonra çöküş başladı. Amerikan tahvil sistemindeki gizli zararlar yüzeye çıkıyor. Likidite krizi yaklaşıyor.","Amerikan borsaları 2000 yılı dot-com balonuyla benzeşiyor. Yapay zeka hikayesi bitti, gerçekler ortaya çıkıyor. Ciddi düzeltme kaçınılmaz. (Ref: 'Nvidia bilançosu sonrası 2 gün üst üste düştü, düşmeye devam edecek')","1. Yapay zeka balonu tamamen sönecek 2. Nasdaq %30-50 düzeltme yapacak 3. Amerikan tahvil krizi derinleşecek","1. Sistemik finansal kriz 2. Global likidite krizi 3. Fed kontrolü kaybedebilir","1. Balon sönüyor → ✅ Düşüş devam (Ref: 15 Mart videosu 'borsalarda sıkıntı derinleşiyor') 2. Nasdaq düzeltme → ✅ Ciddi düşüş 3. Tahvil krizi → ✅ Derinleşiyor","Tahmin yok — makro analiz","https://www.youtube.com/watch?v=-gMv4VLh8vM"
"2026-03-08","Devrim Akyıl","Devrim Akyıl","Video","Altın Gümüş Sakin, Petrol Coştu! Buğday Kazandırdı!","Savaş çıkmasına rağmen altın-gümüş sakin, hatta düştü. Bunun sebebi ekran manipülasyonu ve COMEX teminat artışı. CME teminatları düşürdü. Fiziki talep hala çok güçlü. Petrol ise sert yükseldi. Buğday pozisyonu karlı çıktı. 2028'e kadar fiziki birikim devam.","Altın-gümüşte kısa vadeli düşüş manipülasyon; uzun vadeli trend yukarı. Petrol savaşla sert yükseldi. Buğday carry trade karlı. Emtia sepeti stratejisi çalışıyor. (Ref: 'Savaş çıktı altın çakıldı ama fiziki talep çok güçlü')","1. Altın-gümüş düşüşü geçici 2. Petrol daha da yükselecek 3. Buğday pozisyonu karlı kalacak 4. Fiziki talep fiyatları yukarı itecek","1. Daha fazla teminat artışı 2. Likidite krizi altın-gümüşü de vurabilir 3. Savaşın beklenmedik sonuçları","1. Düşüş geçici → ✅ Altın toparlandı (Ref: 21 Mart videosu 'geri çekilme fırsat') 2. Petrol yüksek → ✅ Devam 3. Buğday → ✅ Karlı 4. Fiziki talep → ✅","Henüz vade dolmamış","https://www.youtube.com/watch?v=6J8QiY-_eRM"
"2026-03-14","Devrim Akyıl","Devrim Akyıl","Video","Ateş Yükseliyor! Dolar, Altın & Bist'de Ne Yapmalı?","TCMB faizi sabit tuttu. Merkez Bankası rezervleri eriyor. Haziran sonuna kadar döviz risklerini minimumda tutma önerisi. USD/TRY 55 TL bölgesi 6 ay hedefi. Carry trade'in cazibesi azalıyor.","Haziran sonu FX için kritik risk dönemi. TCMB altın satarak direniyor ama sürdürülebilir değil. USD/TRY 55 hedefi. Carry trade cazibesini kaybediyor. (Ref: 'Haziran sonuna kadar döviz risklerini minimumda tut')","1. TCMB rezerv erimesi sürecek 2. USD/TRY 55'e Haziran'a kadar yükselecek 3. Carry trade cazibesi azalacak 4. Dış borç ödeme baskısı artacak","1. TCMB rezerv krizi 2. Ani TL değer kaybı 3. Dış borç geri ödeme baskısı","1. Rezerv eriyor → ✅ (Ref: 28 Mart videosu) 2. USD/TRY → ⏳ Henüz Haziran gelmedi 3. Carry trade → ✅ Azaldı 4. Dış borç → ⚠️ Kısmen","Henüz vade dolmamış","https://www.youtube.com/watch?v=xjRCabA6jm0_3"
"2026-03-15","Devrim Akyıl","Devrim Akyıl","Video","ABD Kredi Krizi Borsa'ya Vurmaya Başladı!","ABD borsaları berbat hafta geçirdi. Kredi krizi borsa düşüşlerine yansıyor. Savaş sebebi değil; daha önce var olan yapısal sorunlar su yüzüne çıkıyor. S&P'de ciddi düşüş. Amerikan ekonomisinde liderlik rolü kaybediliyor.","ABD kredi krizi borsalara vurmaya başladı. Savaş bahane; yapısal bozulma gerçek sebep. S&P ve Nasdaq'ta ciddi düşüş devam edecek. (Ref: 'borsalar yukarı giderken negatif senaryo anlatmak zor, ama makro bozuk')","1. ABD kredi krizi derinleşecek 2. S&P düşüşü %20+'yi aşacak 3. Fed müdahale edecek ama sorunları çözemeyecek","1. Küresel bulaşma riski 2. ABD tahvil piyasası krizi 3. Küresel ticaretin daralması","1. Kredi krizi → ✅ Devam (Ref: 22 Mart videosu 'trilyonlarca dolar buhar oldu') 2. Düşüş → ✅ Devam 3. Fed → ⚠️ Müdahale sinyalleri var","Tahmin yok — makro analiz","https://www.youtube.com/watch?v=xjRCabA6jm0"
"2026-03-15","Devrim Akyıl","Devrim Akyıl","Video","Hürmüz'den Yuan'la Geç! Dolar'la Dur!","Petrol sert yükseldi, Hürmüz Boğazı kapandı. İran stratejik olarak yuan ile geçiş sistemi kurdu, dolarla dur. Altın-gümüş düşüşünün sebebi COMEX manipülasyonu. Gümüşte fiziki borsalarda arz kalmamış (Londra, COMEX, Shanghai).","Dolar hegemonyası sarsılıyor; Hürmüz'de yuan ile geçiş ABD'nin güç kaybettiğinin somut kanıtı. Petrol yeni tarihi zirvelere gidecek. Gümüşte fiziki arz tükenmiş. (Ref: 'Hürmüz'den yuan'la geç, dolar'la dur — bu çok stratejik bir hamle')","1. Petrol daha da yükselecek 2. Dolar hegemonyası zayıflayacak 3. Yuan bölgesi genişleyecek 4. Gümüşte fiziki arz krizi devam edecek","1. Hürmüz tamamen kapanabilir 2. Enerji fiyat krizi küresel durgunluk yaratabilir 3. Finansal kriz riski","1. Petrol → ✅ Devam yükseliyor (Ref: 21 Mart videosu) 2. Dolar → ✅ Zayıflamaya devam 3. Yuan bölgesi → ✅ Genişliyor 4. Gümüş arz → ✅ Devam","Tahmin yok — jeopolitik analiz","https://www.youtube.com/watch?v=Q0kgRIzRSQY"
"2026-03-21","Devrim Akyıl","Devrim Akyıl","Video","Altın & Gümüş Düşüşüne Ağlamalı mıyız?","İlkbahar ekinoksu günü. Altın-gümüş sert düşüşler yaşadı. Bu düşüş orta vadeli alım fırsatı. Kademeli alışlarla düştükçe daha fazla alım stratejisi öneriliyor. Trend takip seviyeleri paylaşıldı. Cuma günü 65 dolarlara düşen gümüşte trade yapıldı.","Altın-gümüş geri çekilmesi fiziki alım fırsatı. 2028'e kadar makro tez değişmedi. Piramit şekli alım stratejisi: düştükçe daha fazla al. (Ref: 'Geri çekilmeler altın gümüşte uzun vadeciler için hala alım fırsatı')","1. Düşüşler geçici 2. 2028'e kadar yükseliş trendi sürecek 3. Fiziki talep fiyatları destekleyecek","1. Finansal kriz likidite krizi yaratabilir 2. Daha derin düzeltme olabilir 3. Manipülasyon risk faktörü","1. Düşüş geçici → ✅ Altın toparlandı (Ref: 29 Mart videosu) 2. Yükseliş trendi → ✅ 3. Fiziki talep → ✅","Henüz vade dolmamış","https://www.youtube.com/watch?v=8o5a50skd1Q"
"2026-03-22","Devrim Akyıl","Devrim Akyıl","Video","ABD Borsaları'nda Çöküş Başlıyor Mu?","ABD borsaları berbat bir haftayı daha geride bıraktı. Michael Burry (Big Short) S&P'de %77 çöküş beklediğini açıkladı. 2000 dot-com balonu ile benzerlikler detaylı analiz edildi. Trilyonlarca dolar buhar oldu.","ABD borsaları çöküşün eşiğinde. Michael Burry %77 düşüş öngörüyor ve makro sebepler haklı çıkıyor. 2000 yılı tekrarı yaşanabilir. (Ref: 'Michael Burry S&P'de %77 çöküş beklediğini açıkladı')","1. S&P %30+ düşüş yapacak 2. Teknoloji hisseleri %50+ düşecek 3. ABD finansal sistemi ciddi stres yaşayacak","1. Küresel bulaşma 2. Likidite krizi 3. Emeklilik fonları zararları","1. S&P düşüş → ✅ Devam ediyor (Ref: 29 Mart videosu 'trilyonlarca dolar buhar oldu, fazlası yolda') 2. Teknoloji → ✅ Nvidia düşüyor 3. Stres → ✅ Artıyor","Tahmin yok — makro analiz","https://www.youtube.com/watch?v=MlwJlHwD2bA"
"2026-03-22","Devrim Akyıl","Devrim Akyıl","Video","Altın & Gümüş Dip Neresi?","Altın-gümüş dip seviyeleri analiz edildi. Gümüşte 65 dolar destek seviyesi önemli. Piramit şekli alım önerisi devam. Fizikiler satılmıyor. Ekranda kısa vadeli trade yapılıyor. 2028'e kadar fiziki birikim.","Gümüşte 65 dolar altı fiziki alım bölgesi. Altında da kademelialımlar devam etmeli. 2028'e kadar makro tez geçerli. (Ref: 'geri çekilmelerde fiziki olarak toplanmaya devam')","1. Gümüş 65 dolar altında güçlü destek bulacak 2. Altın yeni zirve yapacak 3. Fiziki talep devam edecek","1. Likidite krizi altın-gümüşü de etkileyebilir 2. Daha derin düzeltme 3. COMEX default riski","1. Gümüş 65 destek → ✅ Toparlandı (Ref: 29 Mart videosu 'fırsat penceresi devam') 2. Altın zirve → ✅ Nisan'da yeni zirve 3. Fiziki talep → ✅","Henüz vade dolmamış","https://www.youtube.com/watch?v=K9RYIRhU2wE"
"2026-03-28","Devrim Akyıl","Devrim Akyıl","Video","Dolar, Altın & Bist için Sürpriz Ziyaretçi!","Carry trade'in tehlikeleri vurgulanıyor. Haziran sonu döviz için kritik risk dönemi. USD/TRY 60 TL 6 ay hedefi. Türkiye'nin jeopolitik avantajı savunuluyor. TCMB altın satışlarıyla direniyor.","USD/TRY Haziran'da 60 TL'yi görecek. Carry trade cazibesi hızla azalıyor. TCMB direniyor ama sürdürülebilir değil. Türkiye jeopolitik avantajından faydalanacak. (Ref: 'Haziran sonu FX için kritik risk bölgesi, USD/TRY 60'a doğru')","1. USD/TRY Haziran'da 60'a çıkacak 2. Carry trade pozisyonları tasfiye edilecek 3. TCMB altın satışı sürdürülebilir değil","1. Ani sermaye çıkışı 2. TCMB rezerv krizi 3. TL ani çöküş riski","1. USD/TRY 60 → ⏳ Henüz Haziran gelmedi 2. Carry trade tasfiye → ⚠️ Başladı 3. TCMB → ✅ Devam ediyor (Ref: 4 Nisan videosu 'TCMB çaresizce altın satıyor')","Henüz vade dolmamış","https://www.youtube.com/watch?v=B0EHYU8JMM0_2"
"2026-03-29","Devrim Akyıl","Devrim Akyıl","Video","ABD'de Büyük Çöküş Mü?","S&P'de trilyonlarca dolar buhar oldu. 1992'den beri piyasada olan tecrübe ile bu dönemin 2000 dot-com çöküşüne benzediği analiz edildi. Michael Burry'nin %77 düşüş beklentisine katılıyor. Amerikan ekonomisinin yapısal sorunları çözümsüz.","ABD borsalarında gerçek çöküş henüz başlıyor. Kısa vadeli toparlanmalar satış fırsatı. 2000 dot-com senaryosu tekrarlanıyor. (Ref: 'trilyonlarca dolar buhar oldu, fazlası yolda')","1. ABD çöküşü devam edecek 2. Kısa toparlanmalar satış fırsatı 3. Küresel sermaye güvenli limanlara akacak","1. Küresel finans krizi 2. Fed'in kontrolü kaybetmesi 3. Emeklilik sistemi krizi","1. Çöküş → ✅ Devam (Ref: 5 Nisan videosu 'dramatik vaziyeti değiştirmeyecek') 2. Toparlanma = satış → ✅ Kısa ralli sonrası düşüş 3. Güvenli liman → ✅ Altın yükseldi","Tahmin yok — makro analiz","https://www.youtube.com/watch?v=UnggDHdS254"
"2026-03-29","Devrim Akyıl","Devrim Akyıl","Video","Altın & Gümüş Fırsat Penceresi Devam!","Dünyada siyasi ve ekonomik kaos dozu yükselirken altın-gümüşte alım penceresi açık. Hedeflere ulaştıysanız satış yapın (ev, araba, okul taksiti). Yeni sermayeyle geri çekilmelerde piramit alım stratejisi. Fizikiler asla satılmıyor.","Altın-gümüş geri çekilmesi hala alım fırsatı. Finansal kriz altını da geçici olarak aşağı çekebilir ama uzun vade tezi değişmedi. (Ref: 'geri çekilmeler altın gümüşte uzun vadeciler için hala alım fırsatı')","1. Finansal kriz geçici altın düşüşü yaratabilir 2. Uzun vadeli yükseliş trendi sürüyor 3. Fiziki talep fiyatları destekliyor","1. Büyük likidite krizi 2. Altın-gümüşte sert düşüş riski 3. COMEX default","1. Kriz düşüşü → ✅ Kısa düzeltme oldu (Ref: 4 Nisan videosu) 2. Uzun vade → ✅ Altın yeni zirve 3. Fiziki talep → ✅","Henüz vade dolmamış","https://www.youtube.com/watch?v=GidCu8R4R2g"
"2026-04-04","Devrim Akyıl","Devrim Akyıl","Video","Merkez Çaresizce Altın Satıyor! - Haftalık Dolar Altın Bist Analizleri","TCMB çaresizce altın satıyor. USD/TRY için kademeli hedefler: 60, 86, 125 TL. BIST100'de 12,950 kritik seviye; 12,700 altına inerse negatif. 13,167 üzerine kırılırsa bullish. PETKM hedefi 30-37 TL, ULKER hedefi 187 TL (orta-uzun vade), 141 TL kritik seviye.","USD/TRY kademeli olarak 60→86→125 TL hedeflerine gidecek. BIST100'de 13,167 kırılması kritik. PETKM ve ULKER'de teknik hedefler belirli. (Ref: 'USD/TRY 60 86 125 potansiyel hedefler, kademeli', 'BIST 12,950 kritik')","1. TCMB altın satışı sürdürülebilir değil 2. USD/TRY kademeli yükselecek 3. BIST100 13,167'yi test edecek 4. PETKM ve ULKER teknik hedeflere ulaşacak","1. TCMB acil müdahalesi 2. Savaşın derinleşmesi 3. Küresel kriz","1. TCMB → ✅ Satış devam (Ref: 11 Nisan videosu) 2. USD/TRY → ⏳ 3. BIST100 → ⚠️ 13,167 test edilmedi henüz 4. PETKM/ULKER → ⏳","Henüz vade dolmamış","https://www.youtube.com/watch?v=abc123"
"2026-04-05","Devrim Akyıl","Devrim Akyıl","Video","ABD'de Finansal Kriz mi? Savaş mı?","Amerika güç kaybettikçe daha agresifleşiyor. İran savaşı bunun kanıtı. Ama saldırılar Amerikan borsalarını kurtaramayacak. Çin ekseni güçleniyor. Amerikan ekonomisi paramparça. 1992'den beri piyasa deneyimi ile değerlendirme.","ABD hem ekonomik çöküş hem savaş yaşıyor. İkisi birbirini besleyen kısır döngü. Dolar hegemonyası bitmeye devam. (Ref: 'Amerika ekonomik gücünü kaybettikçe daha agresifleşecek')","1. ABD agresifleşmeye devam edecek 2. Çin ekseni güçlenecek 3. Amerikan boraları düşmeye devam edecek","1. Savaşın genişlemesi 2. Nükleer risk 3. Küresel ticaret çöküşü","1. ABD agresif → ✅ Devam (Ref: 12 Nisan videosu) 2. Çin → ✅ Yuan bölgesi genişliyor 3. Borsalar → ✅ Düşüş devam","Tahmin yok — makro analiz","https://www.youtube.com/watch?v=CQhduPixqvA"
"2026-04-05","Devrim Akyıl","Devrim Akyıl","Video","Petrol & Altın Beraber Yükselemez mi?","Stagflasyon döngüsü 2020-2028 analiz edildi. 1970'ler paraleli çizildi. Altın Fed faizleri yükseltirken bile yükseldi (2022-2025). Rusya yuan ile petrol satıyor. Petrol ve altın birlikte yükselebilir tezi.","1970'ler tekrarlanıyor; stagflasyon döngüsünde petrol ve altın birlikte yükselebilir. 2028'e kadar emtia süper döngüsü. (Ref: 'Stagflasyon döngüsü 2020-2028, altın yükselişi Fed'e rağmen devam')","1. Stagflasyon döngüsü 2028'e kadar sürecek 2. Petrol ve altın birlikte yükselecek 3. Rusya'nın yuan ticareti artacak","1. Fed'in sert müdahalesi 2. Deflasyon riski 3. Çin ekonomik yavaşlama","1. Stagflasyon → ✅ Devam (Ref: 11-12 Nisan videolar) 2. Petrol+altın → ✅ İkisi de yukarı 3. Yuan ticareti → ✅ Artıyor","Henüz vade dolmamış","https://www.youtube.com/watch?v=def456"
"2026-04-11","Devrim Akyıl","Devrim Akyıl","Video","Altın, Gümüş & BİST'de Kazanmaya Devam!","İran savaşı Türkiye'yi jeopolitik olarak güçlendiriyor. TCMB altın sattı ama altın toparlandı. Fiziki altın-gümüş stratejisi karla devam ediyor. Uzun vadeli pozisyonlar haklı çıkıyor. BIST rallisi yabancı desteğiyle güçlü.","İran savaşı paradoksal olarak Türkiye'ye yarıyor. Altın ve gümüşte uzun vadeli kazanç devam ediyor. BIST jeopolitik avantajdan faydalanıyor. (Ref: 'İran savaşı Türkiye'yi jeopolitik olarak avantajlı kılıyor')","1. Türkiye jeopolitik avantajını kullanacak 2. Altın-gümüş yükseliş sürecek 3. BIST yabancı girişiyle güçlü kalacak","1. Savaşın Türkiye'ye sıçraması 2. TCMB rezerv krizi 3. Küresel resesyon","1. Jeopolitik avantaj → ✅ (Ref: 12 Nisan videosu) 2. Altın yükseliş → ✅ 3. BIST güçlü → ✅ İz sürmekte","Henüz vade dolmamış","https://www.youtube.com/watch?v=abc789"
"2026-04-12","Devrim Akyıl","Devrim Akyıl","Video","ABD'de Riskler Aynen Devam!","Amerikan borsaları ateşkes haberini sert yukarı fiyatladı. Ama bu geçici rahatlama; finansal krizin eşiğindeki Amerika'yı kurtaramaz. Kısa vadeli toparlanmalar piyasaya para arzı artışıyla destekleniyor ama para basarak sorunlar çözülmez.","ABD borsalarında kısa vadeli ralli geçici. Yapısal sorunlar çözülmedi. Daha derin kriz yaklaşıyor. (Ref: 'kısa vade baktığınızda resmi anlamak zor ama yapısal sorunlar çözülmedi')","1. ABD rallisi geçici 2. Finansal kriz derinleşecek 3. Para arzı artışı enflasyonu tetikleyecek","1. Büyük çöküş 2. Hiperenflasyon riski 3. Dolar güvenini kaybetme","⏳ Son hafta analizlerden biri — değerlendirilemez","Tahmin yok — makro analiz","https://www.youtube.com/watch?v=b0EHYU8JMM0"
"2026-04-12","Devrim Akyıl","Devrim Akyıl","Video","Altın & Gümüş'te Yeni Dalga!","Gümüş 98 dolara ulaştıktan sonra 60'lı rakamlara düzeltme, ardından 150 dolar yeni hareket hedefi. Wall Street traderları gümüşte 150 dolar konuşuyor. Fiziki altın-gümüş stratejisi devam. Sistemik risk tartışması: COMEX ve Londra borsalarında fiziki arz tükenmiş.","Gümüşte 98→düzeltme→150 dolar senaryosu. Altın 5000 dolar üzeri hedef. Fiziki arz krizi ekran fiyatlarını zorlayacak. (Ref: 'gümüşte 98 dolar hedefimize gidip 60'lara düzeltme sonra 150 dolar yeni hareket', 'Wall Street traderları gümüşte 150 dolar konuşuyor')","1. Gümüş 150 dolara ulaşacak 2. Altın 5000 üzerine çıkacak 3. COMEX fiziki arz krizi devam edecek 4. Sistemik risk artacak","1. Kısa vadede sert düzeltme olabilir 2. COMEX default riski 3. Likidite krizi","⏳ Son video — değerlendirilemez","Henüz vade dolmamış","https://www.youtube.com/watch?v=xyz789"