"Belge Tarihi","Kurum","Analistler","Format","Özet Metin","Belge Adı","Yatırım Tezi","Varsayımlar & Gerçekleşme","Varsayım Etkisi","Risk Analizi","Varlık Sayısı","Tahmin Sayısı","İsabet Oranı %","Ort. Alpha (Consensus)","Ort. Alpha (Forward)","Belge Başarı Skoru"
"2025-06-23","Danske Bank","Kristoffer Kjær Lomholt; Jens Nærvig Pedersen; Kirstine Kundby-Nielsen; Mohamad Al-Saraf; Stefan Mellin; Jesper Fjärstedt; Antti Ilvonen; Bjørn Tangaa Sillemann; Emilie Herbo","PDF","Rapor, ""NOK remains vulnerable"" başlığı altında ana FX çaprazları için son gelişmeler, piyasa etkileri ve görünüm güncellemesi sunuyor. Metnin odağında kısa vadeli şok akışı ile orta vadeli temel patikanın birlikte okunması var. (Ref: ""stabilisation amid escalating geopolitical tensions • Since our last FX Forecast Update, 15 May, the dominating theme for markets has been a broad-based stabilisation in risk appetite. The shift is largely driven by r...""; ""bearish on the US...","FX Forecast Update - NOK remains vulnerable","Ana tez, kısa vadede mevcut şok temasının fiyatlamayı yönlendirmesi; orta vadede ise yapısal ve makro çerçevenin yeni dengeyi belirlemesidir. (Ref: ""bearish on the USD and Scandies • We are still bullish on EUR/USD in both the near- and medium term, now targeting a gradual move toward 1.22 over a 12M horizon. In the near term, higher oil prices and stretched short..."")","1. ""stabilisation amid escalating geopolitical tensions • Since our last FX Forecast Update, 15 May, the domina..."" → ✅ Gerçekleşti; sonraki kaynak ""FX Forecast Update - USD rebound is temporary"" başlığıyla temayı güncelliyor. (Ref: ""bullish on EUR/USD and bearish on Scandies • We are still bullish on EUR/USD in both the near- and medium term, targeting a gradual move toward 1.23 over a 12M horizon. While EU-US trade negotiations may introduce nea..."") 2. ""bearish on the USD and Scandies • We are still bullish o...","Yüksek","Risk bölümü, tahminlerin jeopolitik akış ve makro görünümdeki sapmalarla bozulabileceğini vurguluyor. (Ref: ""greater downside risk to USD than entailed in our projections • Risks to our forecasts are predominantly tied to the US outlook and the Middle East conflict. If the capital rotation out of US assets continues and a sh..."")","17","68","%56.9","—","—","64.3 (C)"
"2025-07-22","Danske Bank","Kristoffer Kjær Lomholt; Jens Nærvig Pedersen; Kirstine Kundby-Nielsen; Mohamad Al-Saraf; Stefan Mellin; Jesper Fjärstedt; Antti Ilvonen; Bjørn Tangaa Sillemann; Emilie Herbo","PDF","Rapor, ""USD rebound is temporary"" başlığı altında ana FX çaprazları için son gelişmeler, piyasa etkileri ve görünüm güncellemesi sunuyor. Metnin odağında kısa vadeli şok akışı ile orta vadeli temel patikanın birlikte okunması var. (Ref: ""market stabilisation and easing geopolitical uncertainty • Since our last FX Forecast Update, 23 June, global risk appetite has stabilised further, in large driven by strong economic data, solid earnings, and easing g...""; ""bullish on EUR/...","FX Forecast Update - USD rebound is temporary","Ana tez, kısa vadede mevcut şok temasının fiyatlamayı yönlendirmesi; orta vadede ise yapısal ve makro çerçevenin yeni dengeyi belirlemesidir. (Ref: ""bullish on EUR/USD and bearish on Scandies • We are still bullish on EUR/USD in both the near- and medium term, targeting a gradual move toward 1.23 over a 12M horizon. While EU-US trade negotiations may introduce nea..."")","1. ""market stabilisation and easing geopolitical uncertainty • Since our last FX Forecast Update, 23 June, glob..."" → ✅ Gerçekleşti; sonraki kaynak ""FX Forecast Update - Still negative on SEK and NOK"" başlığıyla temayı güncelliyor. (Ref: ""bullish EUR/USD, bearish Scandies • We continue to see EUR/USD on an upward trajectory, targeting 1.23 on a 12M horizon, underpinned by relative rates, a recovering European asset market, and the reduced global need f..."") 2. ""bullish on EUR/USD and bearish on Scandies • We are...","Yüksek","Risk bölümü, tahminlerin jeopolitik akış ve makro görünümdeki sapmalarla bozulabileceğini vurguluyor. (Ref: ""greater downside risk to USD than entailed in our projections • Risks to our forecasts are predominantly tied to the US outlook. If the capital rotation out of US assets continues and a sharp US recession hits, EUR/US..."")","17","68","%39.2","—","—","41.1 (D)"
"2025-08-19","Danske Bank","Kristoffer Kjær Lomholt; Jens Nærvig Pedersen; Kirstine Kundby-Nielsen; Mohamad Al-Saraf; Stefan Mellin; Jesper Fjärstedt; Antti Ilvonen; Bjørn Tangaa Sillemann; Sofie Pedersen","PDF","Rapor, ""Still negative on SEK and NOK"" başlığı altında ana FX çaprazları için son gelişmeler, piyasa etkileri ve görünüm güncellemesi sunuyor. Metnin odağında kısa vadeli şok akışı ile orta vadeli temel patikanın birlikte okunması var. (Ref: ""receding trade and geopolitical risks, focus back on data • Since our last FX Forecast Update on 22 July, global risk appetite has remained constructive, with global equities continuing to perform, supported by solid...""; ""bullish EUR...","FX Forecast Update - Still negative on SEK and NOK","Ana tez, kısa vadede mevcut şok temasının fiyatlamayı yönlendirmesi; orta vadede ise yapısal ve makro çerçevenin yeni dengeyi belirlemesidir. (Ref: ""bullish EUR/USD, bearish Scandies • We continue to see EUR/USD on an upward trajectory, targeting 1.23 on a 12M horizon, underpinned by relative rates, a recovering European asset market, and the reduced global need f..."")","1. ""receding trade and geopolitical risks, focus back on data • Since our last FX Forecast Update on 22 July, g..."" → ✅ Gerçekleşti; sonraki kaynak ""FX Forecast Update - Rebound in real rates to support USD, weigh on Scandies"" başlığıyla temayı güncelliyor. (Ref: ""bearish on the USD and Scandies • We still see EUR/USD on an upward trajectory, targeting 1.23 on a 12M horizon, supported by rate differentials, a recovering European asset market, reduced global demand for restricti..."") 2. ""bullish EUR/USD, bearish...","Yüksek","Risk bölümü, tahminlerin jeopolitik akış ve makro görünümdeki sapmalarla bozulabileceğini vurguluyor. (Ref: ""greater downside risk to USD than entailed in our projections • Risks to our forecasts are predominantly tied to the US outlook. If the capital rotation out of US assets continues and a sharp US recession hit, EUR/USD..."")","17","68","%47.1","—","—","56.7 (C)"
"2025-09-19","Danske Bank","Kristoffer Kjær Lomholt; Jens Nærvig Pedersen; Kirstine Kundby-Nielsen; Mohamad Al-Saraf; Stefan Mellin; Jesper Fjärstedt; Antti Ilvonen; Bjørn Tangaa Sillemann; Emilie Herbo","PDF","Rapor, ""Rebound in real rates to support USD, weigh on Scandies"" başlığı altında ana FX çaprazları için son gelişmeler, piyasa etkileri ve görünüm güncellemesi sunuyor. Metnin odağında kısa vadeli şok akışı ile orta vadeli temel patikanın birlikte okunması var. (Ref: ""Goldilocks environment amid signs of a weaker US labour market • Since our last FX Forecast Update on 19 August, a Goldilocks environment has emerged for high-beta currencies, with AUD, NOK, and SEK standing...","FX Forecast Update - Rebound in real rates to support USD, weigh on Scandies","Ana tez, kısa vadede mevcut şok temasının fiyatlamayı yönlendirmesi; orta vadede ise yapısal ve makro çerçevenin yeni dengeyi belirlemesidir. (Ref: ""bearish on the USD and Scandies • We still see EUR/USD on an upward trajectory, targeting 1.23 on a 12M horizon, supported by rate differentials, a recovering European asset market, reduced global demand for restricti..."")","1. ""Goldilocks environment amid signs of a weaker US labour market • Since our last FX Forecast Update on 19 Au..."" → ⚠️ Kısmen; sonraki kaynak ""FX Forecast Update - Upward pressure on EUR/DKK"" başlığıyla temayı güncelliyor. (Ref: ""bearish on USD and Scandies • We continue to see EUR/USD on an upward trajectory, targeting 1.22 on a 12M horizon, supported by rate differentials, a recovering European asset market, reduced global demand for restric..."") 2. ""bearish on the USD and Scandies • We still see EUR/USD on...","Orta","Risk bölümü, tahminlerin jeopolitik akış ve makro görünümdeki sapmalarla bozulabileceğini vurguluyor. (Ref: ""greater downside risk to USD than entailed in our projections • Risks to our forecasts are predominantly tied to the US outlook. If the capital rotation out of US assets continues and a sharp US recession hit, EUR/USD..."")","17","68","%35.3","—","—","34.3 (F)"
"2025-10-21","Danske Bank","Kristoffer Kjær Lomholt; Jens Nærvig Pedersen; Kirstine Kundby-Nielsen; Mohamad Al-Saraf; Stefan Mellin; Jesper Fjärstedt; Antti Ilvonen; Bjørn Tangaa Sillemann; Emilie Herbo","PDF","Rapor, ""Upward pressure on EUR/DKK"" başlığı altında ana FX çaprazları için son gelişmeler, piyasa etkileri ve görünüm güncellemesi sunuyor. Metnin odağında kısa vadeli şok akışı ile orta vadeli temel patikanın birlikte okunması var. (Ref: ""US data blackout leaves markets in wait-and-see mode • Since our last FX Forecast Update on 19 September, the US government shutdown has resulted in a public data blackout, largely leaving the Fed in limbo. Amid an un...""; ""bearish on US...","FX Forecast Update - Upward pressure on EUR/DKK","Ana tez, kısa vadede mevcut şok temasının fiyatlamayı yönlendirmesi; orta vadede ise yapısal ve makro çerçevenin yeni dengeyi belirlemesidir. (Ref: ""bearish on USD and Scandies • We continue to see EUR/USD on an upward trajectory, targeting 1.22 on a 12M horizon, supported by rate differentials, a recovering European asset market, reduced global demand for restric..."")","1. ""US data blackout leaves markets in wait-and-see mode • Since our last FX Forecast Update on 19 September, t..."" → ⚠️ Kısmen; sonraki kaynak ""FX Forecast Update - USD to weather AI valuation woes"" başlığıyla temayı güncelliyor. (Ref: ""bullish on EUR/USD and EUR/Scandies • We continue to see EUR/USD on an upward trajectory, targeting 1.22 on a 12M horizon, supported by rate differentials, a recovering European asset market, reduced global demand for..."") 2. ""bearish on USD and Scandies • We continue to see EUR...","Orta","Risk bölümü, tahminlerin jeopolitik akış ve makro görünümdeki sapmalarla bozulabileceğini vurguluyor. (Ref: ""greater downside risk to USD than entailed in our projections • Risks to our forecasts are predominantly tied to the US outlook. If the capital rotation out of US assets continues and a sharp US recession hits, EUR/US..."")","17","68","%44.1","—","—","32.6 (F)"
"2025-11-18","Danske Bank","Kristoffer Kjær Lomholt; Jens Nærvig Pedersen; Kirstine Kundby-Nielsen; Mohamad Al-Saraf; Stefan Mellin; Jesper Fjärstedt; Antti Ilvonen; Bjørn Tangaa Sillemann; Emilie Herbo","PDF","Rapor, ""USD to weather AI valuation woes"" başlığı altında ana FX çaprazları için son gelişmeler, piyasa etkileri ve görünüm güncellemesi sunuyor. Metnin odağında kısa vadeli şok akışı ile orta vadeli temel patikanın birlikte okunması var. (Ref: ""US government shutdown ends and markets await fresh data flow • Since our last FX Forecast Update on 21 October, the resolution of the US government shutdown has ended the data vacuum that left the Fed and markets ‘dr...""; ""bullish...","FX Forecast Update - USD to weather AI valuation woes","Ana tez, kısa vadede mevcut şok temasının fiyatlamayı yönlendirmesi; orta vadede ise yapısal ve makro çerçevenin yeni dengeyi belirlemesidir. (Ref: ""bullish on EUR/USD and EUR/Scandies • We continue to see EUR/USD on an upward trajectory, targeting 1.22 on a 12M horizon, supported by rate differentials, a recovering European asset market, reduced global demand for..."")","1. ""US government shutdown ends and markets await fresh data flow • Since our last FX Forecast Update on 21 Oct..."" → ⚠️ Kısmen; sonraki kaynak ""FX Forecast Update - Weaker USD, GBP and NOK in 2026"" başlığıyla temayı güncelliyor. (Ref: ""bullish on EUR/USD and EUR/Scandies • While we previously held a tactical bias to the downside, we now view the near-term balance of risks as more neutral for EUR/USD. Over the medium term, we maintain our outlook for..."") 2. ""bullish on EUR/USD and EUR/Scandies • We continue to...","Orta","Risk bölümü, tahminlerin jeopolitik akış ve makro görünümdeki sapmalarla bozulabileceğini vurguluyor. (Ref: ""greater downside risk to USD than entailed in our projections • Risks to our forecasts are predominantly tied to the US outlook. If the capital rotation out of US assets continues and a sharp US recession hits, EUR/US..."")","17","68","%41.2","—","—","54.5 (D)"
"2025-12-19","Danske Bank","Kristoffer Kjær Lomholt; Jens Nærvig Pedersen; Kirstine Kundby-Nielsen; Mohamad Al-Saraf; Stefan Mellin; Jesper Fjärstedt; Antti Ilvonen; Bjørn Tangaa Sillemann; Sofie Grundvad Pedersen","PDF","Rapor, ""Weaker USD, GBP and NOK in 2026"" başlığı altında ana FX çaprazları için son gelişmeler, piyasa etkileri ve görünüm güncellemesi sunuyor. Metnin odağında kısa vadeli şok akışı ile orta vadeli temel patikanın birlikte okunması var. (Ref: ""dovish Fed amid mixed US data and fragile risk sentiment • Since our last FX Forecast Update on 18 November, US data following the resolution of the government shutdown has been mixed. The Fed delivered its third cons...""; ""bullish...","FX Forecast Update - Weaker USD, GBP and NOK in 2026","Ana tez, kısa vadede mevcut şok temasının fiyatlamayı yönlendirmesi; orta vadede ise yapısal ve makro çerçevenin yeni dengeyi belirlemesidir. (Ref: ""bullish on EUR/USD and EUR/Scandies • While we previously held a tactical bias to the downside, we now view the near-term balance of risks as more neutral for EUR/USD. Over the medium term, we maintain our outlook for..."")","1. ""dovish Fed amid mixed US data and fragile risk sentiment • Since our last FX Forecast Update on 18 November..."" → ⚠️ Kısmen; sonraki kaynak ""FX Forecast Update - Geopolitics takes centre stage as 2026 kicks off"" başlığıyla temayı güncelliyor. (Ref: ""bullish on EUR/USD and EUR/Scandies • In the near term, we view the balance of risks for EUR/USD as relatively neutral. Over the medium term, we maintain our outlook for EUR/USD to trend higher, underpinned by narrowi..."") 2. ""bullish on EUR/USD and EUR/Scandies...","Orta","Risk bölümü, tahminlerin jeopolitik akış ve makro görünümdeki sapmalarla bozulabileceğini vurguluyor. (Ref: ""greater downside risk to USD than entailed in our projections • Risks to our forecasts are predominantly tied to the US outlook. If the capital rotation out of US assets continues and a sharp US recession hit, EUR/USD..."")","17","68","%35.3","—","—","51.4 (D)"
"2026-01-19","Danske Bank","Kristoffer Kjær Lomholt; Jens Nærvig Pedersen; Kirstine Kundby-Nielsen; Mohamad Al-Saraf; Stefan Mellin; Jesper Fjärstedt; Antti Ilvonen; Bjørn Tangaa Sillemann; Emilie Herbo","PDF","Rapor, ""Geopolitics takes centre stage as 2026 kicks off"" başlığı altında ana FX çaprazları için son gelişmeler, piyasa etkileri ve görünüm güncellemesi sunuyor. Metnin odağında kısa vadeli şok akışı ile orta vadeli temel patikanın birlikte okunması var. (Ref: ""geopolitical tensions tested by solid macroeconomic backdrop • Since our last FX Forecast Update on 19 December, geopolitical developments, not least the escalating Greenland debate, have taken centre stage amidst a...","FX Forecast Update - Geopolitics takes centre stage as 2026 kicks off","Ana tez, kısa vadede mevcut şok temasının fiyatlamayı yönlendirmesi; orta vadede ise yapısal ve makro çerçevenin yeni dengeyi belirlemesidir. (Ref: ""bullish on EUR/USD and EUR/Scandies • In the near term, we view the balance of risks for EUR/USD as relatively neutral. Over the medium term, we maintain our outlook for EUR/USD to trend higher, underpinned by narrowi..."")","1. ""geopolitical tensions tested by solid macroeconomic backdrop • Since our last FX Forecast Update on 19 Dece..."" → ⚠️ Kısmen; sonraki kaynak ""FX Forecast Update - Lingering scepticism sustains bearish dollar outlook"" başlığıyla temayı güncelliyor. (Ref: ""bullish on EUR/USD and EUR/Scandies • Over the medium term, we maintain our outlook for EUR/USD to trend higher, underpinned by narrowing real rate differentials, a recovering European asset market, reduced global dem..."") 2. ""bullish on EUR/USD and EUR/Scand...","Orta","Risk bölümü, tahminlerin jeopolitik akış ve makro görünümdeki sapmalarla bozulabileceğini vurguluyor. (Ref: ""greater downside risk to USD than entailed in our projections • Risks to our forecasts are predominantly tied to the US outlook. If the capital rotation out of US assets continues and a sharp US recession hit, EUR/USD..."")","17","68","%58.8","—","—","65.0 (C)"
"2026-02-17","Danske Bank","Kristoffer Kjær Lomholt; Jens Nærvig Pedersen; Kirstine Kundby-Nielsen; Mohamad Al-Saraf; Stefan Mellin; Jesper Fjärstedt; Antti Ilvonen; Bjørn Tangaa Sillemann; Emilie Herbo","PDF","Rapor, ""Lingering scepticism sustains bearish dollar outlook"" başlığı altında ana FX çaprazları için son gelişmeler, piyasa etkileri ve görünüm güncellemesi sunuyor. Metnin odağında kısa vadeli şok akışı ile orta vadeli temel patikanın birlikte okunması var. (Ref: ""solid macro backdrop and monetary policy divergence • Since our last FX Forecast Update on 19 January, the US economy has remained on a solid footing. January’s jobs report showed 130k new jobs and unemployment...","FX Forecast Update - Lingering scepticism sustains bearish dollar outlook","Ana tez, kısa vadede mevcut şok temasının fiyatlamayı yönlendirmesi; orta vadede ise yapısal ve makro çerçevenin yeni dengeyi belirlemesidir. (Ref: ""bullish on EUR/USD and EUR/Scandies • Over the medium term, we maintain our outlook for EUR/USD to trend higher, underpinned by narrowing real rate differentials, a recovering European asset market, reduced global dem..."")","1. ""solid macro backdrop and monetary policy divergence • Since our last FX Forecast Update on 19 January, the..."" → ⚠️ Kısmen; sonraki kaynak ""FX Forecast Update - Energy shock steers global repricing"" başlığıyla temayı güncelliyor. (Ref: ""long-term bullish on EUR/USD and EUR/Scandies • With no quick resolution to the war in Iran, we expect the downturn in EUR/USD to continue in the 1-3M horizon. Looking further ahead, we still think that weakening US s..."") 2. ""bullish on EUR/USD and EUR/Scandies • Over the me...","Orta","Risk bölümü, tahminlerin jeopolitik akış ve makro görünümdeki sapmalarla bozulabileceğini vurguluyor. (Ref: ""greater downside risk to USD than entailed in our projections • Risks to our forecasts are predominantly tied to the US outlook. If the capital rotation out of US assets continues and a sharp US recession hit, EUR/USD..."")","17","68","%29.4","—","—","52.3 (D)"
"2026-03-20","Danske Bank","Kristoffer Kjær Lomholt; Jens Nærvig Pedersen; Kirstine Kundby-Nielsen; Stefan Mellin; Jesper Fjärstedt; Antti Ilvonen; Emilie Herbo","PDF","Rapor, ""Energy shock steers global repricing"" başlığı altında ana FX çaprazları için son gelişmeler, piyasa etkileri ve görünüm güncellemesi sunuyor. Metnin odağında kısa vadeli şok akışı ile orta vadeli temel patikanın birlikte okunması var. (Ref: ""energy prices in the driver’s seat • Since our last FX Forecast Update on 17 February, the surge in energy prices has taken the driver’s seat following the US/Israel attack on Iran and subsequent escalation in the Per...""; ""lon...","FX Forecast Update - Energy shock steers global repricing","Ana tez, kısa vadede mevcut şok temasının fiyatlamayı yönlendirmesi; orta vadede ise yapısal ve makro çerçevenin yeni dengeyi belirlemesidir. (Ref: ""long-term bullish on EUR/USD and EUR/Scandies • With no quick resolution to the war in Iran, we expect the downturn in EUR/USD to continue in the 1-3M horizon. Looking further ahead, we still think that weakening US s..."")","1. ""energy prices in the driver’s seat • Since our last FX Forecast Update on 17 February, the surge in energy..."" → ⏳ Değerlendirilemez (Ref: ""energy prices in the driver’s seat • Since our last FX Forecast Update on 17 February, the surge in energy prices has taken the driver’s seat following the US/Israel attack on Iran and subsequent escalation in the Per..."") 2. ""long-term bullish on EUR/USD and EUR/Scandies • With no quick resolution to the war in Iran, we expect the..."" → ⏳ Değerlendirilemez (Ref: ""long-t...","⏳","Risk bölümü, tahminlerin jeopolitik akış ve makro görünümdeki sapmalarla bozulabileceğini vurguluyor. (Ref: ""geopolitics and greater downside risk to USD than entailed in our forecasts • Near-term risks to our forecasts are closely tied to geopolitical developments regarding the Iran-escalation and by extension global energy..."")","17","68","%33.3","—","—","43.5 (D)"
"2023-08-20","ICBC Yatırım","Ekip","PDF","Rapor, model portföy bileşimini ve seçili hisselerdeki güncellemeleri özetliyor. Metin portföye eklenen veya çıkarılan hisseler ile BIST100 hedef seviyesi etrafında konumlanıyor. (Ref: ""Model Portföy 2 Araştırma| Ağustos 2023 ICBC Yatırım | Ağustos 2023 2 Fiyat Hedef Yukarı PD Hacim F/K Sektöre özgü çarpan * Görece Perf.""; ""Bu dönemde BIST100 %51, BIST30 %47 yükseldi."")","Model Portföy - Ağustos 2023","Ana tez, AL önerili hisselerde yukarı potansiyelin korunması ve model portföyün güncel makro çerçeveye göre yeniden ayarlanmasıdır. (Ref: ""Model Portföy 2 Araştırma| Ağustos 2023 ICBC Yatırım | Ağustos 2023 2 Fiyat Hedef Yukarı PD Hacim F/K Sektöre özgü çarpan * Görece Perf.""; ""Bu dönemde BIST100 %51, BIST30 %47 yükseldi."")","1. ""Model Portföy 2 Araştırma| Ağustos 2023 ICBC Yatırım | Ağustos 2023 2 Fiyat Hedef Yukarı PD Hacim F/K Sektö..."" → ⚠️ Kısmen; sonraki kaynak ""Model Portföy - Eylül 2023"" başlığıyla temayı güncelliyor. (Ref: ""Model Portföy 2 Araştırma| Eylül 2023 ICBC Yatırım | Eylül 2023 2 Fiyat Hedef Yukarı PD Hacim F/K Sektöre özgü çarpan * Görece Perf."") 2. ""Bu dönemde BIST100 %51, BIST30 %47 yükseldi."" → ⚠️ Kısmen; sonraki kaynak ""Model Portföy - Eylül 2023"" başlığıyla temayı güncelliyor. (Ref: ""Model Portföy 2 Araştırma|...","Orta","Risk çerçevesi ayrı başlıkta verilmemiş olsa da metin, jeopolitik ve makro koşulların portföy tercihlerini etkilediğini gösteriyor. (Ref: ""Model Portföy 2 Araştırma| Ağustos 2023 ICBC Yatırım | Ağustos 2023 2 Fiyat Hedef Yukarı PD Hacim F/K Sektöre özgü çarpan * Görece Perf."")","9","9","%33.3","—","—","28.3 (F)"
"2023-09-19","ICBC Yatırım","Ekip","PDF","Rapor, model portföy bileşimini ve seçili hisselerdeki güncellemeleri özetliyor. Metin portföye eklenen veya çıkarılan hisseler ile BIST100 hedef seviyesi etrafında konumlanıyor. (Ref: ""Model Portföy 2 Araştırma| Eylül 2023 ICBC Yatırım | Eylül 2023 2 Fiyat Hedef Yukarı PD Hacim F/K Sektöre özgü çarpan * Görece Perf.""; ""Bu dönemde BIST100 %42, BIST30 %40 yükseldi."")","Model Portföy - Eylül 2023","Ana tez, AL önerili hisselerde yukarı potansiyelin korunması ve model portföyün güncel makro çerçeveye göre yeniden ayarlanmasıdır. (Ref: ""Model Portföy 2 Araştırma| Eylül 2023 ICBC Yatırım | Eylül 2023 2 Fiyat Hedef Yukarı PD Hacim F/K Sektöre özgü çarpan * Görece Perf.""; ""Bu dönemde BIST100 %42, BIST30 %40 yükseldi."")","1. ""Model Portföy 2 Araştırma| Eylül 2023 ICBC Yatırım | Eylül 2023 2 Fiyat Hedef Yukarı PD Hacim F/K Sektöre ö..."" → ✅ Gerçekleşti; sonraki kaynak ""Model Portföy - Ekim 2023"" başlığıyla temayı güncelliyor. (Ref: ""Yüksek enflasyon ve rasyonel para politikası ile desteklenen borsa Yeni ekonomi yönetiminin ve TCMB'nin şu ana kadar attığı adımlar, açık bir şekilde geleneksel politikalara dönüşün ve makroekonomik politikalara olan..."") 2. ""Bu dönemde BIST100 %42, BIST30 %40 yükseldi."" → ✅ Gerçekleşti; sonraki kaynak...","Yüksek","Risk çerçevesi ayrı başlıkta verilmemiş olsa da metin, jeopolitik ve makro koşulların portföy tercihlerini etkilediğini gösteriyor. (Ref: ""Model Portföy 2 Araştırma| Eylül 2023 ICBC Yatırım | Eylül 2023 2 Fiyat Hedef Yukarı PD Hacim F/K Sektöre özgü çarpan * Görece Perf."")","11","11","%54.5","—","—","41.8 (D)"
"2023-10-03","ICBC Yatırım","Ekip","PDF","Rapor, model portföy bileşimini ve seçili hisselerdeki güncellemeleri özetliyor. Metin portföye eklenen veya çıkarılan hisseler ile BIST100 hedef seviyesi etrafında konumlanıyor. (Ref: ""Sonrasında piyasa güçlü yükselişi sindiriyor ancak olumlu eğilimin 2023 yıl sonuna kadar devam etmesini bekliyoruz.""; ""BIST100 için 12 aylık hedef değerimiz 10 bin."")","Model Portföy - Ekim 2023","Ana tez, AL önerili hisselerde yukarı potansiyelin korunması ve model portföyün güncel makro çerçeveye göre yeniden ayarlanmasıdır. (Ref: ""Sonrasında piyasa güçlü yükselişi sindiriyor ancak olumlu eğilimin 2023 yıl sonuna kadar devam etmesini bekliyoruz.""; ""BIST100 için 12 aylık hedef değerimiz 10 bin."")","1. ""Sonrasında piyasa güçlü yükselişi sindiriyor ancak olumlu eğilimin 2023 yıl sonuna kadar devam etmesini bek..."" → ⚠️ Kısmen; sonraki kaynak ""Model Portföy - Ekim 2023"" başlığıyla temayı güncelliyor. (Ref: ""Model Portföy 2 Araştırma| Ekim 2023 ICBC Yatırım | Ekim 2023 2 Fiyat Hedef Yukarı PD Hacim F/K Sektöre özgü çarpan * Görece Perf."") 2. ""BIST100 için 12 aylık hedef değerimiz 10 bin."" → ⚠️ Kısmen; sonraki kaynak ""Model Portföy - Ekim 2023"" başlığıyla temayı güncelliyor. (Ref: ""Model Portföy 2 Araştırma| Ek...","Orta","Risk çerçevesi ayrı başlıkta verilmemiş olsa da metin, jeopolitik ve makro koşulların portföy tercihlerini etkilediğini gösteriyor. (Ref: ""Yüksek enflasyon ve rasyonel para politikası ile desteklenen borsa Yeni ekonomi yönetiminin ve TCMB'nin şu ana kadar attığı adımlar, açık bir şekilde geleneksel politikalara dönüşün ve makroekonomik politikalara olan..."")","10","10","%60.0","—","—","39.0 (F)"
"2023-10-17","ICBC Yatırım","Ekip","PDF","Rapor, model portföy bileşimini ve seçili hisselerdeki güncellemeleri özetliyor. Metin portföye eklenen veya çıkarılan hisseler ile BIST100 hedef seviyesi etrafında konumlanıyor. (Ref: ""Model Portföy 2 Araştırma| Ekim 2023 ICBC Yatırım | Ekim 2023 2 Fiyat Hedef Yukarı PD Hacim F/K Sektöre özgü çarpan * Görece Perf.""; ""Bu dönemde BIST100 %48, BIST30 %44 yükseldi."")","Model Portföy - Ekim 2023","Ana tez, AL önerili hisselerde yukarı potansiyelin korunması ve model portföyün güncel makro çerçeveye göre yeniden ayarlanmasıdır. (Ref: ""Model Portföy 2 Araştırma| Ekim 2023 ICBC Yatırım | Ekim 2023 2 Fiyat Hedef Yukarı PD Hacim F/K Sektöre özgü çarpan * Görece Perf.""; ""Bu dönemde BIST100 %48, BIST30 %44 yükseldi."")","1. ""Model Portföy 2 Araştırma| Ekim 2023 ICBC Yatırım | Ekim 2023 2 Fiyat Hedef Yukarı PD Hacim F/K Sektöre özg..."" → ✅ Gerçekleşti; sonraki kaynak ""Model Portföy Güncelleme - Haziran 2024"" başlığıyla temayı güncelliyor. (Ref: ""BIST100 Hedef Değerimiz 14.000 2024 yılının geri kalanında ekonominin görece yavaşlamasını ve enflasyonda belirgin bir düşüş eğilimi görülene kadar TCMB'nin sıkı para politikasına devam etmesini bekliyoruz."") 2. ""Bu dönemde BIST100 %48, BIST30 %44 yükseldi."" → ✅ Gerçekleşti; sonraki kayna...","Yüksek","Risk çerçevesi ayrı başlıkta verilmemiş olsa da metin, jeopolitik ve makro koşulların portföy tercihlerini etkilediğini gösteriyor. (Ref: ""Model Portföy 2 Araştırma| Ekim 2023 ICBC Yatırım | Ekim 2023 2 Fiyat Hedef Yukarı PD Hacim F/K Sektöre özgü çarpan * Görece Perf."")","11","11","%54.5","—","—","41.8 (D)"
"2024-06-26","ICBC Yatırım","Ekip","PDF","Rapor, model portföy bileşimini ve seçili hisselerdeki güncellemeleri özetliyor. Metin portföye eklenen veya çıkarılan hisseler ile BIST100 hedef seviyesi etrafında konumlanıyor. (Ref: ""BIST100 Hedef Değerimiz 14.000 2024 yılının geri kalanında ekonominin görece yavaşlamasını ve enflasyonda belirgin bir düşüş eğilimi görülene kadar TCMB'nin sıkı para politikasına devam etmesini bekliyoruz.""; ""Model Portföy Güncelleme Haziran 2024 Yatırım -- 1 of 9 -- BIST100 Hedef Değerimi...","Model Portföy Güncelleme - Haziran 2024","Ana tez, AL önerili hisselerde yukarı potansiyelin korunması ve model portföyün güncel makro çerçeveye göre yeniden ayarlanmasıdır. (Ref: ""BIST100 Hedef Değerimiz 14.000 2024 yılının geri kalanında ekonominin görece yavaşlamasını ve enflasyonda belirgin bir düşüş eğilimi görülene kadar TCMB'nin sıkı para politikasına devam etmesini bekliyoruz.""; ""Model Portföy Güncelleme Haziran 2024 Yatırım -- 1 of 9 -- BIST100 H...","1. ""BIST100 Hedef Değerimiz 14.000 2024 yılının geri kalanında ekonominin görece yavaşlamasını ve enflasyonda b..."" → ✅ Gerçekleşti; sonraki kaynak ""Model Portföy Güncelleme - Ekim 2024"" başlığıyla temayı güncelliyor. (Ref: ""• Enflasyon muhasebesi net karlara baskı yapmaya devam edecek, ancak çeyreklik enflasyon azaldıkça etkisi kademeli olarak azalacak."") 2. ""Model Portföy Güncelleme Haziran 2024 Yatırım -- 1 of 9 -- BIST100 Hedef Değerimiz 14.000 2024 yılının geri..."" → ✅ Gerçekleşti; sonraki kaynak ""Model Por...","Yüksek","Risk çerçevesi ayrı başlıkta verilmemiş olsa da metin, jeopolitik ve makro koşulların portföy tercihlerini etkilediğini gösteriyor. (Ref: ""BIST100 Hedef Değerimiz 14.000 2024 yılının geri kalanında ekonominin görece yavaşlamasını ve enflasyonda belirgin bir düşüş eğilimi görülene kadar TCMB'nin sıkı para politikasına devam etmesini bekliyoruz."")","13","13","%7.7","—","—","23.1 (F)"
"2024-10-23","ICBC Yatırım","Ekip","PDF","Rapor, model portföy bileşimini ve seçili hisselerdeki güncellemeleri özetliyor. Metin portföye eklenen veya çıkarılan hisseler ile BIST100 hedef seviyesi etrafında konumlanıyor. (Ref: ""BIST100 Hedef Değerimiz 12.500 • Sıkı para politikasının yılın kalanında da devam etmesi ve kısa vadede hisse senetlerine alternatifler sağlaması bekleniyor.""; ""Model Portföy Güncelleme Ekim 2024 Yatırım -- 1 of 9 -- BIST100 Hedef Değerimiz 12.500 • Sıkı para politikasının yılın kalanında d...","Model Portföy Güncelleme - Ekim 2024","Ana tez, AL önerili hisselerde yukarı potansiyelin korunması ve model portföyün güncel makro çerçeveye göre yeniden ayarlanmasıdır. (Ref: ""BIST100 Hedef Değerimiz 12.500 • Sıkı para politikasının yılın kalanında da devam etmesi ve kısa vadede hisse senetlerine alternatifler sağlaması bekleniyor.""; ""Model Portföy Güncelleme Ekim 2024 Yatırım -- 1 of 9 -- BIST100 Hedef Değerimiz 12.500 • Sıkı para politikasının yılı...","1. ""BIST100 Hedef Değerimiz 12.500 • Sıkı para politikasının yılın kalanında da devam etmesi ve kısa vadede his..."" → ✅ Gerçekleşti; sonraki kaynak ""Model Portföy - Aralık 2024"" başlığıyla temayı güncelliyor. (Ref: ""Anadolu Efes hissesini Model Portföyümüzden Çıkarıyoruz 2 Araştırma| Aralık 2024 ICBC Yatırım | Aralık 2024 2 Rusya tarafından, AB InBev ile Anadolu Efes’in ortak girişiminin Rusya'daki kısmını geçici yönetime devrede..."") 2. ""Model Portföy Güncelleme Ekim 2024 Yatırım -- 1 of 9 -- BIST100 Hedef Değe...","Yüksek","Risk çerçevesi ayrı başlıkta verilmemiş olsa da metin, jeopolitik ve makro koşulların portföy tercihlerini etkilediğini gösteriyor. (Ref: ""• Enflasyon muhasebesi net karlara baskı yapmaya devam edecek, ancak çeyreklik enflasyon azaldıkça etkisi kademeli olarak azalacak."")","15","15","%66.7","—","—","46.7 (D)"
"2024-12-31","ICBC Yatırım","Ekip","PDF","Rapor, model portföy bileşimini ve seçili hisselerdeki güncellemeleri özetliyor. Metin portföye eklenen veya çıkarılan hisseler ile BIST100 hedef seviyesi etrafında konumlanıyor. (Ref: ""Anadolu Efes hissesini Model Portföyümüzden Çıkarıyoruz 2 Araştırma| Aralık 2024 ICBC Yatırım | Aralık 2024 2 Rusya tarafından, AB InBev ile Anadolu Efes’in ortak girişiminin Rusya'daki kısmını geçici yönetime devrede...""; ""Model Portföy Aralık 2024 Yatırım -- 1 of 3 -- Anadolu Efes hissesi...","Model Portföy - Aralık 2024","Ana tez, AL önerili hisselerde yukarı potansiyelin korunması ve model portföyün güncel makro çerçeveye göre yeniden ayarlanmasıdır. (Ref: ""Anadolu Efes hissesini Model Portföyümüzden Çıkarıyoruz 2 Araştırma| Aralık 2024 ICBC Yatırım | Aralık 2024 2 Rusya tarafından, AB InBev ile Anadolu Efes’in ortak girişiminin Rusya'daki kısmını geçici yönetime devrede...""; ""Model Portföy Aralık 2024 Yatırım -- 1 of 3 -- Anadolu...","1. ""Anadolu Efes hissesini Model Portföyümüzden Çıkarıyoruz 2 Araştırma| Aralık 2024 ICBC Yatırım | Aralık 2024..."" → ⚠️ Kısmen; sonraki kaynak ""2025 Strateji Raporu - Ocak 2025"" başlığıyla temayı güncelliyor. (Ref: ""Borsa İstanbul: Piyasalar, Jeopolitik Belirsizlikler Artarken Gevşeme Döngüsünde Yol Alacak Küresel bağlam: Gevşeme döngüsünde vasat büyüme ve artan jeopolitik belirsizlikler."") 2. ""Model Portföy Aralık 2024 Yatırım -- 1 of 3 -- Anadolu Efes hissesini Model Portföyümüzden Çıkarıyoruz 2 Ar..."" → ⚠️ K...","Orta","Risk çerçevesi ayrı başlıkta verilmemiş olsa da metin, jeopolitik ve makro koşulların portföy tercihlerini etkilediğini gösteriyor. (Ref: ""Anadolu Efes hissesini Model Portföyümüzden Çıkarıyoruz 2 Araştırma| Aralık 2024 ICBC Yatırım | Aralık 2024 2 Rusya tarafından, AB InBev ile Anadolu Efes’in ortak girişiminin Rusya'daki kısmını geçici yönetime devrede..."")","13","13","%38.5","—","—","30.4 (F)"
"2025-05-08","ICBC Yatırım","Ekip","PDF","Rapor, model portföy bileşimini ve seçili hisselerdeki güncellemeleri özetliyor. Metin portföye eklenen veya çıkarılan hisseler ile BIST100 hedef seviyesi etrafında konumlanıyor. (Ref: ""Borsa İstanbul: Piyasalar, Jeopolitik Belirsizlikler Artarken Gevşeme Döngüsünde Yol Alacak Küresel bağlam: Gevşeme döngüsünde vasat büyüme ve artan jeopolitik belirsizlikler.""; ""2 Araştırma| Ocak 2025 ICBC Yatırım | Ocak 2025 2 -- 2 of 28 -- BIST100 için 12 aylık hedef 12.500 Faiz indirimi...","2025 Strateji Raporu - Ocak 2025","Ana tez, AL önerili hisselerde yukarı potansiyelin korunması ve model portföyün güncel makro çerçeveye göre yeniden ayarlanmasıdır. (Ref: ""Borsa İstanbul: Piyasalar, Jeopolitik Belirsizlikler Artarken Gevşeme Döngüsünde Yol Alacak Küresel bağlam: Gevşeme döngüsünde vasat büyüme ve artan jeopolitik belirsizlikler.""; ""2 Araştırma| Ocak 2025 ICBC Yatırım | Ocak 2025 2 -- 2 of 28 -- BIST100 için 12 aylık hedef 12.500...","1. ""Borsa İstanbul: Piyasalar, Jeopolitik Belirsizlikler Artarken Gevşeme Döngüsünde Yol Alacak Küresel bağlam:..."" → ⚠️ Kısmen; sonraki kaynak ""Model Portföy Güncelleme - Temmuz 2025"" başlığıyla temayı güncelliyor. (Ref: ""Ancak bu, ağırlıklı olarak beklenen faiz indirimlerinin etkisini yansıtıyor."") 2. ""2 Araştırma| Ocak 2025 ICBC Yatırım | Ocak 2025 2 -- 2 of 28 -- BIST100 için 12 aylık hedef 12.500 Faiz ind..."" → ⚠️ Kısmen; sonraki kaynak ""Model Portföy Güncelleme - Temmuz 2025"" başlığıyla temayı güncelliyor....","Orta","Risk çerçevesi ayrı başlıkta verilmemiş olsa da metin, jeopolitik ve makro koşulların portföy tercihlerini etkilediğini gösteriyor. (Ref: ""Borsa İstanbul: Piyasalar, Jeopolitik Belirsizlikler Artarken Gevşeme Döngüsünde Yol Alacak Küresel bağlam: Gevşeme döngüsünde vasat büyüme ve artan jeopolitik belirsizlikler."")","15","15","⏳","—","—","⏳"
"2025-07-28","ICBC Yatırım","Ekip","PDF","Rapor, model portföy bileşimini ve seçili hisselerdeki güncellemeleri özetliyor. Metin portföye eklenen veya çıkarılan hisseler ile BIST100 hedef seviyesi etrafında konumlanıyor. (Ref: ""BIST100 Görünümü: 12 Aylık Hedef 13.500; %27 Getiri Potansiyeli BIST100 için 12 aylık hedefimizi 12.500 seviyesinden 13.500 seviyesine yükseltiyoruz.""; ""Model Portföy Güncelleme Temmuz 2025 Yatırım -- 1 of 5 -- BIST100 Görünümü: 12 Aylık Hedef 13.500; %27 Getiri Potansiyeli BIST100 için 12...","Model Portföy Güncelleme - Temmuz 2025","Ana tez, AL önerili hisselerde yukarı potansiyelin korunması ve model portföyün güncel makro çerçeveye göre yeniden ayarlanmasıdır. (Ref: ""BIST100 Görünümü: 12 Aylık Hedef 13.500; %27 Getiri Potansiyeli BIST100 için 12 aylık hedefimizi 12.500 seviyesinden 13.500 seviyesine yükseltiyoruz.""; ""Model Portföy Güncelleme Temmuz 2025 Yatırım -- 1 of 5 -- BIST100 Görünümü: 12 Aylık Hedef 13.500; %27 Getiri Potansiyeli BIS...","1. ""BIST100 Görünümü: 12 Aylık Hedef 13.500; %27 Getiri Potansiyeli BIST100 için 12 aylık hedefimizi 12.500 sev..."" → ⚠️ Kısmen; sonraki kaynak ""Model Portföy Güncelleme - Ekim 2025"" başlığıyla temayı güncelliyor. (Ref: ""Turkcell’i ise yaklaşan 5G ihalesi sonrası artacak yatırım harcamaları ve buna bağlı finansman ihtiyacı ile birlikte, enflasyonun kademeli olarak yavaşlamasıyla gelir büyümesi hikayesinin zayıflaması nedeniyle portföy..."") 2. ""Model Portföy Güncelleme Temmuz 2025 Yatırım -- 1 of 5 -- BIST100 Gör...","Orta","Risk çerçevesi ayrı başlıkta verilmemiş olsa da metin, jeopolitik ve makro koşulların portföy tercihlerini etkilediğini gösteriyor. (Ref: ""Ancak bu, ağırlıklı olarak beklenen faiz indirimlerinin etkisini yansıtıyor."")","12","12","⏳","—","—","⏳"
"2025-10-03","ICBC Yatırım","Ekip","PDF","Rapor, model portföy bileşimini ve seçili hisselerdeki güncellemeleri özetliyor. Metin portföye eklenen veya çıkarılan hisseler ile BIST100 hedef seviyesi etrafında konumlanıyor. (Ref: ""İşbank’ı, kısa vadede hisse performansında oynaklığa yol açabilecek son haber akışı nedeniyle portföyden çıkarıyoruz.""; ""Model Portföy Güncelleme Ekim 2025 Yatırım -- 1 of 4 -- En Beğendiğimiz Hisselerde Güncellemeler Model portföyümüzdeki hisseler, BIST100’ün %31’ini ve BIST30’un %41’ini a...","Model Portföy Güncelleme - Ekim 2025","Ana tez, AL önerili hisselerde yukarı potansiyelin korunması ve model portföyün güncel makro çerçeveye göre yeniden ayarlanmasıdır. (Ref: ""İşbank’ı, kısa vadede hisse performansında oynaklığa yol açabilecek son haber akışı nedeniyle portföyden çıkarıyoruz.""; ""Model Portföy Güncelleme Ekim 2025 Yatırım -- 1 of 4 -- En Beğendiğimiz Hisselerde Güncellemeler Model portföyümüzdeki hisseler, BIST100’ün %31’ini ve BIST30...","1. ""İşbank’ı, kısa vadede hisse performansında oynaklığa yol açabilecek son haber akışı nedeniyle portföyden çı..."" → ✅ Gerçekleşti; sonraki kaynak ""2026 Strateji Raporu - Ocak 2026"" başlığıyla temayı güncelliyor. (Ref: ""Borsa İstanbul: Belirsizlikler devam edecek Küresel görünüm: Küresel büyümenin, gevşeme döngüsü sürecinde sınırlı kalması beklenirken, piyasaların jeopolitik risklere karşı görece dayanıklı kalabileceğini düşünüyoruz."") 2. ""Model Portföy Güncelleme Ekim 2025 Yatırım -- 1 of 4 -- En Beğendiğimiz...","Yüksek","Risk çerçevesi ayrı başlıkta verilmemiş olsa da metin, jeopolitik ve makro koşulların portföy tercihlerini etkilediğini gösteriyor. (Ref: ""Turkcell’i ise yaklaşan 5G ihalesi sonrası artacak yatırım harcamaları ve buna bağlı finansman ihtiyacı ile birlikte, enflasyonun kademeli olarak yavaşlamasıyla gelir büyümesi hikayesinin zayıflaması nedeniyle portföy..."")","9","9","⏳","—","—","⏳"
"2026-01-23","ICBC Yatırım","Ekip","PDF","Rapor, model portföy bileşimini ve seçili hisselerdeki güncellemeleri özetliyor. Metin portföye eklenen veya çıkarılan hisseler ile BIST100 hedef seviyesi etrafında konumlanıyor. (Ref: ""Zayıf dolar ve zayıf enerji fiyatlarının Türkiye’de enflasyon ve cari açığı desteklemeye devam etmesini bekliyoruz.""; ""Finans dışı şirketlerin operasyonel performansı 2025’te zayıf kalırken, gelir ve FAVÖK’te düşük tek haneli reel büyüme görülmüş; BIST100 finans dışı şirketlerin toplam net...","2026 Strateji Raporu - Ocak 2026","Ana tez, AL önerili hisselerde yukarı potansiyelin korunması ve model portföyün güncel makro çerçeveye göre yeniden ayarlanmasıdır. (Ref: ""Zayıf dolar ve zayıf enerji fiyatlarının Türkiye’de enflasyon ve cari açığı desteklemeye devam etmesini bekliyoruz.""; ""Finans dışı şirketlerin operasyonel performansı 2025’te zayıf kalırken, gelir ve FAVÖK’te düşük tek haneli reel büyüme görülmüş; BIST100 finans dışı şirketleri...","1. ""Zayıf dolar ve zayıf enerji fiyatlarının Türkiye’de enflasyon ve cari açığı desteklemeye devam etmesini bek..."" → ⚠️ Kısmen; sonraki kaynak ""Model Portföy Güncelleme - Mart 2026"" başlığıyla temayı güncelliyor. (Ref: ""Son gelişmeler, TCMB’nin faiz indirim döngüsüne ara vermesine ve yıl sonu enflasyon beklentilerinin yükselmesine yol açmıştır."") 2. ""Finans dışı şirketlerin operasyonel performansı 2025’te zayıf kalırken, gelir ve FAVÖK’te düşük tek haneli..."" → ⚠️ Kısmen; sonraki kaynak ""Model Portföy Güncellem...","Orta","Risk çerçevesi ayrı başlıkta verilmemiş olsa da metin, jeopolitik ve makro koşulların portföy tercihlerini etkilediğini gösteriyor. (Ref: ""Borsa İstanbul: Belirsizlikler devam edecek Küresel görünüm: Küresel büyümenin, gevşeme döngüsü sürecinde sınırlı kalması beklenirken, piyasaların jeopolitik risklere karşı görece dayanıklı kalabileceğini düşünüyoruz."")","9","9","⏳","—","—","⏳"
"2026-03-12","ICBC Yatırım","Ekip","PDF","Rapor, model portföy bileşimini ve seçili hisselerdeki güncellemeleri özetliyor. Metin portföye eklenen veya çıkarılan hisseler ile BIST100 hedef seviyesi etrafında konumlanıyor. (Ref: ""En Beğendiğimiz Hisselerde Güncellemeler Bu güncellemede Pegasus’u (PGSUS) portföyümüzden çıkarıyor, yerine Doğan Holding (DOHOL) ve TSKB’yi (TSKB) model portföyümüze ekliyoruz.""; ""TSKB güçlü finansal sonuçlar açıklamasına rağmen, 2025 yılında ve yılbaşından bu yana hem banka endeksinin hem...","Model Portföy Güncelleme - Mart 2026","Ana tez, AL önerili hisselerde yukarı potansiyelin korunması ve model portföyün güncel makro çerçeveye göre yeniden ayarlanmasıdır. (Ref: ""En Beğendiğimiz Hisselerde Güncellemeler Bu güncellemede Pegasus’u (PGSUS) portföyümüzden çıkarıyor, yerine Doğan Holding (DOHOL) ve TSKB’yi (TSKB) model portföyümüze ekliyoruz.""; ""TSKB güçlü finansal sonuçlar açıklamasına rağmen, 2025 yılında ve yılbaşından bu yana hem banka e...","1. ""En Beğendiğimiz Hisselerde Güncellemeler Bu güncellemede Pegasus’u (PGSUS) portföyümüzden çıkarıyor, yerine..."" → ⏳ Değerlendirilemez (Ref: ""En Beğendiğimiz Hisselerde Güncellemeler Bu güncellemede Pegasus’u (PGSUS) portföyümüzden çıkarıyor, yerine Doğan Holding (DOHOL) ve TSKB’yi (TSKB) model portföyümüze ekliyoruz."") 2. ""TSKB güçlü finansal sonuçlar açıklamasına rağmen, 2025 yılında ve yılbaşından bu yana hem banka endeksinin..."" → ⏳ Değerlendirilemez (Ref: ""TSKB güçlü finansal sonuçlar açıklamasına rağmen...","⏳","Risk çerçevesi ayrı başlıkta verilmemiş olsa da metin, jeopolitik ve makro koşulların portföy tercihlerini etkilediğini gösteriyor. (Ref: ""Son gelişmeler, TCMB’nin faiz indirim döngüsüne ara vermesine ve yıl sonu enflasyon beklentilerinin yükselmesine yol açmıştır."")","10","10","⏳","—","—","⏳"
"2026-03-15","Devrim Akyıl","Devrim Akyıl","Video","Video, ""ABD Balonu Hava Kaçırıyor!"" başlığı altında güncel makro akış ile izlenen varlıklara ilişkin değerlendirmeler yapıyor. Açılış bölümü ana çerçeveyi kuruyor ve anlatı boyunca korunma ile fırsat temaları işleniyor. (Ref: ""Ama daha sonra halının altına attıkları sistemik sorunlar ortaya çıkmaya başlayınca da mecburen yüksek enflasyonu zapt etmek için faiz arttırmaya başladılar.""; ""Sağlık ve savunma sanayi oralarda pozitif bir miktarda enerji şirketlerine pozitif gelişm...","ABD Balonu Hava Kaçırıyor!","Ana tez, anlatıcının öne çıkardığı ana senaryo ve pozisyonlanma görüşüdür. (Ref: ""Sağlık ve savunma sanayi oralarda pozitif bir miktarda enerji şirketlerine pozitif gelişmelerin devam ettiğini biliyorsunuz."")","1. ""Dolayısıyla oradaki sıkıntıda bu hikayeyi de dünyaya pazarladılar."" → ⚠️ Kısmen; sonraki kaynak ""ABD’de Finansal Çöküş’e Savaş Kılıfı!"" başlığıyla temayı güncelliyor. (Ref: ""Ama Amerikan borsalarında Amerikan ekonomisinin yapay zeka balonu, MTA short pozisyon sıkıntıları ve borcunu ödeyememe dalgasının çok daha büyük bir armagedona doğru sürüklenip sürüklenmeyeceğine doğru ilk negatif ham..."") 2. ""Bunun da bu ortamda aslında kötü olmayacağını düşündüğüm bir ikili dip oluşumunun ihtimalinin hala olduğunu...""...","Orta","Risk çerçevesi, anlatıda öne çıkan kırılganlıklar ve uyarılar üzerinden okunuyor. (Ref: ""Evet sevgili izleyiciler bu kanalda uzun zamandır Amerikan borsaları üzerinde kurulan balon sistemini anlattık."")","0","0","⏳","—","—","⏳"
"2026-03-15","Devrim Akyıl","Devrim Akyıl","Video","Video, ""ABD’de Finansal Çöküş’e Savaş Kılıfı!"" başlığı altında güncel makro akış ile izlenen varlıklara ilişkin değerlendirmeler yapıyor. Açılış bölümü ana çerçeveyi kuruyor ve anlatı boyunca korunma ile fırsat temaları işleniyor. (Ref: ""Likiditeyle kısa vad sorunları çözmeye çalışıyor ama o paralar tersine sorunu derinleştirecek ve o para oradan çıktıkça değerli metallere ya da riskten kaçış enstrümanlara nakte geçmeye çalışarak sistemi daha da büyük...""; ""Ve burada tamam...","ABD’de Finansal Çöküş’e Savaş Kılıfı!","Ana tez, anlatıcının öne çıkardığı ana senaryo ve pozisyonlanma görüşüdür. (Ref: ""Ve burada tamamen sizi korumak için bu hikayeleri anlattığımızı ve resmi uzun vadeli doğru okuyanların aslında bu işten para kazanacağını, kazançlı çıkacağını ama kısa vadede yanlış alışkanlıklarla önce kazancın kript..."")","1. ""Ama tabii işler iyiye giderken negatif senaryoları anlatmak yatırımcı karşısında bazen negatif etkiler yapa..."" → ⚠️ Kısmen; sonraki kaynak ""Altın, Gümüş + Bist’de Bize Sürpriz Yok!🙏❤️🧿"" başlığıyla temayı güncelliyor. (Ref: ""Ekonomide büyük bir savaş telaşı başladı."") 2. ""Hangi şirketlerin bu işi pozitif algıladığı ve kimlerin tam tersine bu geçen hafta gördüğümüz gibi yazılım..."" → ⚠️ Kısmen; sonraki kaynak ""Altın, Gümüş + Bist’de Bize Sürpriz Yok!🙏❤️🧿"" başlığıyla temayı güncelliyor. (Ref: ""Ekonomide bü...","Orta","Risk çerçevesi, anlatıda öne çıkan kırılganlıklar ve uyarılar üzerinden okunuyor. (Ref: ""Ama Amerikan borsalarında Amerikan ekonomisinin yapay zeka balonu, MTA short pozisyon sıkıntıları ve borcunu ödeyememe dalgasının çok daha büyük bir armagedona doğru sürüklenip sürüklenmeyeceğine doğru ilk negatif ham..."")","0","0","⏳","—","—","⏳"
"2026-03-15","Devrim Akyıl","Devrim Akyıl","Video","Video, ""Altın, Gümüş + Bist’de Bize Sürpriz Yok!🙏❤️🧿"" başlığı altında güncel makro akış ile izlenen varlıklara ilişkin değerlendirmeler yapıyor. Açılış bölümü ana çerçeveyi kuruyor ve anlatı boyunca korunma ile fırsat temaları işleniyor. (Ref: ""Ekonomide büyük bir savaş telaşı başladı.""; ""Bir miktar altını gümüşü zaten tutmaya devam ediyoruz."")","Altın, Gümüş + Bist’de Bize Sürpriz Yok!🙏❤️🧿","Ana tez, anlatıcının öne çıkardığı ana senaryo ve pozisyonlanma görüşüdür. (Ref: ""Bir miktar altını gümüşü zaten tutmaya devam ediyoruz."")","1. ""Gözlemledik ama bu kanalın izleyicileri için zaten anlatılan senaryonun bir parçasıydı."" → ⚠️ Kısmen; sonraki kaynak ""Altın + Gümüş + Bist Hatta Dolar da…"" başlığıyla temayı güncelliyor. (Ref: ""Ama sanki böyle bir şey varmışçasına bir senaryo yazıldı, oynanıyor."") 2. ""Çünkü zaten bu kanalda bunu detayıyla uzun zamandır adım adım anlattık."" → ⚠️ Kısmen; sonraki kaynak ""Altın + Gümüş + Bist Hatta Dolar da…"" başlığıyla temayı güncelliyor. (Ref: ""Ama sanki böyle bir şey varmışçasına bir senaryo yazıldı, oynanıyo...","Orta","Risk çerçevesi, anlatıda öne çıkan kırılganlıklar ve uyarılar üzerinden okunuyor. (Ref: ""Ekonomide büyük bir savaş telaşı başladı."")","0","0","⏳","—","—","⏳"
"2026-03-15","Devrim Akyıl","Devrim Akyıl","Video","Video, ""Altın + Gümüş + Bist Hatta Dolar da…"" başlığı altında güncel makro akış ile izlenen varlıklara ilişkin değerlendirmeler yapıyor. Açılış bölümü ana çerçeveyi kuruyor ve anlatı boyunca korunma ile fırsat temaları işleniyor. (Ref: ""Cari cari açık 5 milyar dolar beklenirken Aralık ayı için tam 7 milyar dolar geldi.""; ""Bunun sonuçlarının da böyle olacağını maalesef aylardır dile getirdik."")","Altın + Gümüş + Bist Hatta Dolar da…","Ana tez, anlatıcının öne çıkardığı ana senaryo ve pozisyonlanma görüşüdür. (Ref: ""Bunun sonuçlarının da böyle olacağını maalesef aylardır dile getirdik."")","1. ""Çünkü o yüksek faizin sadece kuru tutmak için kullanıldığı aslında enflasyonla mücadele için yapılmadığı ne..."" → ⚠️ Kısmen; sonraki kaynak ""Altın & Gümüş Heyecanı Geri Döndü!🧿❤️"" başlığıyla temayı güncelliyor. (Ref: ""Bu artık herkesin bi hikaye haline gelince üstün üstük Amerika'da çok büyük bir fiziki açık oluştuğu için bunun tam da böyle gelişmeme ihtimalinin daha yüksek olduğunu hiçbir zaman kesin bir veriye sahip olamayız."") 2. ""Ama sanki böyle bir şey varmışçasına bir senaryo yazıldı, oynanıyor."" → ⚠️...","Orta","Risk çerçevesi, anlatıda öne çıkan kırılganlıklar ve uyarılar üzerinden okunuyor. (Ref: ""Ama sanki böyle bir şey varmışçasına bir senaryo yazıldı, oynanıyor."")","0","0","⏳","—","—","⏳"
"2026-03-15","Devrim Akyıl","Devrim Akyıl","Video","Video, ""Altın & Gümüş Heyecanı Geri Döndü!🧿❤️"" başlığı altında güncel makro akış ile izlenen varlıklara ilişkin değerlendirmeler yapıyor. Açılış bölümü ana çerçeveyi kuruyor ve anlatı boyunca korunma ile fırsat temaları işleniyor. (Ref: ""Altın gümüş manipülatörlerinin Çin tatilinde altını gümüşü öldürecekler safsatası da tarih oldu.""; ""Dolayısıyla Çin tatilinde altın gümüşün de aşağıda bir alış fırsatı verip vermeyeceği tartışması da sınırlı bir fırsatı hafta başında verd...","Altın & Gümüş Heyecanı Geri Döndü!🧿❤️","Ana tez, anlatıcının öne çıkardığı ana senaryo ve pozisyonlanma görüşüdür. (Ref: ""Dolayısıyla Çin tatilinde altın gümüşün de aşağıda bir alış fırsatı verip vermeyeceği tartışması da sınırlı bir fırsatı hafta başında verdikten sonra kontrollü bir şekilde yukarı daha sonra cuma günü sert şekilde yuka..."")","1. ""Dolayısıyla gördüğümüz okuduğumuz kendi bilgi ve tecrübelerimiz doğrultusunda yalnızca bildiğimiz doğrular..."" → ⚠️ Kısmen; sonraki kaynak ""Altın Gümüş Sakin, Petrol Coştu! Buğday Kazandırdı!"" başlığıyla temayı güncelliyor. (Ref: ""Savaş çıktı, altın gümüş çakıldı."") 2. ""Dolayısıyla Çin tatilinde altın gümüşün de aşağıda bir alış fırsatı verip vermeyeceği tartışması da sınırlı..."" → ✅ Gerçekleşti; sonraki kaynak ""Altın Gümüş Sakin, Petrol Coştu! Buğday Kazandırdı!"" başlığıyla temayı güncelliyor. (Ref: ""Savaş...","Orta","Risk çerçevesi, anlatıda öne çıkan kırılganlıklar ve uyarılar üzerinden okunuyor. (Ref: ""Bu artık herkesin bi hikaye haline gelince üstün üstük Amerika'da çok büyük bir fiziki açık oluştuğu için bunun tam da böyle gelişmeme ihtimalinin daha yüksek olduğunu hiçbir zaman kesin bir veriye sahip olamayız."")","0","0","⏳","—","—","⏳"
"2026-03-15","Devrim Akyıl","Devrim Akyıl","Video","Video, ""Altın Gümüş Sakin, Petrol Coştu! Buğday Kazandırdı!"" başlığı altında güncel makro akış ile izlenen varlıklara ilişkin değerlendirmeler yapıyor. Açılış bölümü ana çerçeveyi kuruyor ve anlatı boyunca korunma ile fırsat temaları işleniyor. (Ref: ""Savaş çıktı, altın gümüş çakıldı.""; ""Bu kanalın izleyicileri çok iyi biliyor ki altın, gümüş, platin 2028'e kadar geri çekilmelerde fiziki olarak toplanmaya ya da ekrandan fırsat oldukça toplanmaya devam edilecek enstrümanlar...","Altın Gümüş Sakin, Petrol Coştu! Buğday Kazandırdı!","Ana tez, anlatıcının öne çıkardığı ana senaryo ve pozisyonlanma görüşüdür. (Ref: ""Bu kanalın izleyicileri çok iyi biliyor ki altın, gümüş, platin 2028'e kadar geri çekilmelerde fiziki olarak toplanmaya ya da ekrandan fırsat oldukça toplanmaya devam edilecek enstrümanlar olmaya devam ediyor."")","1. ""Dolayısıyla bu fiyatlardaki geri çekilmenin hala geçici olabileceği kaçınılmaz bir son."" → ⚠️ Kısmen; sonraki kaynak ""Altın & Gümüş’te Yeni Zırvalıklar!"" başlığıyla temayı güncelliyor. (Ref: ""Çünkü bir finansal ürünün fiyatı yükselebilir, düşebilir ama önemli olan yükselirkenki arkasındaki sebeplere bakacaksınız."") 2. ""Onun için bu algılara yenik düşmezsek biz bu kanalın izleyicileri dünyada aklı başındaki yatırımcılar tam t..."" → ✅ Gerçekleşti; sonraki kaynak ""Altın & Gümüş’te Yeni Zırvalıklar!"" başlığıyla...","Orta","Risk çerçevesi, anlatıda öne çıkan kırılganlıklar ve uyarılar üzerinden okunuyor. (Ref: ""Savaş çıktı, altın gümüş çakıldı."")","0","0","⏳","—","—","⏳"
"2026-03-15","Devrim Akyıl","Devrim Akyıl","Video","Video, ""Altın & Gümüş’te Yeni Zırvalıklar!"" başlığı altında güncel makro akış ile izlenen varlıklara ilişkin değerlendirmeler yapıyor. Açılış bölümü ana çerçeveyi kuruyor ve anlatı boyunca korunma ile fırsat temaları işleniyor. (Ref: ""Altın gümüş fiyatlarını bastırabilmek için tarihi zırvalıklar devam ediyor.""; ""Altın gümüş fiyatlarını bastırabilmek için tarihi zırvalıklar devam ediyor."")","Altın & Gümüş’te Yeni Zırvalıklar!","Ana tez, anlatıcının öne çıkardığı ana senaryo ve pozisyonlanma görüşüdür. (Ref: ""Altın gümüş fiyatlarını bastırabilmek için tarihi zırvalıklar devam ediyor."")","1. ""Çünkü bir finansal ürünün fiyatı yükselebilir, düşebilir ama önemli olan yükselirkenki arkasındaki sebepler..."" → ⚠️ Kısmen; sonraki kaynak ""Altın & Gümüş’ün Varsa Sorunun Yok!"" başlığıyla temayı güncelliyor. (Ref: ""Bu hafta sonu Amerika'nın, İsrail'in İran'ı bombalamaya başladığı haberini gördük."") 2. ""Geçmiş videolar kanalımdaki özellikle ilk videolardan itibaren bakarsanız bu senaryoları adım adım anlattık."" → ⚠️ Kısmen; sonraki kaynak ""Altın & Gümüş’ün Varsa Sorunun Yok!"" başlığıyla temayı güncelliyor. (...","Orta","Risk çerçevesi, anlatıda öne çıkan kırılganlıklar ve uyarılar üzerinden okunuyor. (Ref: ""Çünkü bir finansal ürünün fiyatı yükselebilir, düşebilir ama önemli olan yükselirkenki arkasındaki sebeplere bakacaksınız."")","0","0","⏳","—","—","⏳"
"2026-03-15","Devrim Akyıl","Devrim Akyıl","Video","Video, ""Altın & Gümüş’ün Varsa Sorunun Yok!"" başlığı altında güncel makro akış ile izlenen varlıklara ilişkin değerlendirmeler yapıyor. Açılış bölümü ana çerçeveyi kuruyor ve anlatı boyunca korunma ile fırsat temaları işleniyor. (Ref: ""Altın, gümüş, diğer değerli metaller, cuma günü kritik dirençlerini aştı.""; ""Yeni hedeflere doğru yolculuk başladı."")","Altın & Gümüş’ün Varsa Sorunun Yok!","Ana tez, anlatıcının öne çıkardığı ana senaryo ve pozisyonlanma görüşüdür. (Ref: ""Yeni hedeflere doğru yolculuk başladı."")","1. ""Altın, gümüş, diğer değerli metaller, cuma günü kritik dirençlerini aştı."" → ✅ Gerçekleşti; sonraki kaynak ""Amerikan Draması Çirkinleşiyor!"" başlığıyla temayı güncelliyor. (Ref: ""Evet sevgili izleyiciler Amerikan dramasını burada her hafta ikinci videoda, hafta sonları yayınlarımız ikinci videoda anlatıyoruz."") 2. ""Üzücü ama en azından burada bilgi sahibi olursak, buna hazırlıklı olursak kendimizi koruyabileceğimizi de d..."" → ⚠️ Kısmen; sonraki kaynak ""Amerikan Draması Çirkinleşiyor!"" başlığıyla temayı günc...","Orta","Risk çerçevesi, anlatıda öne çıkan kırılganlıklar ve uyarılar üzerinden okunuyor. (Ref: ""Bu hafta sonu Amerika'nın, İsrail'in İran'ı bombalamaya başladığı haberini gördük."")","0","0","⏳","—","—","⏳"
"2026-03-15","Devrim Akyıl","Devrim Akyıl","Video","Video, ""Amerikan Draması Çirkinleşiyor!"" başlığı altında güncel makro akış ile izlenen varlıklara ilişkin değerlendirmeler yapıyor. Açılış bölümü ana çerçeveyi kuruyor ve anlatı boyunca korunma ile fırsat temaları işleniyor. (Ref: ""Bakın Google 91 milyar dolar harcamış.""; ""Amerika başkanı, bakanları borsayla gerçek ekonomi algısını karıştırmaya devam ediyor."")","Amerikan Draması Çirkinleşiyor!","Ana tez, anlatıcının öne çıkardığı ana senaryo ve pozisyonlanma görüşüdür. (Ref: ""Amerika başkanı, bakanları borsayla gerçek ekonomi algısını karıştırmaya devam ediyor."")","1. ""Çünkü uzunca bir zamandır Amerikan ekonomisi aslında halktan koptukça, gelir dağılımı bozuldukça borsayı şi..."" → ⚠️ Kısmen; sonraki kaynak ""Bitmeyen Amerikan Draması!"" başlığıyla temayı güncelliyor. (Ref: ""Yani şimdi siz bu tarifeler iptal olursa tarifeleri toplamak, geri almak, geri ödenmesi filan zor olur."") 2. ""Çünkü fiyatlamalar aşırı iyimser."" → ⚠️ Kısmen; sonraki kaynak ""Bitmeyen Amerikan Draması!"" başlığıyla temayı güncelliyor. (Ref: ""Yani şimdi siz bu tarifeler iptal olursa tarifeleri toplamak, geri...","Orta","Risk çerçevesi, anlatıda öne çıkan kırılganlıklar ve uyarılar üzerinden okunuyor. (Ref: ""Evet sevgili izleyiciler Amerikan dramasını burada her hafta ikinci videoda, hafta sonları yayınlarımız ikinci videoda anlatıyoruz."")","0","0","⏳","—","—","⏳"
"2026-03-15","Devrim Akyıl","Devrim Akyıl","Video","Video, ""Bitmeyen Amerikan Draması!"" başlığı altında güncel makro akış ile izlenen varlıklara ilişkin değerlendirmeler yapıyor. Açılış bölümü ana çerçeveyi kuruyor ve anlatı boyunca korunma ile fırsat temaları işleniyor. (Ref: ""Buradan da ciddi anlamda milyarlarca dolarlık bir soygun için hazırlık yapılmış.""; ""Neyse sonu itibariyle Amerika'nın ekonomisi işler rezalete doğru devam ediyor."")","Bitmeyen Amerikan Draması!","Ana tez, anlatıcının öne çıkardığı ana senaryo ve pozisyonlanma görüşüdür. (Ref: ""Neyse sonu itibariyle Amerika'nın ekonomisi işler rezalete doğru devam ediyor."")","1. ""Çünkü hiçbir şey tesadüften ibaret değil."" → ⚠️ Kısmen; sonraki kaynak ""Merkez Sıkışıyor: Sabırla Sepete Devam: Altın + Gümüş + Bist"" başlığıyla temayı güncelliyor. (Ref: ""İsrailAmerika la İran arasındaki savaş maalesef tam da beklediğimiz gibi artan bir gerilimle yükselmeye devam ediyor."") 2. ""Yani şimdi siz bu tarifeler iptal olursa tarifeleri toplamak, geri almak, geri ödenmesi filan zor olur."" → ⚠️ Kısmen; sonraki kaynak ""Merkez Sıkışıyor: Sabırla Sepete Devam: Altın + Gümüş + Bist"" başlığıyla temayı gün...","Orta","Risk çerçevesi, anlatıda öne çıkan kırılganlıklar ve uyarılar üzerinden okunuyor. (Ref: ""Yani şimdi siz bu tarifeler iptal olursa tarifeleri toplamak, geri almak, geri ödenmesi filan zor olur."")","0","0","⏳","—","—","⏳"
"2026-03-15","Devrim Akyıl","Devrim Akyıl","Video","Video, ""Merkez Sıkışıyor: Sabırla Sepete Devam: Altın + Gümüş + Bist"" başlığı altında güncel makro akış ile izlenen varlıklara ilişkin değerlendirmeler yapıyor. Açılış bölümü ana çerçeveyi kuruyor ve anlatı boyunca korunma ile fırsat temaları işleniyor. (Ref: ""İsrailAmerika la İran arasındaki savaş maalesef tam da beklediğimiz gibi artan bir gerilimle yükselmeye devam ediyor.""; ""İsrailAmerika la İran arasındaki savaş maalesef tam da beklediğimiz gibi artan bir gerilimle yü...","Merkez Sıkışıyor: Sabırla Sepete Devam: Altın + Gümüş + Bist","Ana tez, anlatıcının öne çıkardığı ana senaryo ve pozisyonlanma görüşüdür. (Ref: ""İsrailAmerika la İran arasındaki savaş maalesef tam da beklediğimiz gibi artan bir gerilimle yükselmeye devam ediyor."")","1. ""Dolayısıyla burada çok eski bir medeniyeti konuşuyoruz."" → ⚠️ Kısmen; sonraki kaynak ""Veee Maalesef Başladı! Altın, Gümüş & BİST Ne Olur?"" başlığıyla temayı güncelliyor. (Ref: ""Elbette bunları değerlendireceğiz ama bu kanalın izleyicileri çok iyi biliyor ki savaşlar sebep değil sonuçtur."") 2. ""Dolayısıyla bu mücadele uzun sürecek bir savaşın devamı ve İran'da belli ki hazırlıklıydı."" → ⚠️ Kısmen; sonraki kaynak ""Veee Maalesef Başladı! Altın, Gümüş & BİST Ne Olur?"" başlığıyla temayı güncelliyor. (Ref: ""Elbett...","Orta","Risk çerçevesi, anlatıda öne çıkan kırılganlıklar ve uyarılar üzerinden okunuyor. (Ref: ""İsrailAmerika la İran arasındaki savaş maalesef tam da beklediğimiz gibi artan bir gerilimle yükselmeye devam ediyor."")","0","0","⏳","—","—","⏳"
"2026-03-15","Devrim Akyıl","Devrim Akyıl","Video","Video, ""Veee Maalesef Başladı! Altın, Gümüş & BİST Ne Olur?"" başlığı altında güncel makro akış ile izlenen varlıklara ilişkin değerlendirmeler yapıyor. Açılış bölümü ana çerçeveyi kuruyor ve anlatı boyunca korunma ile fırsat temaları işleniyor. (Ref: ""Maalesef önümüzdeki hafta altında, dolarda, borsada neler bekleyebiliriz?""; ""neden altının aslında yükseldiğini, yükseleceğini, yükselmeye de devam edeceğini de detaylıyla anlatmıştık."")","Veee Maalesef Başladı! Altın, Gümüş & BİST Ne Olur?","Ana tez, anlatıcının öne çıkardığı ana senaryo ve pozisyonlanma görüşüdür. (Ref: ""neden altının aslında yükseldiğini, yükseleceğini, yükselmeye de devam edeceğini de detaylıyla anlatmıştık."")","1. ""Elbette bunları değerlendireceğiz ama bu kanalın izleyicileri çok iyi biliyor ki savaşlar sebep değil sonuç..."" → ✅ Gerçekleşti; sonraki kaynak ""ABD Kredi Krizi Borsa’ya Vurmaya Başladı!"" başlığıyla temayı güncelliyor. (Ref: ""Savaş mı yoksa zaten var olan sıkıntı su yüzüne mi çıktı?"") 2. ""Çünkü bunu daha önce çok gördük."" → ⚠️ Kısmen; sonraki kaynak ""ABD Kredi Krizi Borsa’ya Vurmaya Başladı!"" başlığıyla temayı güncelliyor. (Ref: ""Savaş mı yoksa zaten var olan sıkıntı su yüzüne mi çıktı?"")","Orta","Risk çerçevesi, anlatıda öne çıkan kırılganlıklar ve uyarılar üzerinden okunuyor. (Ref: ""Elbette bunları değerlendireceğiz ama bu kanalın izleyicileri çok iyi biliyor ki savaşlar sebep değil sonuçtur."")","0","0","⏳","—","—","⏳"
"2026-03-17","Devrim Akyıl","Devrim Akyıl","Video","Video, ""ABD Kredi Krizi Borsa’ya Vurmaya Başladı!"" başlığı altında güncel makro akış ile izlenen varlıklara ilişkin değerlendirmeler yapıyor. Açılış bölümü ana çerçeveyi kuruyor ve anlatı boyunca korunma ile fırsat temaları işleniyor. (Ref: ""Savaş mı yoksa zaten var olan sıkıntı su yüzüne mi çıktı?""; ""Bu hafta 25.60 trend takip seviyim aşağısında kaldığı sürece hala yükselişler satış fırsatı olmaya devam edecek."")","ABD Kredi Krizi Borsa’ya Vurmaya Başladı!","Ana tez, anlatıcının öne çıkardığı ana senaryo ve pozisyonlanma görüşüdür. (Ref: ""Bu hafta 25.60 trend takip seviyim aşağısında kaldığı sürece hala yükselişler satış fırsatı olmaya devam edecek."")","1. ""Ama sonuç itibariyla Trump ne yaparsa yapsın şartlar değişmedi."" → ⚠️ Kısmen; sonraki kaynak ""Ateş Yükseliyor! Dolar, Altın & Bist’de Ne Yapmalı?"" başlığıyla temayı güncelliyor. (Ref: ""Savaş maalesef beklediğimiz gibi iyice kızışıyor ama biz değiştiremediklerimize üzülmeyeceğiz."") 2. ""bankanın yaptığı açıklamada özel kredi ödemelerinde sıkıntı çıkacağını yani bu tip ödemelerin, bu tip fonla..."" → ⚠️ Kısmen; sonraki kaynak ""Ateş Yükseliyor! Dolar, Altın & Bist’de Ne Yapmalı?"" başlığıyla temayı güncelliyor. (R...","Orta","Risk çerçevesi, anlatıda öne çıkan kırılganlıklar ve uyarılar üzerinden okunuyor. (Ref: ""Savaş mı yoksa zaten var olan sıkıntı su yüzüne mi çıktı?"")","0","0","⏳","—","—","⏳"
"2026-03-17","Devrim Akyıl","Devrim Akyıl","Video","Video, ""Ateş Yükseliyor! Dolar, Altın & Bist’de Ne Yapmalı?"" başlığı altında güncel makro akış ile izlenen varlıklara ilişkin değerlendirmeler yapıyor. Açılış bölümü ana çerçeveyi kuruyor ve anlatı boyunca korunma ile fırsat temaları işleniyor. (Ref: ""Savaş maalesef beklediğimiz gibi iyice kızışıyor ama biz değiştiremediklerimize üzülmeyeceğiz.""; ""Bu ortamda stakülatif ortamda yani enflasyonla beraber doğal bir durgunluğun olduğu ortamda birileri kazanmaya devam ediyor."")","Ateş Yükseliyor! Dolar, Altın & Bist’de Ne Yapmalı?","Ana tez, anlatıcının öne çıkardığı ana senaryo ve pozisyonlanma görüşüdür. (Ref: ""Bu ortamda stakülatif ortamda yani enflasyonla beraber doğal bir durgunluğun olduğu ortamda birileri kazanmaya devam ediyor."")","1. ""Tabii ki uluslararası siyaseti de sık sık değerlendiriyoruz."" → ⚠️ Kısmen; sonraki kaynak ""Hürmüz’den Yuan’la Geç❕Dolar’la Dur‼️"" başlığıyla temayı güncelliyor. (Ref: ""Petroldeki patlamayı yılın başından itibaren bu kanalda detaylı anlattık."") 2. ""Bu ortamda stakülatif ortamda yani enflasyonla beraber doğal bir durgunluğun olduğu ortamda birileri kazanm..."" → ⚠️ Kısmen; sonraki kaynak ""Hürmüz’den Yuan’la Geç❕Dolar’la Dur‼️"" başlığıyla temayı güncelliyor. (Ref: ""Petroldeki patlamayı yılın başından itibaren bu...","Orta","Risk çerçevesi, anlatıda öne çıkan kırılganlıklar ve uyarılar üzerinden okunuyor. (Ref: ""Savaş maalesef beklediğimiz gibi iyice kızışıyor ama biz değiştiremediklerimize üzülmeyeceğiz."")","0","0","⏳","—","—","⏳"
"2026-03-17","Devrim Akyıl","Devrim Akyıl","Video","Video, ""Hürmüz’den Yuan’la Geç❕Dolar’la Dur‼️"" başlığı altında güncel makro akış ile izlenen varlıklara ilişkin değerlendirmeler yapıyor. Açılış bölümü ana çerçeveyi kuruyor ve anlatı boyunca korunma ile fırsat temaları işleniyor. (Ref: ""Peki altın ve gümüş neden bu kadar sakin?""; ""senaryoları aslında olmadan petrol fiyatlarının yeni zirve bakın hala daha tarihi zirvelere gideceğini iddia ediyordum."")","Hürmüz’den Yuan’la Geç❕Dolar’la Dur‼️","Ana tez, anlatıcının öne çıkardığı ana senaryo ve pozisyonlanma görüşüdür. (Ref: ""senaryoları aslında olmadan petrol fiyatlarının yeni zirve bakın hala daha tarihi zirvelere gideceğini iddia ediyordum."")","1. ""Çünkü bu petroldeki gelişimi hissettik, anlattık."" → ⚠️ Kısmen; sonraki kaynak ""ABD Borsaları’nda Çöküş Başlıyor Mu?"" başlığıyla temayı güncelliyor. (Ref: ""Çünkü Amerikan borsalarıyla ilgili defalarca, çok uzun zamandır ciddi uyarılar yaptık."") 2. ""senaryoları aslında olmadan petrol fiyatlarının yeni zirve bakın hala daha tarihi zirvelere gideceğini iddi..."" → ⚠️ Kısmen; sonraki kaynak ""ABD Borsaları’nda Çöküş Başlıyor Mu?"" başlığıyla temayı güncelliyor. (Ref: ""Çünkü Amerikan borsalarıyla ilgili defalarca, ç...","Orta","Risk çerçevesi, anlatıda öne çıkan kırılganlıklar ve uyarılar üzerinden okunuyor. (Ref: ""Petroldeki patlamayı yılın başından itibaren bu kanalda detaylı anlattık."")","0","0","⏳","—","—","⏳"
"2026-03-24","Devrim Akyıl","Devrim Akyıl","Video","Video, ""ABD Borsaları’nda Çöküş Başlıyor Mu?"" başlığı altında güncel makro akış ile izlenen varlıklara ilişkin değerlendirmeler yapıyor. Açılış bölümü ana çerçeveyi kuruyor ve anlatı boyunca korunma ile fırsat temaları işleniyor. (Ref: ""Big Short'un yani 2008 krizinin büyük kazananı Michael Burry borsalarda %77'lik S&amp;P endeksinde %77'lik bir çöküş beklediğini açıkladı.""; ""170'i de aşağı hafta başına kırarsa hareketin devam edeceğini düşünebiliriz."")","ABD Borsaları’nda Çöküş Başlıyor Mu?","Ana tez, anlatıcının öne çıkardığı ana senaryo ve pozisyonlanma görüşüdür. (Ref: ""170'i de aşağı hafta başına kırarsa hareketin devam edeceğini düşünebiliriz."")","1. ""Çünkü Amerikan borsalarıyla ilgili defalarca, çok uzun zamandır ciddi uyarılar yaptık."" → ⚠️ Kısmen; sonraki kaynak ""Altın & Gümüş Dip Neresi?"" başlığıyla temayı güncelliyor. (Ref: ""Evet sevgili izleyiciler ilk videoda aslında detaylı anlattım cumartesi videosunda ama tabii ki bu video MT Altın Gümüş üzerinde olduğu için mutlaka biraz daha değinmek istiyorum."") 2. ""Sonra 2022 boyunca ciddi çakıldı Nazlak ve hisseler %80 %75 değer kaybetti."" → ⚠️ Kısmen; sonraki kaynak ""Altın & Gümüş Dip Neresi?"" başlığıyla t...","Orta","Risk çerçevesi, anlatıda öne çıkan kırılganlıklar ve uyarılar üzerinden okunuyor. (Ref: ""Çünkü Amerikan borsalarıyla ilgili defalarca, çok uzun zamandır ciddi uyarılar yaptık."")","0","0","⏳","—","—","⏳"
"2026-03-24","Devrim Akyıl","Devrim Akyıl","Video","Video, ""Altın & Gümüş Dip Neresi?"" başlığı altında güncel makro akış ile izlenen varlıklara ilişkin değerlendirmeler yapıyor. Açılış bölümü ana çerçeveyi kuruyor ve anlatı boyunca korunma ile fırsat temaları işleniyor. (Ref: ""Altın, gümüş, sert düşüşler kaydetti.""; ""Benim gibi bunu orta vadeli alış fırsatı olarak değerlendirecekler için dip neresi?"")","Altın & Gümüş Dip Neresi?","Ana tez, anlatıcının öne çıkardığı ana senaryo ve pozisyonlanma görüşüdür. (Ref: ""Benim gibi bunu orta vadeli alış fırsatı olarak değerlendirecekler için dip neresi?"")","1. ""Benim gibi bunu orta vadeli alış fırsatı olarak değerlendirecekler için dip neresi?"" → ⚠️ Kısmen; sonraki kaynak ""Altın & Gümüş Düşüşüne Ağlamalı mıyız?"" başlığıyla temayı güncelliyor. (Ref: ""Gece ile gündüzün eşit olduğu kuzey yarımkürede ilkbaharın geldiği o güzel günü geride bırakırken hocam ne güzel günü altın gümüş çöktü battık bittik diye ağlamalı mıyız yoksa oh be altın gümüş biraz geri çekiliyor di..."") 2. ""Bunu ve daha fazlasını bu videoda değerlendireceğiz."" → ⚠️ Kısmen; sonraki kaynak ""Altın & Güm...","Orta","Risk çerçevesi, anlatıda öne çıkan kırılganlıklar ve uyarılar üzerinden okunuyor. (Ref: ""Evet sevgili izleyiciler ilk videoda aslında detaylı anlattım cumartesi videosunda ama tabii ki bu video MT Altın Gümüş üzerinde olduğu için mutlaka biraz daha değinmek istiyorum."")","0","0","⏳","—","—","⏳"
"2026-03-24","Devrim Akyıl","Devrim Akyıl","Video","Video, ""Altın & Gümüş Düşüşüne Ağlamalı mıyız?"" başlığı altında güncel makro akış ile izlenen varlıklara ilişkin değerlendirmeler yapıyor. Açılış bölümü ana çerçeveyi kuruyor ve anlatı boyunca korunma ile fırsat temaları işleniyor. (Ref: ""Gece ile gündüzün eşit olduğu kuzey yarımkürede ilkbaharın geldiği o güzel günü geride bırakırken hocam ne güzel günü altın gümüş çöktü battık bittik diye ağlamalı mıyız yoksa oh be altın gümüş biraz geri çekiliyor di...""; ""Ama gerçekte f...","Altın & Gümüş Düşüşüne Ağlamalı mıyız?","Ana tez, anlatıcının öne çıkardığı ana senaryo ve pozisyonlanma görüşüdür. (Ref: ""Ama gerçekte fiziki talep devam edeceği için ikinci çözüm pek de gerçeğe yakın gözükmüyor."")","1. ""Bu kanalda her zaman her üründe geri çekilmelerde dönem dönem kademeli alışlar, yükselişlerde de kademeli s..."" → ⚠️ Kısmen; sonraki kaynak ""ABD’de Büyük Çöküş Mü?"" başlığıyla temayı güncelliyor. (Ref: ""Evet sevgili izleyiciler, Amerikan borsaları ile ilgili uzunca bir zamandır makro resimle ilgili anormal karamsardık."") 2. ""Ama bunları söylerken asla ve asla makro olarak uzun vadeli taşıdığım fizikileri asla satmayacağımı 2028 yı..."" → ⚠️ Kısmen; sonraki kaynak ""ABD’de Büyük Çöküş Mü?"" başlığıyla temayı gün...","Orta","Risk çerçevesi, anlatıda öne çıkan kırılganlıklar ve uyarılar üzerinden okunuyor. (Ref: ""Gece ile gündüzün eşit olduğu kuzey yarımkürede ilkbaharın geldiği o güzel günü geride bırakırken hocam ne güzel günü altın gümüş çöktü battık bittik diye ağlamalı mıyız yoksa oh be altın gümüş biraz geri çekiliyor di..."")","0","0","⏳","—","—","⏳"
"2026-03-31","Devrim Akyıl","Devrim Akyıl","Video","Video, ""ABD’de Büyük Çöküş Mü?"" başlığı altında güncel makro akış ile izlenen varlıklara ilişkin değerlendirmeler yapıyor. Açılış bölümü ana çerçeveyi kuruyor ve anlatı boyunca korunma ile fırsat temaları işleniyor. (Ref: ""Amerikan borsalarında trilyonlarca dolar buhar oldu.""; ""Şimdi 24.000 kısa vade trend takip üzerine çıkmadığı sürece 24.000 ve 24.194 yön aşağı devam edecek."")","ABD’de Büyük Çöküş Mü?","Ana tez, anlatıcının öne çıkardığı ana senaryo ve pozisyonlanma görüşüdür. (Ref: ""Şimdi 24.000 kısa vade trend takip üzerine çıkmadığı sürece 24.000 ve 24.194 yön aşağı devam edecek."")","1. ""Çünkü yanlış bir fiyatlamayı uzun süre iyimser bir şekilde dünyaya pazarlama gayreti ve Amerikan fan boylar..."" → ⚠️ Kısmen; sonraki kaynak ""Altın & Gümüş Fırsat Penceresi Devam!"" başlığıyla temayı güncelliyor. (Ref: ""Ama altın ve gümüşte uzun vadeciler için alım fırsatı penceresi devam ediyor."") 2. ""Para buharlaşmaz, değer kaybı, değer kazancı olur diyor."" → ⚠️ Kısmen; sonraki kaynak ""Altın & Gümüş Fırsat Penceresi Devam!"" başlığıyla temayı güncelliyor. (Ref: ""Ama altın ve gümüşte uzun vadeciler için alım f...","Orta","Risk çerçevesi, anlatıda öne çıkan kırılganlıklar ve uyarılar üzerinden okunuyor. (Ref: ""Evet sevgili izleyiciler, Amerikan borsaları ile ilgili uzunca bir zamandır makro resimle ilgili anormal karamsardık."")","0","0","⏳","—","—","⏳"
"2026-03-31","Devrim Akyıl","Devrim Akyıl","Video","Video, ""Altın & Gümüş Fırsat Penceresi Devam!"" başlığı altında güncel makro akış ile izlenen varlıklara ilişkin değerlendirmeler yapıyor. Açılış bölümü ana çerçeveyi kuruyor ve anlatı boyunca korunma ile fırsat temaları işleniyor. (Ref: ""Ama altın ve gümüşte uzun vadeciler için alım fırsatı penceresi devam ediyor.""; ""Ama altın ve gümüşte uzun vadeciler için alım fırsatı penceresi devam ediyor."")","Altın & Gümüş Fırsat Penceresi Devam!","Ana tez, anlatıcının öne çıkardığı ana senaryo ve pozisyonlanma görüşüdür. (Ref: ""Ama altın ve gümüşte uzun vadeciler için alım fırsatı penceresi devam ediyor."")","1. ""Arkadaşlar defalarca yükseliş boyunca iyi karlar ettiğinizi, bu kadar karın ciddi karlar olduğunu, eğer hed..."" → ⚠️ Kısmen; sonraki kaynak ""Dolar, Altın & Bist için Sürpriz Ziyaretçi!🤔"" başlığıyla temayı güncelliyor. (Ref: ""Yanı başımızda savaş gitgide şiddetlenerek devam ediyor."") 2. ""Eğer sattıysanız veya satmadıysanız yeni yapacak girişleriniz için işte bu geri çekilmeler alış fırsatları..."" → ⚠️ Kısmen; sonraki kaynak ""Dolar, Altın & Bist için Sürpriz Ziyaretçi!🤔"" başlığıyla temayı güncelliyor. (Ref:...","Orta","Risk çerçevesi, anlatıda öne çıkan kırılganlıklar ve uyarılar üzerinden okunuyor. (Ref: ""Ama altın ve gümüşte uzun vadeciler için alım fırsatı penceresi devam ediyor."")","0","0","⏳","—","—","⏳"
"2026-03-31","Devrim Akyıl","Devrim Akyıl","Video","Video, ""Dolar, Altın & Bist için Sürpriz Ziyaretçi!🤔"" başlığı altında güncel makro akış ile izlenen varlıklara ilişkin değerlendirmeler yapıyor. Açılış bölümü ana çerçeveyi kuruyor ve anlatı boyunca korunma ile fırsat temaları işleniyor. (Ref: ""Yanı başımızda savaş gitgide şiddetlenerek devam ediyor.""; ""Yanı başımızda savaş gitgide şiddetlenerek devam ediyor."")","Dolar, Altın & Bist için Sürpriz Ziyaretçi!🤔","Ana tez, anlatıcının öne çıkardığı ana senaryo ve pozisyonlanma görüşüdür. (Ref: ""Yanı başımızda savaş gitgide şiddetlenerek devam ediyor."")","1. ""Evet sevgili izleyiciler biliyorsunuz genel anlamda Türkiye ekonomisini tam 5,5 yıldır her hafta sonu 3 vid..."" → ⚠️ Kısmen; sonraki kaynak ""ABD’de Finansal Kriz mi? Savaş mı?"" başlığıyla temayı güncelliyor. (Ref: ""Uzun zamandır değerlendirdiğimiz bir konuydu."") 2. ""Şimdi Türkiye'nin şartlarını biliyorsunuz sürekli bir değişkenlik gösteriyor."" → ⚠️ Kısmen; sonraki kaynak ""ABD’de Finansal Kriz mi? Savaş mı?"" başlığıyla temayı güncelliyor. (Ref: ""Uzun zamandır değerlendirdiğimiz bir konuydu."")","Orta","Risk çerçevesi, anlatıda öne çıkan kırılganlıklar ve uyarılar üzerinden okunuyor. (Ref: ""Yanı başımızda savaş gitgide şiddetlenerek devam ediyor."")","0","0","⏳","—","—","⏳"
"2026-04-05","Devrim Akyıl","Devrim Akyıl","Video","Video, ""ABD’de Finansal Kriz mi? Savaş mı?"" başlığı altında güncel makro akış ile izlenen varlıklara ilişkin değerlendirmeler yapıyor. Açılış bölümü ana çerçeveyi kuruyor ve anlatı boyunca korunma ile fırsat temaları işleniyor. (Ref: ""Ama Amerika'nın agresifleşmesi, daha fazla saldırması, daha fazla savaşlara girmesi Amerikan borsalarının dramatik vaziyetini değiştirmeyecek.""; ""Amerika Birleşik Devletleri ekonomik gücünü kaybetmeye devam ettikçe, eksen Çin'e doğru kaydıkça...","ABD’de Finansal Kriz mi? Savaş mı?","Ana tez, anlatıcının öne çıkardığı ana senaryo ve pozisyonlanma görüşüdür. (Ref: ""Amerika Birleşik Devletleri ekonomik gücünü kaybetmeye devam ettikçe, eksen Çin'e doğru kaydıkça daha agresifleşecek."")","1. ""Uzun zamandır değerlendirdiğimiz bir konuydu."" → ⚠️ Kısmen; sonraki kaynak ""Merkez Çaresizce Altın Satıyor! - Haftalık Dolar Altın Bist Analizleri"" başlığıyla temayı güncelliyor. (Ref: ""Bunu duyunca beni bir gülüme alıyor ama neyse."") 2. ""Bunların hiçbir tanesi güzel sonuçlar değil elbette ama şu ana kadar olanların da zaten hoş senaryolar olma..."" → ⚠️ Kısmen; sonraki kaynak ""Merkez Çaresizce Altın Satıyor! - Haftalık Dolar Altın Bist Analizleri"" başlığıyla temayı güncelliyor. (Ref: ""Bunu duyunca beni bir g...","Orta","Risk çerçevesi, anlatıda öne çıkan kırılganlıklar ve uyarılar üzerinden okunuyor. (Ref: ""Uzun zamandır değerlendirdiğimiz bir konuydu."")","0","0","⏳","—","—","⏳"
"2026-04-05","Devrim Akyıl","Devrim Akyıl","Video","Video, ""Merkez Çaresizce Altın Satıyor! - Haftalık Dolar Altın Bist Analizleri"" başlığı altında güncel makro akış ile izlenen varlıklara ilişkin değerlendirmeler yapıyor. Açılış bölümü ana çerçeveyi kuruyor ve anlatı boyunca korunma ile fırsat temaları işleniyor. (Ref: ""Bu hafta TÜİK'in aylık enflasyon rakamları geldi ve Mart ayında TÜİK'e göre enflasyon %2'nin altında artış gösterdi.""; ""Enflasyon hedeflerimiz hangi enflasyon hedefleriniz tuttu da gariban ücretli kesimin ü...","Merkez Çaresizce Altın Satıyor! - Haftalık Dolar Altın Bist Analizleri","Ana tez, anlatıcının öne çıkardığı ana senaryo ve pozisyonlanma görüşüdür. (Ref: ""Enflasyon hedeflerimiz hangi enflasyon hedefleriniz tuttu da gariban ücretli kesimin üstüne bu kadar yüklendiniz?"")","1. ""Gerçekten çünkü ortada inanılmaz başarısız bir Merkez Bankası operasyonu var."" → ⚠️ Kısmen; sonraki kaynak ""Petrol & Altın Beraber Yükselemez mi?"" başlığıyla temayı güncelliyor. (Ref: ""Bir süredir özellikle savaşın başlamasıyla petrol fiyatları yukarı gittikçe risk enstrümanları yani borsada hisse senetleri ve benzeri satışlar yiyor."") 2. ""Eğer illa illa faiz artışı yüksek faizi biliyorsunuz ben kişisel olarak yüksek faize karşıyım ama belli bir..."" → ⚠️ Kısmen; sonraki kaynak ""Petrol & Altın Beraber Yüksele...","Orta","Risk çerçevesi, anlatıda öne çıkan kırılganlıklar ve uyarılar üzerinden okunuyor. (Ref: ""Bunu duyunca beni bir gülüme alıyor ama neyse."")","0","0","⏳","—","—","⏳"
"2026-04-05","Devrim Akyıl","Devrim Akyıl","Video","Video, ""Petrol & Altın Beraber Yükselemez mi?"" başlığı altında güncel makro akış ile izlenen varlıklara ilişkin değerlendirmeler yapıyor. Açılış bölümü ana çerçeveyi kuruyor ve anlatı boyunca korunma ile fırsat temaları işleniyor. (Ref: ""Bir süredir özellikle savaşın başlamasıyla petrol fiyatları yukarı gittikçe risk enstrümanları yani borsada hisse senetleri ve benzeri satışlar yiyor.""; ""Petrol fiyatları sert yükselirken önce 6ı gümüş bir yalpalıyor ama daha sonrasında bü...","Petrol & Altın Beraber Yükselemez mi?","Ana tez, anlatıcının öne çıkardığı ana senaryo ve pozisyonlanma görüşüdür. (Ref: ""Petrol fiyatları sert yükselirken önce 6ı gümüş bir yalpalıyor ama daha sonrasında bütün MTA ürünleri petrolün peşine takılıyor ve MTA büyük Grand Cycle'ı büyük döngüsün böyle devam ediyor."")","1. ""Tabii bunun ilk bölümünde Amerikan borsalarında daha balonlar şişirerek, dünya borsalarında balonlar şişire..."" → ⚠️ Kısmen; sonraki kaynak ""ABD’de Riskler Aynen Devam!"" başlığıyla temayı güncelliyor. (Ref: ""Amerikan borsaları savaşın ateşkes ihtimalini en azından bir barış olasılığını sert şekilde yukarı yönlü fiyatladı bu hafta."") 2. ""Çünkü bu stakfülasyon döngüsünde tek kutuptan çift kutuba kayış."" → ⚠️ Kısmen; sonraki kaynak ""ABD’de Riskler Aynen Devam!"" başlığıyla temayı güncelliyor. (Ref: ""Amerikan bor...","Orta","Risk çerçevesi, anlatıda öne çıkan kırılganlıklar ve uyarılar üzerinden okunuyor. (Ref: ""Bir süredir özellikle savaşın başlamasıyla petrol fiyatları yukarı gittikçe risk enstrümanları yani borsada hisse senetleri ve benzeri satışlar yiyor."")","0","0","⏳","—","—","⏳"
"2026-04-12","Devrim Akyıl","Devrim Akyıl","Video","Video, ""ABD’de Riskler Aynen Devam!"" başlığı altında güncel makro akış ile izlenen varlıklara ilişkin değerlendirmeler yapıyor. Açılış bölümü ana çerçeveyi kuruyor ve anlatı boyunca korunma ile fırsat temaları işleniyor. (Ref: ""Amerikan borsaları savaşın ateşkes ihtimalini en azından bir barış olasılığını sert şekilde yukarı yönlü fiyatladı bu hafta.""; ""Ben kişisel görüşlerimi aktarmaya devam ediyorum."")","ABD’de Riskler Aynen Devam!","Ana tez, anlatıcının öne çıkardığı ana senaryo ve pozisyonlanma görüşüdür. (Ref: ""Ben kişisel görüşlerimi aktarmaya devam ediyorum."")","1. ""Çünkü para arzını arttırdıkça yani çok para bastıkça siz genel olarak doğruları yapıyorsanız ekonomide evet..."" → ⚠️ Kısmen; sonraki kaynak ""Altın, Gümüş & BİST’de Kazanmaya Devam!🧿"" başlığıyla temayı güncelliyor. (Ref: ""İnsanlık adına bu savaşın bitmesi ihtimali dahi çok sevindirici ama maddi olarak baktığımız zaman ekonomik olarak bu kanalın izleyicileri için özellikle pek de bir şey fark etmiyor."") 2. ""Dolayısıyla şu anda bu savaşın da bir sebep olmadığını, sonuç olduğunu ve Amerika'nın da 7 özel büyük b...","Orta","Risk çerçevesi, anlatıda öne çıkan kırılganlıklar ve uyarılar üzerinden okunuyor. (Ref: ""Amerikan borsaları savaşın ateşkes ihtimalini en azından bir barış olasılığını sert şekilde yukarı yönlü fiyatladı bu hafta."")","0","0","⏳","—","—","⏳"
"2026-04-12","Devrim Akyıl","Devrim Akyıl","Video","Video, ""Altın, Gümüş & BİST’de Kazanmaya Devam!🧿"" başlığı altında güncel makro akış ile izlenen varlıklara ilişkin değerlendirmeler yapıyor. Açılış bölümü ana çerçeveyi kuruyor ve anlatı boyunca korunma ile fırsat temaları işleniyor. (Ref: ""İnsanlık adına bu savaşın bitmesi ihtimali dahi çok sevindirici ama maddi olarak baktığımız zaman ekonomik olarak bu kanalın izleyicileri için özellikle pek de bir şey fark etmiyor.""; ""Dolayısıyla siz çok önceden zaten bu savaşların ad...","Altın, Gümüş & BİST’de Kazanmaya Devam!🧿","Ana tez, anlatıcının öne çıkardığı ana senaryo ve pozisyonlanma görüşüdür. (Ref: ""Dolayısıyla siz çok önceden zaten bu savaşların adım adım Rusya Ukrayna olayında olduğu gibi bu İran saldırısı olduğu gibi ve bunun daha devamının da geleceği maalesef sadece burada bitmeyecek bu döngü, bu döngü yakla..."")","1. ""Çünkü bu kanalın izleyicileri savaşta da barışta da kazandı."" → ⚠️ Kısmen; sonraki kaynak ""Altın & Gümüş’te Yeni Dalga!"" başlığıyla temayı güncelliyor. (Ref: ""Evet sevgili izleyiciler uzun zamandır bu kanalda zor enflasyonist özellikle stakfülatif dönemlerde 2020 ile 25 arasını ben genel anlamda dalgalı şekilde bir stakülasyon olarak yorumluyorum."") 2. ""Asla ve asla başka bir gücün özellikle bir emperyal gücün ne sebeple olursa olsun bir ülkenin haklarına tec..."" → ⚠️ Kısmen; sonraki kaynak ""Altın & Gümüş’te...","Orta","Risk çerçevesi, anlatıda öne çıkan kırılganlıklar ve uyarılar üzerinden okunuyor. (Ref: ""İnsanlık adına bu savaşın bitmesi ihtimali dahi çok sevindirici ama maddi olarak baktığımız zaman ekonomik olarak bu kanalın izleyicileri için özellikle pek de bir şey fark etmiyor."")","0","0","⏳","—","—","⏳"
"2026-04-12","Devrim Akyıl","Devrim Akyıl","Video","Video, ""Altın & Gümüş’te Yeni Dalga!"" başlığı altında güncel makro akış ile izlenen varlıklara ilişkin değerlendirmeler yapıyor. Açılış bölümü ana çerçeveyi kuruyor ve anlatı boyunca korunma ile fırsat temaları işleniyor. (Ref: ""Altın ve gümüşte yeni kuvvetli bir yükseliş dalgasının hazırlıkları başladı.""; ""ani ekonomik küçülmeler arkasından fazla paralarla geçici balonlar ama o balonların sonunda mutlaka paranın gittiği adres olarak değerli metaller orta uzun vadede parad...","Altın & Gümüş’te Yeni Dalga!","Ana tez, anlatıcının öne çıkardığı ana senaryo ve pozisyonlanma görüşüdür. (Ref: ""ani ekonomik küçülmeler arkasından fazla paralarla geçici balonlar ama o balonların sonunda mutlaka paranın gittiği adres olarak değerli metaller orta uzun vadede paradan desteğini almaya devam ediyor."")","1. ""ani ekonomik küçülmeler arkasından fazla paralarla geçici balonlar ama o balonların sonunda mutlaka paranın..."" → ⏳ Değerlendirilemez (Ref: ""ani ekonomik küçülmeler arkasından fazla paralarla geçici balonlar ama o balonların sonunda mutlaka paranın gittiği adres olarak değerli metaller orta uzun vadede paradan desteğini almaya devam ediyor."") 2. ""Dolayısıyla aslında yılın ilk 3 ayı o dalgalarla geçirdik ama üstündeki o ekstra spekülatif balon gittikten..."" → ⏳ Değerlendirilemez (Ref: ""Dolayısıyla aslında yıl...","⏳","Risk çerçevesi, anlatıda öne çıkan kırılganlıklar ve uyarılar üzerinden okunuyor. (Ref: ""Evet sevgili izleyiciler uzun zamandır bu kanalda zor enflasyonist özellikle stakfülatif dönemlerde 2020 ile 25 arasını ben genel anlamda dalgalı şekilde bir stakülasyon olarak yorumluyorum."")","0","0","⏳","—","—","⏳"