"Tahmin Tarihi","Kurum","Analist","Format","Varlık","Vade","Hedef Tarihi","Hedef Fiyat","Analiz Tezi","Benchmark","Tahmin tarihindeki Fiyat","Beklenen Getiri %","Gerçekleşen Fiyat","Gerçekleşen Getiri %","Hedef Yön","Öneri","Yön İsabeti","Hedef Yakınlığı","Tahmin Doğruluğu","Error (MAPE)","Başarı Skoru","Ref. Beklenen Getiri %","Ref. Gerçekleşen Getiri %","Alpha","RefAlpha"
"2025-06-23","Danske Bank","Mohamad Al-Saraf","PDF","EUR/USD","+1M","2025-07-23","1.1600","ABD dolarında yapısal zayıflık, EUR/USD yükseliş beklentisi","EUR/USD","1.1500","+0.87%","1.1700","+1.74%","Yukarı","Slightly Bearish","1","91.4","100","0.86%","86.5 (A)","+1.76%","+1.74%","-0.89%","-1.03"
"2025-06-23","Danske Bank","Mohamad Al-Saraf","PDF","EUR/USD","+3M","2025-09-23","1.1800","ABD dolarında yapısal zayıflık, EUR/USD yükseliş beklentisi","EUR/USD","1.1500","+2.61%","1.1800","+2.61%","Yukarı","Slightly Bearish","1","100.0","100","0.00%","86.4 (A)","+6.22%","+2.61%","-3.61%","-1.38"
"2025-06-23","Danske Bank","Mohamad Al-Saraf","PDF","EUR/USD","+6M","2025-12-23","1.2000","ABD dolarında yapısal zayıflık, EUR/USD yükseliş beklentisi","EUR/USD","1.1500","+4.35%","1.1700","+1.74%","Yukarı","Bearish","1","75.0","75","2.50%","73.7 (B)","+10.65%","+1.74%","-6.30%","-1.45"
"2025-06-23","Danske Bank","Mohamad Al-Saraf","PDF","EUR/USD","+12M","2026-06-23","1.2200","ABD dolarında yapısal zayıflık, EUR/USD yükseliş beklentisi","EUR/USD","1.1500","+6.09%","⏳","⏳","Yukarı","⏳","⏳","⏳","⏳","⏳","⏳","⏳","⏳","⏳","⏳"
"2025-07-22","Danske Bank","Mohamad Al-Saraf","PDF","EUR/USD","+1M","2025-08-22","1.1700","ABD dolarında yapısal zayıflık, EUR/USD yükseliş beklentisi","EUR/USD","1.1700","+0.00%","1.1700","+0.00%","Sabit","Neutral","1","100.0","100","0.00%","88.4 (A)","+1.61%","+0.00%","-1.61%","-32.13"
"2025-07-22","Danske Bank","Mohamad Al-Saraf","PDF","EUR/USD","+3M","2025-10-22","1.1900","ABD dolarında yapısal zayıflık, EUR/USD yükseliş beklentisi","EUR/USD","1.1700","+1.71%","1.1650","-0.43%","Yukarı","Neutral","0","79.0","0","2.10%","33.5 (F)","+1.95%","-0.43%","-0.24%","-0.14"
"2025-07-22","Danske Bank","Mohamad Al-Saraf","PDF","EUR/USD","+6M","2026-01-22","1.2100","ABD dolarında yapısal zayıflık, EUR/USD yükseliş beklentisi","EUR/USD","1.1700","+3.42%","1.1600","-0.85%","Yukarı","Bearish","0","58.7","0","4.13%","19.0 (F)","+12.04%","-0.85%","-8.62%","-2.52"
"2025-07-22","Danske Bank","Mohamad Al-Saraf","PDF","EUR/USD","+12M","2026-07-22","1.2300","ABD dolarında yapısal zayıflık, EUR/USD yükseliş beklentisi","EUR/USD","1.1700","+5.13%","⏳","⏳","Yukarı","⏳","⏳","⏳","⏳","⏳","⏳","⏳","⏳","⏳","⏳"
"2025-08-19","Danske Bank","Mohamad Al-Saraf","PDF","EUR/USD","+1M","2025-09-19","1.1700","ABD dolarında yapısal zayıflık, EUR/USD yükseliş beklentisi","EUR/USD","1.1700","+0.00%","1.1800","+0.85%","Sabit","Neutral","0","91.5","0","0.85%","37.0 (F)","+0.43%","+0.85%","-0.43%","-8.58"
"2025-08-19","Danske Bank","Mohamad Al-Saraf","PDF","EUR/USD","+3M","2025-11-19","1.1900","ABD dolarında yapısal zayıflık, EUR/USD yükseliş beklentisi","EUR/USD","1.1700","+1.71%","1.1600","-0.85%","Yukarı","Slightly Bearish","0","74.8","0","2.52%","30.3 (F)","+3.89%","-0.85%","-2.18%","-1.28"
"2025-08-19","Danske Bank","Mohamad Al-Saraf","PDF","EUR/USD","+6M","2026-02-19","1.2100","ABD dolarında yapısal zayıflık, EUR/USD yükseliş beklentisi","EUR/USD","1.1700","+3.42%","1.1900","+1.71%","Yukarı","Bearish","1","83.5","75","1.65%","73.8 (B)","+12.13%","+1.71%","-8.71%","-2.55"
"2025-08-19","Danske Bank","Mohamad Al-Saraf","PDF","EUR/USD","+12M","2026-08-19","1.2300","ABD dolarında yapısal zayıflık, EUR/USD yükseliş beklentisi","EUR/USD","1.1700","+5.13%","⏳","⏳","Yukarı","⏳","⏳","⏳","⏳","⏳","⏳","⏳","⏳","⏳","⏳"
"2025-09-19","Danske Bank","Mohamad Al-Saraf","PDF","EUR/USD","+1M","2025-10-19","1.1700","ABD dolarında yapısal zayıflık, EUR/USD yükseliş beklentisi","EUR/USD","1.1800","-0.85%","1.1650","-1.27%","Aşağı","Slightly Bearish","1","95.7","100","0.43%","86.9 (A)","+1.01%","-1.27%","-1.86%","-2.19"
"2025-09-19","Danske Bank","Mohamad Al-Saraf","PDF","EUR/USD","+3M","2025-12-19","1.1900","ABD dolarında yapısal zayıflık, EUR/USD yükseliş beklentisi","EUR/USD","1.1800","+0.85%","1.1700","-0.85%","Yukarı","Slightly Bearish","0","83.2","0","1.68%","33.0 (F)","+2.81%","-0.85%","-1.96%","-2.31"
"2025-09-19","Danske Bank","Mohamad Al-Saraf","PDF","EUR/USD","+6M","2026-03-19","1.2100","ABD dolarında yapısal zayıflık, EUR/USD yükseliş beklentisi","EUR/USD","1.1800","+2.54%","1.1600","-1.69%","Yukarı","Bearish","0","58.7","0","4.13%","21.9 (F)","+8.29%","-1.69%","-5.74%","-2.26"
"2025-09-19","Danske Bank","Mohamad Al-Saraf","PDF","EUR/USD","+12M","2026-09-19","1.2300","ABD dolarında yapısal zayıflık, EUR/USD yükseliş beklentisi","EUR/USD","1.1800","+4.24%","⏳","⏳","Yukarı","⏳","⏳","⏳","⏳","⏳","⏳","⏳","⏳","⏳","⏳"
"2025-10-21","Danske Bank","Mohamad Al-Saraf","PDF","EUR/USD","+1M","2025-11-21","1.1500","ABD dolarında yapısal zayıflık, EUR/USD yükseliş beklentisi","EUR/USD","1.1650","-1.29%","1.1600","-0.43%","Aşağı","Neutral","1","91.3","100","0.87%","86.8 (A)","-0.73%","-0.43%","-0.55%","-0.43"
"2025-10-21","Danske Bank","Mohamad Al-Saraf","PDF","EUR/USD","+3M","2026-01-21","1.1800","ABD dolarında yapısal zayıflık, EUR/USD yükseliş beklentisi","EUR/USD","1.1650","+1.29%","1.1600","-0.43%","Yukarı","Slightly Bullish","0","83.1","0","1.69%","36.3 (F)","-0.15%","-0.43%","+1.43%","+1.11"
"2025-10-21","Danske Bank","Mohamad Al-Saraf","PDF","EUR/USD","+6M","2026-04-21","1.2000","ABD dolarında yapısal zayıflık, EUR/USD yükseliş beklentisi","EUR/USD","1.1650","+3.00%","⏳","⏳","Yukarı","⏳","⏳","⏳","⏳","⏳","⏳","⏳","⏳","⏳","⏳"
"2025-10-21","Danske Bank","Mohamad Al-Saraf","PDF","EUR/USD","+12M","2026-10-21","1.2200","ABD dolarında yapısal zayıflık, EUR/USD yükseliş beklentisi","EUR/USD","1.1650","+4.72%","⏳","⏳","Yukarı","⏳","⏳","⏳","⏳","⏳","⏳","⏳","⏳","⏳","⏳"
"2025-11-18","Danske Bank","Mohamad Al-Saraf","PDF","EUR/USD","+1M","2025-12-18","1.1500","ABD dolarında yapısal zayıflık, EUR/USD yükseliş beklentisi","EUR/USD","1.1600","-0.86%","1.1700","+0.86%","Aşağı","Neutral","0","82.6","0","1.74%","34.6 (F)","-0.69%","+0.86%","-0.17%","-0.20"
"2025-11-18","Danske Bank","Mohamad Al-Saraf","PDF","EUR/USD","+3M","2026-02-18","1.1800","ABD dolarında yapısal zayıflık, EUR/USD yükseliş beklentisi","EUR/USD","1.1600","+1.72%","1.1900","+2.59%","Yukarı","Slightly Bullish","1","91.5","100","0.85%","89.8 (A)","-0.63%","+2.59%","+2.35%","+1.36"
"2025-11-18","Danske Bank","Mohamad Al-Saraf","PDF","EUR/USD","+6M","2026-05-18","1.2000","ABD dolarında yapısal zayıflık, EUR/USD yükseliş beklentisi","EUR/USD","1.1600","+3.45%","⏳","⏳","Yukarı","⏳","⏳","⏳","⏳","⏳","⏳","⏳","⏳","⏳","⏳"
"2025-11-18","Danske Bank","Mohamad Al-Saraf","PDF","EUR/USD","+12M","2026-11-18","1.2200","ABD dolarında yapısal zayıflık, EUR/USD yükseliş beklentisi","EUR/USD","1.1600","+5.17%","⏳","⏳","Yukarı","⏳","⏳","⏳","⏳","⏳","⏳","⏳","⏳","⏳","⏳"
"2025-12-19","Danske Bank","Mohamad Al-Saraf","PDF","EUR/USD","+1M","2026-01-19","1.1700","ABD dolarında yapısal zayıflık, EUR/USD yükseliş beklentisi","EUR/USD","1.1700","+0.00%","1.1600","-0.85%","Sabit","Neutral","0","91.5","0","0.85%","36.4 (F)","+1.01%","-0.85%","-1.01%","-20.20"
"2025-12-19","Danske Bank","Mohamad Al-Saraf","PDF","EUR/USD","+3M","2026-03-19","1.1900","ABD dolarında yapısal zayıflık, EUR/USD yükseliş beklentisi","EUR/USD","1.1700","+1.71%","1.1600","-0.85%","Yukarı","Slightly Bullish","0","74.8","0","2.52%","34.5 (F)","-0.31%","-0.85%","+2.02%","+1.18"
"2025-12-19","Danske Bank","Mohamad Al-Saraf","PDF","EUR/USD","+6M","2026-06-19","1.2100","ABD dolarında yapısal zayıflık, EUR/USD yükseliş beklentisi","EUR/USD","1.1700","+3.42%","⏳","⏳","Yukarı","⏳","⏳","⏳","⏳","⏳","⏳","⏳","⏳","⏳","⏳"
"2025-12-19","Danske Bank","Mohamad Al-Saraf","PDF","EUR/USD","+12M","2026-12-19","1.2300","ABD dolarında yapısal zayıflık, EUR/USD yükseliş beklentisi","EUR/USD","1.1700","+5.13%","⏳","⏳","Yukarı","⏳","⏳","⏳","⏳","⏳","⏳","⏳","⏳","⏳","⏳"
"2026-01-19","Danske Bank","Mohamad Al-Saraf","PDF","EUR/USD","+1M","2026-02-19","1.1700","ABD dolarında yapısal zayıflık, EUR/USD yükseliş beklentisi","EUR/USD","1.1600","+0.86%","1.1900","+2.59%","Yukarı","Slightly Bullish","1","82.9","75","1.71%","84.2 (B)","-0.96%","+2.59%","+1.82%","+2.11"
"2026-01-19","Danske Bank","Mohamad Al-Saraf","PDF","EUR/USD","+3M","2026-04-19","1.1900","ABD dolarında yapısal zayıflık, EUR/USD yükseliş beklentisi","EUR/USD","1.1600","+2.59%","⏳","⏳","Yukarı","⏳","⏳","⏳","⏳","⏳","⏳","⏳","⏳","⏳","⏳"
"2026-01-19","Danske Bank","Mohamad Al-Saraf","PDF","EUR/USD","+6M","2026-07-19","1.2100","ABD dolarında yapısal zayıflık, EUR/USD yükseliş beklentisi","EUR/USD","1.1600","+4.31%","⏳","⏳","Yukarı","⏳","⏳","⏳","⏳","⏳","⏳","⏳","⏳","⏳","⏳"
"2026-01-19","Danske Bank","Mohamad Al-Saraf","PDF","EUR/USD","+12M","2027-01-19","1.2300","ABD dolarında yapısal zayıflık, EUR/USD yükseliş beklentisi","EUR/USD","1.1600","+6.03%","⏳","⏳","Yukarı","⏳","⏳","⏳","⏳","⏳","⏳","⏳","⏳","⏳","⏳"
"2026-02-17","Danske Bank","Mohamad Al-Saraf","PDF","EUR/USD","+1M","2026-03-17","1.1900","ABD dolarında yapısal zayıflık, EUR/USD yükseliş beklentisi","EUR/USD","1.1900","+0.00%","1.1600","-2.52%","Sabit","Neutral","0","74.8","0","2.52%","30.0 (F)","+2.44%","-2.52%","-2.44%","-48.72"
"2026-02-17","Danske Bank","Mohamad Al-Saraf","PDF","EUR/USD","+3M","2026-05-17","1.2100","ABD dolarında yapısal zayıflık, EUR/USD yükseliş beklentisi","EUR/USD","1.1900","+1.68%","⏳","⏳","Yukarı","⏳","⏳","⏳","⏳","⏳","⏳","⏳","⏳","⏳","⏳"
"2026-02-17","Danske Bank","Mohamad Al-Saraf","PDF","EUR/USD","+6M","2026-08-17","1.2300","ABD dolarında yapısal zayıflık, EUR/USD yükseliş beklentisi","EUR/USD","1.1900","+3.36%","⏳","⏳","Yukarı","⏳","⏳","⏳","⏳","⏳","⏳","⏳","⏳","⏳","⏳"
"2026-02-17","Danske Bank","Mohamad Al-Saraf","PDF","EUR/USD","+12M","2027-02-17","1.2500","ABD dolarında yapısal zayıflık, EUR/USD yükseliş beklentisi","EUR/USD","1.1900","+5.04%","⏳","⏳","Yukarı","⏳","⏳","⏳","⏳","⏳","⏳","⏳","⏳","⏳","⏳"
"2026-03-20","Danske Bank","Mohamad Al-Saraf","PDF","EUR/USD","+1M","2026-04-20","1.1300","ABD dolarında yapısal zayıflık, EUR/USD yükseliş beklentisi","EUR/USD","1.1600","-2.59%","1.1793","+1.66%","Aşağı","Neutral","0","56.4","0","4.36%","25.7 (F)","-1.42%","+1.66%","-1.17%","-0.45"
"2026-03-20","Danske Bank","Mohamad Al-Saraf","PDF","EUR/USD","+3M","2026-06-20","1.1200","ABD dolarında yapısal zayıflık, EUR/USD yükseliş beklentisi","EUR/USD","1.1600","-3.45%","⏳","⏳","Aşağı","⏳","⏳","⏳","⏳","⏳","⏳","⏳","⏳","⏳","⏳"
"2026-03-20","Danske Bank","Mohamad Al-Saraf","PDF","EUR/USD","+6M","2026-09-20","1.1700","ABD dolarında yapısal zayıflık, EUR/USD yükseliş beklentisi","EUR/USD","1.1600","+0.86%","⏳","⏳","Yukarı","⏳","⏳","⏳","⏳","⏳","⏳","⏳","⏳","⏳","⏳"
"2026-03-20","Danske Bank","Mohamad Al-Saraf","PDF","EUR/USD","+12M","2027-03-20","1.2200","ABD dolarında yapısal zayıflık, EUR/USD yükseliş beklentisi","EUR/USD","1.1600","+5.17%","⏳","⏳","Yukarı","⏳","⏳","⏳","⏳","⏳","⏳","⏳","⏳","⏳","⏳"
"2025-06-23","Danske Bank","Stefan Mellin","PDF","EUR/SEK","+1M","2025-07-23","11.1000","İsveç büyüme zayıflığı, EUR/SEK yükseliş beklentisi","EUR/SEK","11.1400","-0.36%","11.2100","+0.63%","Aşağı","Slightly Bearish","0","90.1","0","0.99%","33.9 (F)","+2.82%","+0.63%","-3.18%","-8.84"
"2025-06-23","Danske Bank","Stefan Mellin","PDF","EUR/SEK","+3M","2025-09-23","11.1000","İsveç büyüme zayıflığı, EUR/SEK yükseliş beklentisi","EUR/SEK","11.1400","-0.36%","11.0300","-0.99%","Aşağı","Slightly Bearish","1","93.7","100","0.63%","85.9 (A)","+1.89%","-0.99%","-2.25%","-6.27"
"2025-06-23","Danske Bank","Stefan Mellin","PDF","EUR/SEK","+6M","2025-12-23","11.2000","İsveç büyüme zayıflığı, EUR/SEK yükseliş beklentisi","EUR/SEK","11.1400","+0.54%","10.9000","-2.15%","Yukarı","Slightly Bullish","0","73.2","0","2.68%","35.5 (F)","-3.00%","-2.15%","+3.53%","+6.56"
"2025-06-23","Danske Bank","Stefan Mellin","PDF","EUR/SEK","+12M","2026-06-23","11.3000","İsveç büyüme zayıflığı, EUR/SEK yükseliş beklentisi","EUR/SEK","11.1400","+1.44%","⏳","⏳","Yukarı","⏳","⏳","⏳","⏳","⏳","⏳","⏳","⏳","⏳","⏳"
"2025-07-22","Danske Bank","Stefan Mellin","PDF","EUR/SEK","+1M","2025-08-22","11.1000","İsveç büyüme zayıflığı, EUR/SEK yükseliş beklentisi","EUR/SEK","11.2100","-0.98%","11.1300","-0.71%","Aşağı","Slightly Bearish","1","97.3","100","0.27%","87.4 (A)","+0.76%","-0.71%","-1.75%","-1.78"
"2025-07-22","Danske Bank","Stefan Mellin","PDF","EUR/SEK","+3M","2025-10-22","11.2000","İsveç büyüme zayıflığı, EUR/SEK yükseliş beklentisi","EUR/SEK","11.2100","-0.09%","10.9700","-2.14%","Sabit","Neutral","0","79.5","0","2.05%","31.1 (F)","+2.70%","-2.14%","-2.79%","-31.27"
"2025-07-22","Danske Bank","Stefan Mellin","PDF","EUR/SEK","+6M","2026-01-22","11.3000","İsveç büyüme zayıflığı, EUR/SEK yükseliş beklentisi","EUR/SEK","11.2100","+0.80%","10.7300","-4.28%","Yukarı","Slightly Bullish","0","49.6","0","5.04%","27.9 (F)","-2.24%","-4.28%","+3.04%","+3.79"
"2025-07-22","Danske Bank","Stefan Mellin","PDF","EUR/SEK","+12M","2026-07-22","11.4000","İsveç büyüme zayıflığı, EUR/SEK yükseliş beklentisi","EUR/SEK","11.2100","+1.69%","⏳","⏳","Yukarı","⏳","⏳","⏳","⏳","⏳","⏳","⏳","⏳","⏳","⏳"
"2025-08-19","Danske Bank","Stefan Mellin","PDF","EUR/SEK","+1M","2025-09-19","11.1000","İsveç büyüme zayıflığı, EUR/SEK yükseliş beklentisi","EUR/SEK","11.1300","-0.27%","11.0300","-0.90%","Aşağı","Slightly Bullish","1","93.7","100","0.63%","88.9 (A)","-1.07%","-0.90%","+0.80%","+2.97"
"2025-08-19","Danske Bank","Stefan Mellin","PDF","EUR/SEK","+3M","2025-11-19","11.2000","İsveç büyüme zayıflığı, EUR/SEK yükseliş beklentisi","EUR/SEK","11.1300","+0.63%","11.0000","-1.17%","Yukarı","Slightly Bearish","0","82.1","0","1.79%","33.2 (F)","+2.10%","-1.17%","-1.47%","-2.33"
"2025-08-19","Danske Bank","Stefan Mellin","PDF","EUR/SEK","+6M","2026-02-19","11.3000","İsveç büyüme zayıflığı, EUR/SEK yükseliş beklentisi","EUR/SEK","11.1300","+1.53%","10.6000","-4.76%","Yukarı","Slightly Bullish","0","38.1","0","6.19%","23.7 (F)","-0.75%","-4.76%","+2.28%","+1.49"
"2025-08-19","Danske Bank","Stefan Mellin","PDF","EUR/SEK","+12M","2026-08-19","11.4000","İsveç büyüme zayıflığı, EUR/SEK yükseliş beklentisi","EUR/SEK","11.1300","+2.43%","⏳","⏳","Yukarı","⏳","⏳","⏳","⏳","⏳","⏳","⏳","⏳","⏳","⏳"
"2025-09-19","Danske Bank","Stefan Mellin","PDF","EUR/SEK","+1M","2025-10-19","11.0000","İsveç büyüme zayıflığı, EUR/SEK yükseliş beklentisi","EUR/SEK","11.0300","-0.27%","10.9700","-0.54%","Aşağı","Slightly Bullish","1","97.3","100","0.27%","90.1 (A)","-1.15%","-0.54%","+0.88%","+3.22"
"2025-09-19","Danske Bank","Stefan Mellin","PDF","EUR/SEK","+3M","2025-12-19","11.2000","İsveç büyüme zayıflığı, EUR/SEK yükseliş beklentisi","EUR/SEK","11.0300","+1.54%","10.9000","-1.18%","Yukarı","Slightly Bullish","0","73.2","0","2.68%","33.8 (F)","-0.33%","-1.18%","+1.88%","+1.22"
"2025-09-19","Danske Bank","Stefan Mellin","PDF","EUR/SEK","+6M","2026-03-19","11.3000","İsveç büyüme zayıflığı, EUR/SEK yükseliş beklentisi","EUR/SEK","11.0300","+2.45%","10.7500","-2.54%","Yukarı","Slightly Bullish","0","51.3","0","4.87%","27.6 (F)","+0.25%","-2.54%","+2.20%","+0.90"
"2025-09-19","Danske Bank","Stefan Mellin","PDF","EUR/SEK","+12M","2026-09-19","11.4000","İsveç büyüme zayıflığı, EUR/SEK yükseliş beklentisi","EUR/SEK","11.0300","+3.35%","⏳","⏳","Yukarı","⏳","⏳","⏳","⏳","⏳","⏳","⏳","⏳","⏳","⏳"
"2025-10-21","Danske Bank","Stefan Mellin","PDF","EUR/SEK","+1M","2025-11-21","11.0000","İsveç büyüme zayıflığı, EUR/SEK yükseliş beklentisi","EUR/SEK","10.9700","+0.27%","11.0000","+0.27%","Yukarı","Slightly Bullish","1","100.0","100","0.00%","91.2 (A)","-0.91%","+0.27%","+1.18%","+4.32"
"2025-10-21","Danske Bank","Stefan Mellin","PDF","EUR/SEK","+3M","2026-01-21","11.2000","İsveç büyüme zayıflığı, EUR/SEK yükseliş beklentisi","EUR/SEK","10.9700","+2.10%","10.7300","-2.19%","Yukarı","Slightly Bullish","0","58.0","0","4.20%","31.7 (F)","-2.16%","-2.19%","+4.26%","+2.03"
"2025-10-21","Danske Bank","Stefan Mellin","PDF","EUR/SEK","+6M","2026-04-21","11.3000","İsveç büyüme zayıflığı, EUR/SEK yükseliş beklentisi","EUR/SEK","10.9700","+3.01%","⏳","⏳","Yukarı","⏳","⏳","⏳","⏳","⏳","⏳","⏳","⏳","⏳","⏳"
"2025-10-21","Danske Bank","Stefan Mellin","PDF","EUR/SEK","+12M","2026-10-21","11.4000","İsveç büyüme zayıflığı, EUR/SEK yükseliş beklentisi","EUR/SEK","10.9700","+3.92%","⏳","⏳","Yukarı","⏳","⏳","⏳","⏳","⏳","⏳","⏳","⏳","⏳","⏳"
"2025-11-18","Danske Bank","Stefan Mellin","PDF","EUR/SEK","+1M","2025-12-18","11.0000","İsveç büyüme zayıflığı, EUR/SEK yükseliş beklentisi","EUR/SEK","11.0000","+0.00%","10.9000","-0.91%","Sabit","Neutral","0","90.9","0","0.91%","37.5 (F)","-0.27%","-0.91%","+0.27%","+5.44"
"2025-11-18","Danske Bank","Stefan Mellin","PDF","EUR/SEK","+3M","2026-02-18","11.2000","İsveç büyüme zayıflığı, EUR/SEK yükseliş beklentisi","EUR/SEK","11.0000","+1.82%","10.6000","-3.64%","Yukarı","Slightly Bullish","0","46.4","0","5.36%","27.2 (F)","-1.41%","-3.64%","+3.23%","+1.77"
"2025-11-18","Danske Bank","Stefan Mellin","PDF","EUR/SEK","+6M","2026-05-18","11.3000","İsveç büyüme zayıflığı, EUR/SEK yükseliş beklentisi","EUR/SEK","11.0000","+2.73%","⏳","⏳","Yukarı","⏳","⏳","⏳","⏳","⏳","⏳","⏳","⏳","⏳","⏳"
"2025-11-18","Danske Bank","Stefan Mellin","PDF","EUR/SEK","+12M","2026-11-18","11.4000","İsveç büyüme zayıflığı, EUR/SEK yükseliş beklentisi","EUR/SEK","11.0000","+3.64%","⏳","⏳","Yukarı","⏳","⏳","⏳","⏳","⏳","⏳","⏳","⏳","⏳","⏳"
"2025-12-19","Danske Bank","Stefan Mellin","PDF","EUR/SEK","+1M","2026-01-19","10.9000","İsveç büyüme zayıflığı, EUR/SEK yükseliş beklentisi","EUR/SEK","10.9000","+0.00%","10.7300","-1.56%","Sabit","Neutral","0","84.4","0","1.56%","36.2 (F)","-0.84%","-1.56%","+0.84%","+16.74"
"2025-12-19","Danske Bank","Stefan Mellin","PDF","EUR/SEK","+3M","2026-03-19","11.0000","İsveç büyüme zayıflığı, EUR/SEK yükseliş beklentisi","EUR/SEK","10.9000","+0.92%","10.7500","-1.38%","Yukarı","Slightly Bullish","0","77.3","0","2.27%","35.6 (F)","-1.54%","-1.38%","+2.46%","+2.68"
"2025-12-19","Danske Bank","Stefan Mellin","PDF","EUR/SEK","+6M","2026-06-19","11.1000","İsveç büyüme zayıflığı, EUR/SEK yükseliş beklentisi","EUR/SEK","10.9000","+1.83%","⏳","⏳","Yukarı","⏳","⏳","⏳","⏳","⏳","⏳","⏳","⏳","⏳","⏳"
"2025-12-19","Danske Bank","Stefan Mellin","PDF","EUR/SEK","+12M","2026-12-19","11.1000","İsveç büyüme zayıflığı, EUR/SEK yükseliş beklentisi","EUR/SEK","10.9000","+1.83%","⏳","⏳","Yukarı","⏳","⏳","⏳","⏳","⏳","⏳","⏳","⏳","⏳","⏳"
"2026-01-19","Danske Bank","Stefan Mellin","PDF","EUR/SEK","+1M","2026-02-19","10.8000","İsveç büyüme zayıflığı, EUR/SEK yükseliş beklentisi","EUR/SEK","10.7300","+0.65%","10.6000","-1.21%","Yukarı","Slightly Bullish","0","81.5","0","1.85%","36.7 (F)","-1.60%","-1.21%","+2.25%","+3.45"
"2026-01-19","Danske Bank","Stefan Mellin","PDF","EUR/SEK","+3M","2026-04-19","10.9000","İsveç büyüme zayıflığı, EUR/SEK yükseliş beklentisi","EUR/SEK","10.7300","+1.58%","⏳","⏳","Yukarı","⏳","⏳","⏳","⏳","⏳","⏳","⏳","⏳","⏳","⏳"
"2026-01-19","Danske Bank","Stefan Mellin","PDF","EUR/SEK","+6M","2026-07-19","11.0000","İsveç büyüme zayıflığı, EUR/SEK yükseliş beklentisi","EUR/SEK","10.7300","+2.52%","⏳","⏳","Yukarı","⏳","⏳","⏳","⏳","⏳","⏳","⏳","⏳","⏳","⏳"
"2026-01-19","Danske Bank","Stefan Mellin","PDF","EUR/SEK","+12M","2027-01-19","11.0000","İsveç büyüme zayıflığı, EUR/SEK yükseliş beklentisi","EUR/SEK","10.7300","+2.52%","⏳","⏳","Yukarı","⏳","⏳","⏳","⏳","⏳","⏳","⏳","⏳","⏳","⏳"
"2026-02-17","Danske Bank","Stefan Mellin","PDF","EUR/SEK","+1M","2026-03-17","10.7000","İsveç büyüme zayıflığı, EUR/SEK yükseliş beklentisi","EUR/SEK","10.6000","+0.94%","10.7500","+1.42%","Yukarı","Slightly Bullish","1","95.3","100","0.47%","90.7 (A)","-1.11%","+1.42%","+2.05%","+2.18"
"2026-02-17","Danske Bank","Stefan Mellin","PDF","EUR/SEK","+3M","2026-05-17","10.8000","İsveç büyüme zayıflığı, EUR/SEK yükseliş beklentisi","EUR/SEK","10.6000","+1.89%","⏳","⏳","Yukarı","⏳","⏳","⏳","⏳","⏳","⏳","⏳","⏳","⏳","⏳"
"2026-02-17","Danske Bank","Stefan Mellin","PDF","EUR/SEK","+6M","2026-08-17","11.0000","İsveç büyüme zayıflığı, EUR/SEK yükseliş beklentisi","EUR/SEK","10.6000","+3.77%","⏳","⏳","Yukarı","⏳","⏳","⏳","⏳","⏳","⏳","⏳","⏳","⏳","⏳"
"2026-02-17","Danske Bank","Stefan Mellin","PDF","EUR/SEK","+12M","2027-02-17","11.0000","İsveç büyüme zayıflığı, EUR/SEK yükseliş beklentisi","EUR/SEK","10.6000","+3.77%","⏳","⏳","Yukarı","⏳","⏳","⏳","⏳","⏳","⏳","⏳","⏳","⏳","⏳"
"2026-03-20","Danske Bank","Stefan Mellin","PDF","EUR/SEK","+1M","2026-04-20","10.8000","İsveç büyüme zayıflığı, EUR/SEK yükseliş beklentisi","EUR/SEK","10.7500","+0.47%","10.7980","+0.45%","Yukarı","Slightly Bearish","1","99.8","100","0.02%","89.7 (A)","+0.71%","+0.45%","-0.24%","-0.52"
"2026-03-20","Danske Bank","Stefan Mellin","PDF","EUR/SEK","+3M","2026-06-20","10.8000","İsveç büyüme zayıflığı, EUR/SEK yükseliş beklentisi","EUR/SEK","10.7500","+0.47%","⏳","⏳","Yukarı","⏳","⏳","⏳","⏳","⏳","⏳","⏳","⏳","⏳","⏳"
"2026-03-20","Danske Bank","Stefan Mellin","PDF","EUR/SEK","+6M","2026-09-20","11.0000","İsveç büyüme zayıflığı, EUR/SEK yükseliş beklentisi","EUR/SEK","10.7500","+2.33%","⏳","⏳","Yukarı","⏳","⏳","⏳","⏳","⏳","⏳","⏳","⏳","⏳","⏳"
"2026-03-20","Danske Bank","Stefan Mellin","PDF","EUR/SEK","+12M","2027-03-20","11.0000","İsveç büyüme zayıflığı, EUR/SEK yükseliş beklentisi","EUR/SEK","10.7500","+2.33%","⏳","⏳","Yukarı","⏳","⏳","⏳","⏳","⏳","⏳","⏳","⏳","⏳","⏳"
"2025-06-23","Danske Bank","Kristoffer Kjær Lomholt","PDF","EUR/NOK","+1M","2025-07-23","11.7000","NOK yapısal zayıf, petrol desteği geçici, EUR/NOK yükseliş beklentisi","EUR/NOK","11.6400","+0.52%","11.8800","+2.06%","Yukarı","Slightly Bearish","1","84.6","75","1.54%","82.4 (B)","+1.02%","+2.06%","-0.51%","-0.99"
"2025-06-23","Danske Bank","Kristoffer Kjær Lomholt","PDF","EUR/NOK","+3M","2025-09-23","11.8000","NOK yapısal zayıf, petrol desteği geçici, EUR/NOK yükseliş beklentisi","EUR/NOK","11.6400","+1.37%","11.6600","+0.17%","Yukarı","Slightly Bearish","1","88.1","75","1.19%","83.2 (B)","+2.10%","+0.17%","-0.72%","-0.53"
"2025-06-23","Danske Bank","Kristoffer Kjær Lomholt","PDF","EUR/NOK","+6M","2025-12-23","12.0000","NOK yapısal zayıf, petrol desteği geçici, EUR/NOK yükseliş beklentisi","EUR/NOK","11.6400","+3.09%","11.9300","+2.49%","Yukarı","Slightly Bullish","1","94.2","100","0.58%","92.8 (A)","-1.41%","+2.49%","+4.51%","+1.46"
"2025-06-23","Danske Bank","Kristoffer Kjær Lomholt","PDF","EUR/NOK","+12M","2026-06-23","12.2000","NOK yapısal zayıf, petrol desteği geçici, EUR/NOK yükseliş beklentisi","EUR/NOK","11.6400","+4.81%","⏳","⏳","Yukarı","⏳","⏳","⏳","⏳","⏳","⏳","⏳","⏳","⏳","⏳"
"2025-07-22","Danske Bank","Kristoffer Kjær Lomholt","PDF","EUR/NOK","+1M","2025-08-22","11.9000","NOK yapısal zayıf, petrol desteği geçici, EUR/NOK yükseliş beklentisi","EUR/NOK","11.8800","+0.17%","11.9000","+0.17%","Yukarı","Slightly Bearish","1","100.0","100","0.00%","87.7 (A)","+2.43%","+0.17%","-2.26%","-13.44"
"2025-07-22","Danske Bank","Kristoffer Kjær Lomholt","PDF","EUR/NOK","+3M","2025-10-22","12.0000","NOK yapısal zayıf, petrol desteği geçici, EUR/NOK yükseliş beklentisi","EUR/NOK","11.8800","+1.01%","11.6700","-1.77%","Yukarı","Slightly Bullish","0","72.5","0","2.75%","32.8 (F)","-0.07%","-1.77%","+1.08%","+1.07"
"2025-07-22","Danske Bank","Kristoffer Kjær Lomholt","PDF","EUR/NOK","+6M","2026-01-22","12.2000","NOK yapısal zayıf, petrol desteği geçici, EUR/NOK yükseliş beklentisi","EUR/NOK","11.8800","+2.69%","11.7300","-1.26%","Yukarı","Slightly Bullish","0","61.5","0","3.85%","30.1 (F)","+1.08%","-1.26%","+1.61%","+0.60"
"2025-07-22","Danske Bank","Kristoffer Kjær Lomholt","PDF","EUR/NOK","+12M","2026-07-22","12.4000","NOK yapısal zayıf, petrol desteği geçici, EUR/NOK yükseliş beklentisi","EUR/NOK","11.8800","+4.38%","⏳","⏳","Yukarı","⏳","⏳","⏳","⏳","⏳","⏳","⏳","⏳","⏳","⏳"
"2025-08-19","Danske Bank","Kristoffer Kjær Lomholt","PDF","EUR/NOK","+1M","2025-09-19","12.0000","NOK yapısal zayıf, petrol desteği geçici, EUR/NOK yükseliş beklentisi","EUR/NOK","11.9000","+0.84%","11.6600","-2.02%","Yukarı","Neutral","0","71.7","0","2.83%","31.8 (F)","+0.56%","-2.02%","+0.28%","+0.33"
"2025-08-19","Danske Bank","Kristoffer Kjær Lomholt","PDF","EUR/NOK","+3M","2025-11-19","12.1000","NOK yapısal zayıf, petrol desteği geçici, EUR/NOK yükseliş beklentisi","EUR/NOK","11.9000","+1.68%","11.7500","-1.26%","Yukarı","Slightly Bearish","0","71.1","0","2.89%","30.4 (F)","+2.63%","-1.26%","-0.95%","-0.56"
"2025-08-19","Danske Bank","Kristoffer Kjær Lomholt","PDF","EUR/NOK","+6M","2026-02-19","12.3000","NOK yapısal zayıf, petrol desteği geçici, EUR/NOK yükseliş beklentisi","EUR/NOK","11.9000","+3.36%","11.2600","-5.38%","Yukarı","Neutral","0","15.4","0","8.46%","15.7 (F)","+2.33%","-5.38%","+1.03%","+0.31"
"2025-08-19","Danske Bank","Kristoffer Kjær Lomholt","PDF","EUR/NOK","+12M","2026-08-19","12.5000","NOK yapısal zayıf, petrol desteği geçici, EUR/NOK yükseliş beklentisi","EUR/NOK","11.9000","+5.04%","⏳","⏳","Yukarı","⏳","⏳","⏳","⏳","⏳","⏳","⏳","⏳","⏳","⏳"
"2025-09-19","Danske Bank","Kristoffer Kjær Lomholt","PDF","EUR/NOK","+1M","2025-10-19","11.6000","NOK yapısal zayıf, petrol desteği geçici, EUR/NOK yükseliş beklentisi","EUR/NOK","11.6600","-0.51%","11.6700","+0.09%","Aşağı","Slightly Bullish","0","94.0","0","0.60%","39.9 (F)","-2.25%","+0.09%","+1.73%","+3.37"
"2025-09-19","Danske Bank","Kristoffer Kjær Lomholt","PDF","EUR/NOK","+3M","2025-12-19","11.7000","NOK yapısal zayıf, petrol desteği geçici, EUR/NOK yükseliş beklentisi","EUR/NOK","11.6600","+0.34%","11.9300","+2.32%","Yukarı","Slightly Bearish","1","80.3","75","1.97%","80.8 (B)","+1.11%","+2.32%","-0.77%","-2.25"
"2025-09-19","Danske Bank","Kristoffer Kjær Lomholt","PDF","EUR/NOK","+6M","2026-03-19","11.9000","NOK yapısal zayıf, petrol desteği geçici, EUR/NOK yükseliş beklentisi","EUR/NOK","11.6600","+2.06%","10.9900","-5.75%","Yukarı","Neutral","0","23.5","0","7.65%","17.8 (F)","+1.35%","-5.75%","+0.71%","+0.35"
"2025-09-19","Danske Bank","Kristoffer Kjær Lomholt","PDF","EUR/NOK","+12M","2026-09-19","12.1000","NOK yapısal zayıf, petrol desteği geçici, EUR/NOK yükseliş beklentisi","EUR/NOK","11.6600","+3.77%","⏳","⏳","Yukarı","⏳","⏳","⏳","⏳","⏳","⏳","⏳","⏳","⏳","⏳"
"2025-10-21","Danske Bank","Kristoffer Kjær Lomholt","PDF","EUR/NOK","+1M","2025-11-21","11.7000","NOK yapısal zayıf, petrol desteği geçici, EUR/NOK yükseliş beklentisi","EUR/NOK","11.6700","+0.26%","11.7500","+0.69%","Yukarı","Slightly Bullish","1","95.7","100","0.43%","89.0 (A)","-0.00%","+0.69%","+0.26%","+1.02"
"2025-10-21","Danske Bank","Kristoffer Kjær Lomholt","PDF","EUR/NOK","+3M","2026-01-21","11.8000","NOK yapısal zayıf, petrol desteği geçici, EUR/NOK yükseliş beklentisi","EUR/NOK","11.6700","+1.11%","11.7300","+0.51%","Yukarı","Slightly Bullish","1","94.1","100","0.59%","91.0 (A)","-1.65%","+0.51%","+2.77%","+2.48"
"2025-10-21","Danske Bank","Kristoffer Kjær Lomholt","PDF","EUR/NOK","+6M","2026-04-21","12.0000","NOK yapısal zayıf, petrol desteği geçici, EUR/NOK yükseliş beklentisi","EUR/NOK","11.6700","+2.83%","⏳","⏳","Yukarı","⏳","⏳","⏳","⏳","⏳","⏳","⏳","⏳","⏳","⏳"
"2025-10-21","Danske Bank","Kristoffer Kjær Lomholt","PDF","EUR/NOK","+12M","2026-10-21","12.2000","NOK yapısal zayıf, petrol desteği geçici, EUR/NOK yükseliş beklentisi","EUR/NOK","11.6700","+4.54%","⏳","⏳","Yukarı","⏳","⏳","⏳","⏳","⏳","⏳","⏳","⏳","⏳","⏳"
"2025-11-18","Danske Bank","Kristoffer Kjær Lomholt","PDF","EUR/NOK","+1M","2025-12-18","11.8000","NOK yapısal zayıf, petrol desteği geçici, EUR/NOK yükseliş beklentisi","EUR/NOK","11.7500","+0.43%","11.9300","+1.53%","Yukarı","Slightly Bullish","1","89.0","75","1.10%","84.4 (B)","+0.18%","+1.53%","+0.25%","+0.59"
"2025-11-18","Danske Bank","Kristoffer Kjær Lomholt","PDF","EUR/NOK","+3M","2026-02-18","11.9000","NOK yapısal zayıf, petrol desteği geçici, EUR/NOK yükseliş beklentisi","EUR/NOK","11.7500","+1.28%","11.2600","-4.17%","Yukarı","Slightly Bullish","0","46.2","0","5.38%","26.3 (F)","-1.13%","-4.17%","+2.40%","+1.88"
"2025-11-18","Danske Bank","Kristoffer Kjær Lomholt","PDF","EUR/NOK","+6M","2026-05-18","12.1000","NOK yapısal zayıf, petrol desteği geçici, EUR/NOK yükseliş beklentisi","EUR/NOK","11.7500","+2.98%","⏳","⏳","Yukarı","⏳","⏳","⏳","⏳","⏳","⏳","⏳","⏳","⏳","⏳"
"2025-11-18","Danske Bank","Kristoffer Kjær Lomholt","PDF","EUR/NOK","+12M","2026-11-18","12.3000","NOK yapısal zayıf, petrol desteği geçici, EUR/NOK yükseliş beklentisi","EUR/NOK","11.7500","+4.68%","⏳","⏳","Yukarı","⏳","⏳","⏳","⏳","⏳","⏳","⏳","⏳","⏳","⏳"
"2025-12-19","Danske Bank","Kristoffer Kjær Lomholt","PDF","EUR/NOK","+1M","2026-01-19","11.9000","NOK yapısal zayıf, petrol desteği geçici, EUR/NOK yükseliş beklentisi","EUR/NOK","11.9300","-0.25%","11.7300","-1.68%","Aşağı","Slightly Bearish","1","85.7","75","1.43%","81.4 (B)","+1.55%","-1.68%","-1.80%","-7.16"
"2025-12-19","Danske Bank","Kristoffer Kjær Lomholt","PDF","EUR/NOK","+3M","2026-03-19","12.0000","NOK yapısal zayıf, petrol desteği geçici, EUR/NOK yükseliş beklentisi","EUR/NOK","11.9300","+0.59%","10.9900","-7.88%","Yukarı","Slightly Bearish","0","15.8","0","8.42%","13.1 (F)","+2.22%","-7.88%","-1.64%","-2.79"
"2025-12-19","Danske Bank","Kristoffer Kjær Lomholt","PDF","EUR/NOK","+6M","2026-06-19","12.2000","NOK yapısal zayıf, petrol desteği geçici, EUR/NOK yükseliş beklentisi","EUR/NOK","11.9300","+2.26%","⏳","⏳","Yukarı","⏳","⏳","⏳","⏳","⏳","⏳","⏳","⏳","⏳","⏳"
"2025-12-19","Danske Bank","Kristoffer Kjær Lomholt","PDF","EUR/NOK","+12M","2026-12-19","12.4000","NOK yapısal zayıf, petrol desteği geçici, EUR/NOK yükseliş beklentisi","EUR/NOK","11.9300","+3.94%","⏳","⏳","Yukarı","⏳","⏳","⏳","⏳","⏳","⏳","⏳","⏳","⏳","⏳"
"2026-01-19","Danske Bank","Kristoffer Kjær Lomholt","PDF","EUR/NOK","+1M","2026-02-19","11.8000","NOK yapısal zayıf, petrol desteği geçici, EUR/NOK yükseliş beklentisi","EUR/NOK","11.7300","+0.60%","11.2600","-4.01%","Yukarı","Slightly Bullish","0","54.2","0","4.58%","28.4 (F)","-1.55%","-4.01%","+2.15%","+3.60"
"2026-01-19","Danske Bank","Kristoffer Kjær Lomholt","PDF","EUR/NOK","+3M","2026-04-19","11.9000","NOK yapısal zayıf, petrol desteği geçici, EUR/NOK yükseliş beklentisi","EUR/NOK","11.7300","+1.45%","⏳","⏳","Yukarı","⏳","⏳","⏳","⏳","⏳","⏳","⏳","⏳","⏳","⏳"
"2026-01-19","Danske Bank","Kristoffer Kjær Lomholt","PDF","EUR/NOK","+6M","2026-07-19","12.1000","NOK yapısal zayıf, petrol desteği geçici, EUR/NOK yükseliş beklentisi","EUR/NOK","11.7300","+3.15%","⏳","⏳","Yukarı","⏳","⏳","⏳","⏳","⏳","⏳","⏳","⏳","⏳","⏳"
"2026-01-19","Danske Bank","Kristoffer Kjær Lomholt","PDF","EUR/NOK","+12M","2027-01-19","12.3000","NOK yapısal zayıf, petrol desteği geçici, EUR/NOK yükseliş beklentisi","EUR/NOK","11.7300","+4.86%","⏳","⏳","Yukarı","⏳","⏳","⏳","⏳","⏳","⏳","⏳","⏳","⏳","⏳"
"2026-02-17","Danske Bank","Kristoffer Kjær Lomholt","PDF","EUR/NOK","+1M","2026-03-17","11.3000","NOK yapısal zayıf, petrol desteği geçici, EUR/NOK yükseliş beklentisi","EUR/NOK","11.2600","+0.36%","10.9900","-2.40%","Yukarı","Slightly Bullish","0","72.6","0","2.74%","36.1 (F)","-3.93%","-2.40%","+4.28%","+12.06"
"2026-02-17","Danske Bank","Kristoffer Kjær Lomholt","PDF","EUR/NOK","+3M","2026-05-17","11.3000","NOK yapısal zayıf, petrol desteği geçici, EUR/NOK yükseliş beklentisi","EUR/NOK","11.2600","+0.36%","⏳","⏳","Yukarı","⏳","⏳","⏳","⏳","⏳","⏳","⏳","⏳","⏳","⏳"
"2026-02-17","Danske Bank","Kristoffer Kjær Lomholt","PDF","EUR/NOK","+6M","2026-08-17","11.6000","NOK yapısal zayıf, petrol desteği geçici, EUR/NOK yükseliş beklentisi","EUR/NOK","11.2600","+3.02%","⏳","⏳","Yukarı","⏳","⏳","⏳","⏳","⏳","⏳","⏳","⏳","⏳","⏳"
"2026-02-17","Danske Bank","Kristoffer Kjær Lomholt","PDF","EUR/NOK","+12M","2027-02-17","11.8000","NOK yapısal zayıf, petrol desteği geçici, EUR/NOK yükseliş beklentisi","EUR/NOK","11.2600","+4.80%","⏳","⏳","Yukarı","⏳","⏳","⏳","⏳","⏳","⏳","⏳","⏳","⏳","⏳"
"2026-03-20","Danske Bank","Kristoffer Kjær Lomholt","PDF","EUR/NOK","+1M","2026-04-20","11.0000","NOK yapısal zayıf, petrol desteği geçici, EUR/NOK yükseliş beklentisi","EUR/NOK","10.9900","+0.09%","11.1010","+1.01%","Sabit","Neutral","0","90.8","0","0.92%","39.7 (F)","-2.35%","+1.01%","+2.44%","+26.78"
"2026-03-20","Danske Bank","Kristoffer Kjær Lomholt","PDF","EUR/NOK","+3M","2026-06-20","11.0000","NOK yapısal zayıf, petrol desteği geçici, EUR/NOK yükseliş beklentisi","EUR/NOK","10.9900","+0.09%","⏳","⏳","Sabit","⏳","⏳","⏳","⏳","⏳","⏳","⏳","⏳","⏳","⏳"
"2026-03-20","Danske Bank","Kristoffer Kjær Lomholt","PDF","EUR/NOK","+6M","2026-09-20","11.3000","NOK yapısal zayıf, petrol desteği geçici, EUR/NOK yükseliş beklentisi","EUR/NOK","10.9900","+2.82%","⏳","⏳","Yukarı","⏳","⏳","⏳","⏳","⏳","⏳","⏳","⏳","⏳","⏳"
"2026-03-20","Danske Bank","Kristoffer Kjær Lomholt","PDF","EUR/NOK","+12M","2027-03-20","11.5000","NOK yapısal zayıf, petrol desteği geçici, EUR/NOK yükseliş beklentisi","EUR/NOK","10.9900","+4.64%","⏳","⏳","Yukarı","⏳","⏳","⏳","⏳","⏳","⏳","⏳","⏳","⏳","⏳"
"2025-06-23","Danske Bank","Jens Nærvig Pedersen","PDF","EUR/DKK","+1M","2025-07-23","7.4600","EUR/DKK peg baskısı, Danimarka MB müdahale eşiği yaklaşıyor","EUR/DKK","7.4594","+0.01%","7.4650","+0.08%","Sabit","Neutral","1","99.3","100","0.07%","89.8 (A)","+0.00%","+0.08%","+0.01%","+0.16"
"2025-06-23","Danske Bank","Jens Nærvig Pedersen","PDF","EUR/DKK","+3M","2025-09-23","7.4575","EUR/DKK peg baskısı, Danimarka MB müdahale eşiği yaklaşıyor","EUR/DKK","7.4594","-0.03%","7.4713","+0.16%","Sabit","Neutral","1","98.1","100","0.19%","89.4 (A)","-0.00%","+0.16%","-0.02%","-0.46"
"2025-06-23","Danske Bank","Jens Nærvig Pedersen","PDF","EUR/DKK","+6M","2025-12-23","7.4550","EUR/DKK peg baskısı, Danimarka MB müdahale eşiği yaklaşıyor","EUR/DKK","7.4594","-0.06%","7.4702","+0.14%","Sabit","Neutral","1","98.0","100","0.20%","89.3 (A)","+0.01%","+0.14%","-0.06%","-1.09"
"2025-06-23","Danske Bank","Jens Nærvig Pedersen","PDF","EUR/DKK","+12M","2026-06-23","7.4550","EUR/DKK peg baskısı, Danimarka MB müdahale eşiği yaklaşıyor","EUR/DKK","7.4594","-0.06%","⏳","⏳","Sabit","⏳","⏳","⏳","⏳","⏳","⏳","⏳","⏳","⏳","⏳"
"2025-07-22","Danske Bank","Jens Nærvig Pedersen","PDF","EUR/DKK","+1M","2025-08-22","7.4600","EUR/DKK peg baskısı, Danimarka MB müdahale eşiği yaklaşıyor","EUR/DKK","7.4650","-0.07%","7.4685","+0.05%","Sabit","Neutral","1","98.9","100","0.11%","89.5 (A)","+0.07%","+0.05%","-0.14%","-2.06"
"2025-07-22","Danske Bank","Jens Nærvig Pedersen","PDF","EUR/DKK","+3M","2025-10-22","7.4575","EUR/DKK peg baskısı, Danimarka MB müdahale eşiği yaklaşıyor","EUR/DKK","7.4650","-0.10%","7.4694","+0.06%","Aşağı","Slightly Bearish","0","98.4","0","0.16%","39.4 (F)","-0.01%","+0.06%","-0.09%","-0.92"
"2025-07-22","Danske Bank","Jens Nærvig Pedersen","PDF","EUR/DKK","+6M","2026-01-22","7.4550","EUR/DKK peg baskısı, Danimarka MB müdahale eşiği yaklaşıyor","EUR/DKK","7.4650","-0.13%","7.4688","+0.05%","Aşağı","Slightly Bearish","0","98.1","0","0.19%","39.3 (F)","+0.05%","+0.05%","-0.18%","-1.38"
"2025-07-22","Danske Bank","Jens Nærvig Pedersen","PDF","EUR/DKK","+12M","2026-07-22","7.4550","EUR/DKK peg baskısı, Danimarka MB müdahale eşiği yaklaşıyor","EUR/DKK","7.4650","-0.13%","⏳","⏳","Aşağı","⏳","⏳","⏳","⏳","⏳","⏳","⏳","⏳","⏳","⏳"
"2025-10-21","Danske Bank","Jens Nærvig Pedersen","PDF","EUR/DKK","+1M","2025-11-21","7.4675","EUR/DKK peg baskısı, Danimarka MB müdahale eşiği yaklaşıyor","EUR/DKK","7.4685","-0.01%","7.4713","+0.04%","Sabit","Neutral","1","99.5","100","0.05%","89.8 (A)","+0.07%","+0.04%","-0.08%","-1.61"
"2025-10-21","Danske Bank","Jens Nærvig Pedersen","PDF","EUR/DKK","+3M","2026-01-21","7.4625","EUR/DKK peg baskısı, Danimarka MB müdahale eşiği yaklaşıyor","EUR/DKK","7.4685","-0.08%","7.4705","+0.03%","Sabit","Neutral","1","98.9","100","0.11%","89.5 (A)","+0.05%","+0.03%","-0.13%","-1.63"
"2025-10-21","Danske Bank","Jens Nærvig Pedersen","PDF","EUR/DKK","+6M","2026-04-21","7.4575","EUR/DKK peg baskısı, Danimarka MB müdahale eşiği yaklaşıyor","EUR/DKK","7.4685","-0.15%","⏳","⏳","Aşağı","⏳","⏳","⏳","⏳","⏳","⏳","⏳","⏳","⏳","⏳"
"2025-10-21","Danske Bank","Jens Nærvig Pedersen","PDF","EUR/DKK","+12M","2026-10-21","7.4550","EUR/DKK peg baskısı, Danimarka MB müdahale eşiği yaklaşıyor","EUR/DKK","7.4685","-0.18%","⏳","⏳","Aşağı","⏳","⏳","⏳","⏳","⏳","⏳","⏳","⏳","⏳","⏳"
"2026-03-20","Danske Bank","Jens Nærvig Pedersen","PDF","EUR/DKK","+1M","2026-04-20","7.4725","EUR/DKK peg baskısı, Danimarka MB müdahale eşiği yaklaşıyor","EUR/DKK","7.4713","+0.02%","7.4726","+0.02%","Sabit","Neutral","1","100.0","100","0.00%","90.0 (A)","-0.00%","+0.02%","+0.02%","+0.40"
"2026-03-20","Danske Bank","Jens Nærvig Pedersen","PDF","EUR/DKK","+3M","2026-06-20","7.4675","EUR/DKK peg baskısı, Danimarka MB müdahale eşiği yaklaşıyor","EUR/DKK","7.4713","-0.05%","⏳","⏳","Sabit","⏳","⏳","⏳","⏳","⏳","⏳","⏳","⏳","⏳","⏳"
"2026-03-20","Danske Bank","Jens Nærvig Pedersen","PDF","EUR/DKK","+6M","2026-09-20","7.4625","EUR/DKK peg baskısı, Danimarka MB müdahale eşiği yaklaşıyor","EUR/DKK","7.4713","-0.12%","⏳","⏳","Aşağı","⏳","⏳","⏳","⏳","⏳","⏳","⏳","⏳","⏳","⏳"
"2026-03-20","Danske Bank","Jens Nærvig Pedersen","PDF","EUR/DKK","+12M","2027-03-20","7.4600","EUR/DKK peg baskısı, Danimarka MB müdahale eşiği yaklaşıyor","EUR/DKK","7.4713","-0.15%","⏳","⏳","Aşağı","⏳","⏳","⏳","⏳","⏳","⏳","⏳","⏳","⏳","⏳"
"2025-06-23","Danske Bank","Kirstine Kundby-Nielsen","PDF","EUR/GBP","+1M","2025-07-23","0.8500","İngiltere ekonomik zayıflığı, EUR/GBP yükseliş beklentisi","EUR/GBP","0.8600","-1.16%","0.8700","+1.16%","Aşağı","Slightly Bearish","0","76.5","0","2.35%","29.2 (F)","+2.60%","+1.16%","-3.76%","-3.24"
"2025-06-23","Danske Bank","Kirstine Kundby-Nielsen","PDF","EUR/GBP","+3M","2025-09-23","0.8600","İngiltere ekonomik zayıflığı, EUR/GBP yükseliş beklentisi","EUR/GBP","0.8600","+0.00%","0.8700","+1.16%","Sabit","Neutral","0","88.4","0","1.16%","33.8 (F)","+2.67%","+1.16%","-2.67%","-53.36"
"2025-06-23","Danske Bank","Kirstine Kundby-Nielsen","PDF","EUR/GBP","+6M","2025-12-23","0.8700","İngiltere ekonomik zayıflığı, EUR/GBP yükseliş beklentisi","EUR/GBP","0.8600","+1.16%","0.8800","+2.33%","Yukarı","Slightly Bearish","1","88.5","75","1.15%","81.6 (B)","+3.62%","+2.33%","-2.46%","-2.11"
"2025-06-23","Danske Bank","Kirstine Kundby-Nielsen","PDF","EUR/GBP","+12M","2026-06-23","0.8700","İngiltere ekonomik zayıflığı, EUR/GBP yükseliş beklentisi","EUR/GBP","0.8600","+1.16%","⏳","⏳","Yukarı","⏳","⏳","⏳","⏳","⏳","⏳","⏳","⏳","⏳","⏳"
"2025-07-22","Danske Bank","Kirstine Kundby-Nielsen","PDF","EUR/GBP","+1M","2025-08-22","0.8700","İngiltere ekonomik zayıflığı, EUR/GBP yükseliş beklentisi","EUR/GBP","0.8700","+0.00%","0.8600","-1.15%","Sabit","Neutral","0","88.5","0","1.15%","34.6 (F)","+1.91%","-1.15%","-1.91%","-38.19"
"2025-07-22","Danske Bank","Kirstine Kundby-Nielsen","PDF","EUR/GBP","+3M","2025-10-22","0.8800","İngiltere ekonomik zayıflığı, EUR/GBP yükseliş beklentisi","EUR/GBP","0.8700","+1.15%","0.8700","+0.00%","Yukarı","Neutral","0","88.6","0","1.14%","36.4 (F)","+1.33%","+0.00%","-0.18%","-0.16"
"2025-07-22","Danske Bank","Kirstine Kundby-Nielsen","PDF","EUR/GBP","+6M","2026-01-22","0.8900","İngiltere ekonomik zayıflığı, EUR/GBP yükseliş beklentisi","EUR/GBP","0.8700","+2.30%","0.8700","+0.00%","Yukarı","Neutral","0","77.5","0","2.25%","32.6 (F)","+3.00%","+0.00%","-0.70%","-0.31"
"2025-07-22","Danske Bank","Kirstine Kundby-Nielsen","PDF","EUR/GBP","+12M","2026-07-22","0.8900","İngiltere ekonomik zayıflığı, EUR/GBP yükseliş beklentisi","EUR/GBP","0.8700","+2.30%","⏳","⏳","Yukarı","⏳","⏳","⏳","⏳","⏳","⏳","⏳","⏳","⏳","⏳"
"2025-08-19","Danske Bank","Kirstine Kundby-Nielsen","PDF","EUR/GBP","+1M","2025-09-19","0.8700","İngiltere ekonomik zayıflığı, EUR/GBP yükseliş beklentisi","EUR/GBP","0.8600","+1.16%","0.8700","+1.16%","Yukarı","Slightly Bullish","1","100.0","100","0.00%","91.8 (A)","-0.65%","+1.16%","+1.81%","+1.56"
"2025-08-19","Danske Bank","Kirstine Kundby-Nielsen","PDF","EUR/GBP","+3M","2025-11-19","0.8800","İngiltere ekonomik zayıflığı, EUR/GBP yükseliş beklentisi","EUR/GBP","0.8600","+2.33%","0.8800","+2.33%","Yukarı","Neutral","1","100.0","100","0.00%","90.2 (A)","+2.15%","+2.33%","+0.18%","+0.08"
"2025-08-19","Danske Bank","Kirstine Kundby-Nielsen","PDF","EUR/GBP","+6M","2026-02-19","0.8900","İngiltere ekonomik zayıflığı, EUR/GBP yükseliş beklentisi","EUR/GBP","0.8600","+3.49%","0.8700","+1.16%","Yukarı","Neutral","1","77.5","75","2.25%","80.4 (B)","+3.82%","+1.16%","-0.33%","-0.09"
"2025-08-19","Danske Bank","Kirstine Kundby-Nielsen","PDF","EUR/GBP","+12M","2026-08-19","0.8900","İngiltere ekonomik zayıflığı, EUR/GBP yükseliş beklentisi","EUR/GBP","0.8600","+3.49%","⏳","⏳","Yukarı","⏳","⏳","⏳","⏳","⏳","⏳","⏳","⏳","⏳","⏳"
"2025-09-19","Danske Bank","Kirstine Kundby-Nielsen","PDF","EUR/GBP","+1M","2025-10-19","0.8700","İngiltere ekonomik zayıflığı, EUR/GBP yükseliş beklentisi","EUR/GBP","0.8700","+0.00%","0.8700","+0.00%","Sabit","Neutral","1","100.0","100","0.00%","89.3 (A)","+0.69%","+0.00%","-0.69%","-13.89"
"2025-09-19","Danske Bank","Kirstine Kundby-Nielsen","PDF","EUR/GBP","+3M","2025-12-19","0.8800","İngiltere ekonomik zayıflığı, EUR/GBP yükseliş beklentisi","EUR/GBP","0.8700","+1.15%","0.8800","+1.15%","Yukarı","Slightly Bearish","1","100.0","100","0.00%","89.3 (A)","+1.86%","+1.15%","-0.71%","-0.62"
"2025-09-19","Danske Bank","Kirstine Kundby-Nielsen","PDF","EUR/GBP","+6M","2026-03-19","0.8900","İngiltere ekonomik zayıflığı, EUR/GBP yükseliş beklentisi","EUR/GBP","0.8700","+2.30%","0.8600","-1.15%","Yukarı","Slightly Bearish","0","66.3","0","3.37%","28.7 (F)","+3.48%","-1.15%","-1.18%","-0.51"
"2025-09-19","Danske Bank","Kirstine Kundby-Nielsen","PDF","EUR/GBP","+12M","2026-09-19","0.8900","İngiltere ekonomik zayıflığı, EUR/GBP yükseliş beklentisi","EUR/GBP","0.8700","+2.30%","⏳","⏳","Yukarı","⏳","⏳","⏳","⏳","⏳","⏳","⏳","⏳","⏳","⏳"
"2025-10-21","Danske Bank","Kirstine Kundby-Nielsen","PDF","EUR/GBP","+1M","2025-11-21","0.8700","İngiltere ekonomik zayıflığı, EUR/GBP yükseliş beklentisi","EUR/GBP","0.8700","+0.00%","0.8800","+1.15%","Sabit","Neutral","0","88.5","0","1.15%","36.6 (F)","-0.09%","+1.15%","+0.09%","+1.84"
"2025-10-21","Danske Bank","Kirstine Kundby-Nielsen","PDF","EUR/GBP","+3M","2026-01-21","0.8800","İngiltere ekonomik zayıflığı, EUR/GBP yükseliş beklentisi","EUR/GBP","0.8700","+1.15%","0.8700","+0.00%","Yukarı","Slightly Bullish","0","88.6","0","1.14%","37.2 (F)","+0.51%","+0.00%","+0.64%","+0.56"
"2025-10-21","Danske Bank","Kirstine Kundby-Nielsen","PDF","EUR/GBP","+6M","2026-04-21","0.8900","İngiltere ekonomik zayıflığı, EUR/GBP yükseliş beklentisi","EUR/GBP","0.8700","+2.30%","⏳","⏳","Yukarı","⏳","⏳","⏳","⏳","⏳","⏳","⏳","⏳","⏳","⏳"
"2025-10-21","Danske Bank","Kirstine Kundby-Nielsen","PDF","EUR/GBP","+12M","2026-10-21","0.8900","İngiltere ekonomik zayıflığı, EUR/GBP yükseliş beklentisi","EUR/GBP","0.8700","+2.30%","⏳","⏳","Yukarı","⏳","⏳","⏳","⏳","⏳","⏳","⏳","⏳","⏳","⏳"
"2025-11-18","Danske Bank","Kirstine Kundby-Nielsen","PDF","EUR/GBP","+1M","2025-12-18","0.8800","İngiltere ekonomik zayıflığı, EUR/GBP yükseliş beklentisi","EUR/GBP","0.8800","+0.00%","0.8800","+0.00%","Sabit","Neutral","1","100.0","100","0.00%","88.8 (A)","+1.21%","+0.00%","-1.21%","-24.15"
"2025-11-18","Danske Bank","Kirstine Kundby-Nielsen","PDF","EUR/GBP","+3M","2026-02-18","0.8900","İngiltere ekonomik zayıflığı, EUR/GBP yükseliş beklentisi","EUR/GBP","0.8800","+1.14%","0.8700","-1.14%","Yukarı","Slightly Bearish","0","77.5","0","2.25%","32.3 (F)","+2.08%","-1.14%","-0.94%","-0.83"
"2025-11-18","Danske Bank","Kirstine Kundby-Nielsen","PDF","EUR/GBP","+6M","2026-05-18","0.9000","İngiltere ekonomik zayıflığı, EUR/GBP yükseliş beklentisi","EUR/GBP","0.8800","+2.27%","⏳","⏳","Yukarı","⏳","⏳","⏳","⏳","⏳","⏳","⏳","⏳","⏳","⏳"
"2025-11-18","Danske Bank","Kirstine Kundby-Nielsen","PDF","EUR/GBP","+12M","2026-11-18","0.9000","İngiltere ekonomik zayıflığı, EUR/GBP yükseliş beklentisi","EUR/GBP","0.8800","+2.27%","⏳","⏳","Yukarı","⏳","⏳","⏳","⏳","⏳","⏳","⏳","⏳","⏳","⏳"
"2025-12-19","Danske Bank","Kirstine Kundby-Nielsen","PDF","EUR/GBP","+1M","2026-01-19","0.8800","İngiltere ekonomik zayıflığı, EUR/GBP yükseliş beklentisi","EUR/GBP","0.8800","+0.00%","0.8700","-1.14%","Sabit","Neutral","0","88.6","0","1.14%","36.9 (F)","-0.31%","-1.14%","+0.31%","+6.12"
"2025-12-19","Danske Bank","Kirstine Kundby-Nielsen","PDF","EUR/GBP","+3M","2026-03-19","0.8900","İngiltere ekonomik zayıflığı, EUR/GBP yükseliş beklentisi","EUR/GBP","0.8800","+1.14%","0.8600","-2.27%","Yukarı","Neutral","0","66.3","0","3.37%","30.0 (F)","+1.06%","-2.27%","+0.08%","+0.07"
"2025-12-19","Danske Bank","Kirstine Kundby-Nielsen","PDF","EUR/GBP","+6M","2026-06-19","0.9000","İngiltere ekonomik zayıflığı, EUR/GBP yükseliş beklentisi","EUR/GBP","0.8800","+2.27%","⏳","⏳","Yukarı","⏳","⏳","⏳","⏳","⏳","⏳","⏳","⏳","⏳","⏳"
"2025-12-19","Danske Bank","Kirstine Kundby-Nielsen","PDF","EUR/GBP","+12M","2026-12-19","0.9000","İngiltere ekonomik zayıflığı, EUR/GBP yükseliş beklentisi","EUR/GBP","0.8800","+2.27%","⏳","⏳","Yukarı","⏳","⏳","⏳","⏳","⏳","⏳","⏳","⏳","⏳","⏳"
"2026-01-19","Danske Bank","Kirstine Kundby-Nielsen","PDF","EUR/GBP","+1M","2026-02-19","0.8700","İngiltere ekonomik zayıflığı, EUR/GBP yükseliş beklentisi","EUR/GBP","0.8700","+0.00%","0.8700","+0.00%","Sabit","Neutral","1","100.0","100","0.00%","90.7 (A)","-0.68%","+0.00%","+0.68%","+13.70"
"2026-01-19","Danske Bank","Kirstine Kundby-Nielsen","PDF","EUR/GBP","+3M","2026-04-19","0.8800","İngiltere ekonomik zayıflığı, EUR/GBP yükseliş beklentisi","EUR/GBP","0.8700","+1.15%","⏳","⏳","Yukarı","⏳","⏳","⏳","⏳","⏳","⏳","⏳","⏳","⏳","⏳"
"2026-01-19","Danske Bank","Kirstine Kundby-Nielsen","PDF","EUR/GBP","+6M","2026-07-19","0.8900","İngiltere ekonomik zayıflığı, EUR/GBP yükseliş beklentisi","EUR/GBP","0.8700","+2.30%","⏳","⏳","Yukarı","⏳","⏳","⏳","⏳","⏳","⏳","⏳","⏳","⏳","⏳"
"2026-01-19","Danske Bank","Kirstine Kundby-Nielsen","PDF","EUR/GBP","+12M","2027-01-19","0.8900","İngiltere ekonomik zayıflığı, EUR/GBP yükseliş beklentisi","EUR/GBP","0.8700","+2.30%","⏳","⏳","Yukarı","⏳","⏳","⏳","⏳","⏳","⏳","⏳","⏳","⏳","⏳"
"2026-02-17","Danske Bank","Kirstine Kundby-Nielsen","PDF","EUR/GBP","+1M","2026-03-17","0.8700","İngiltere ekonomik zayıflığı, EUR/GBP yükseliş beklentisi","EUR/GBP","0.8700","+0.00%","0.8600","-1.15%","Sabit","Neutral","0","88.5","0","1.15%","36.2 (F)","+0.35%","-1.15%","-0.35%","-6.92"
"2026-02-17","Danske Bank","Kirstine Kundby-Nielsen","PDF","EUR/GBP","+3M","2026-05-17","0.8800","İngiltere ekonomik zayıflığı, EUR/GBP yükseliş beklentisi","EUR/GBP","0.8700","+1.15%","⏳","⏳","Yukarı","⏳","⏳","⏳","⏳","⏳","⏳","⏳","⏳","⏳","⏳"
"2026-02-17","Danske Bank","Kirstine Kundby-Nielsen","PDF","EUR/GBP","+6M","2026-08-17","0.8900","İngiltere ekonomik zayıflığı, EUR/GBP yükseliş beklentisi","EUR/GBP","0.8700","+2.30%","⏳","⏳","Yukarı","⏳","⏳","⏳","⏳","⏳","⏳","⏳","⏳","⏳","⏳"
"2026-02-17","Danske Bank","Kirstine Kundby-Nielsen","PDF","EUR/GBP","+12M","2027-02-17","0.8900","İngiltere ekonomik zayıflığı, EUR/GBP yükseliş beklentisi","EUR/GBP","0.8700","+2.30%","⏳","⏳","Yukarı","⏳","⏳","⏳","⏳","⏳","⏳","⏳","⏳","⏳","⏳"
"2026-03-20","Danske Bank","Kirstine Kundby-Nielsen","PDF","EUR/GBP","+1M","2026-04-20","0.8600","İngiltere ekonomik zayıflığı, EUR/GBP yükseliş beklentisi","EUR/GBP","0.8600","+0.00%","0.8691","+1.06%","Sabit","Neutral","0","89.4","0","1.06%","38.3 (F)","-1.47%","+1.06%","+1.47%","+29.33"
"2026-03-20","Danske Bank","Kirstine Kundby-Nielsen","PDF","EUR/GBP","+3M","2026-06-20","0.8700","İngiltere ekonomik zayıflığı, EUR/GBP yükseliş beklentisi","EUR/GBP","0.8600","+1.16%","⏳","⏳","Yukarı","⏳","⏳","⏳","⏳","⏳","⏳","⏳","⏳","⏳","⏳"
"2026-03-20","Danske Bank","Kirstine Kundby-Nielsen","PDF","EUR/GBP","+6M","2026-09-20","0.8800","İngiltere ekonomik zayıflığı, EUR/GBP yükseliş beklentisi","EUR/GBP","0.8600","+2.33%","⏳","⏳","Yukarı","⏳","⏳","⏳","⏳","⏳","⏳","⏳","⏳","⏳","⏳"
"2026-03-20","Danske Bank","Kirstine Kundby-Nielsen","PDF","EUR/GBP","+12M","2027-03-20","0.8800","İngiltere ekonomik zayıflığı, EUR/GBP yükseliş beklentisi","EUR/GBP","0.8600","+2.33%","⏳","⏳","Yukarı","⏳","⏳","⏳","⏳","⏳","⏳","⏳","⏳","⏳","⏳"
"2025-06-23","Danske Bank","Mohamad Al-Saraf","PDF","USD/JPY","+1M","2025-07-23","144.0000","Yen güçlenme beklentisi, USD/JPY düşüş trendi","USD/JPY","147.0000","-2.04%","147.0000","+0.00%","Aşağı","Bearish","0","79.2","0","2.08%","28.6 (F)","+3.10%","+0.00%","-5.14%","-2.52"
"2025-06-23","Danske Bank","Mohamad Al-Saraf","PDF","USD/JPY","+3M","2025-09-23","142.0000","Yen güçlenme beklentisi, USD/JPY düşüş trendi","USD/JPY","147.0000","-3.40%","147.5000","+0.34%","Aşağı","Slightly Bearish","0","61.3","0","3.87%","26.1 (F)","-1.14%","+0.34%","-2.26%","-0.67"
"2025-06-23","Danske Bank","Mohamad Al-Saraf","PDF","USD/JPY","+6M","2025-12-23","139.0000","Yen güçlenme beklentisi, USD/JPY düşüş trendi","USD/JPY","147.0000","-5.44%","157.0000","+6.80%","Aşağı","Neutral","0","0.0","0","12.95%","11.0 (F)","-6.48%","+6.80%","+1.04%","+0.19"
"2025-06-23","Danske Bank","Mohamad Al-Saraf","PDF","USD/JPY","+12M","2026-06-23","135.0000","Yen güçlenme beklentisi, USD/JPY düşüş trendi","USD/JPY","147.0000","-8.16%","⏳","⏳","Aşağı","⏳","⏳","⏳","⏳","⏳","⏳","⏳","⏳","⏳","⏳"
"2025-07-22","Danske Bank","Mohamad Al-Saraf","PDF","USD/JPY","+1M","2025-08-22","148.0000","Yen güçlenme beklentisi, USD/JPY düşüş trendi","USD/JPY","147.0000","+0.68%","147.0000","+0.00%","Yukarı","Neutral","0","93.2","0","0.68%","37.7 (F)","+0.95%","+0.00%","-0.27%","-0.40"
"2025-07-22","Danske Bank","Mohamad Al-Saraf","PDF","USD/JPY","+3M","2025-10-22","146.0000","Yen güçlenme beklentisi, USD/JPY düşüş trendi","USD/JPY","147.0000","-0.68%","150.0000","+2.04%","Aşağı","Bearish","0","72.6","0","2.74%","26.4 (F)","+4.75%","+2.04%","-5.43%","-7.98"
"2025-07-22","Danske Bank","Mohamad Al-Saraf","PDF","USD/JPY","+6M","2026-01-22","143.0000","Yen güçlenme beklentisi, USD/JPY düşüş trendi","USD/JPY","147.0000","-2.72%","159.0000","+8.16%","Aşağı","Slightly Bullish","0","0.0","0","11.19%","12.9 (F)","-5.66%","+8.16%","+2.94%","+1.08"
"2025-07-22","Danske Bank","Mohamad Al-Saraf","PDF","USD/JPY","+12M","2026-07-22","139.0000","Yen güçlenme beklentisi, USD/JPY düşüş trendi","USD/JPY","147.0000","-5.44%","⏳","⏳","Aşağı","⏳","⏳","⏳","⏳","⏳","⏳","⏳","⏳","⏳","⏳"
"2025-08-19","Danske Bank","Mohamad Al-Saraf","PDF","USD/JPY","+1M","2025-09-19","146.0000","Yen güçlenme beklentisi, USD/JPY düşüş trendi","USD/JPY","147.0000","-0.68%","147.5000","+0.34%","Aşağı","Neutral","0","89.7","0","1.03%","37.2 (F)","-0.97%","+0.34%","+0.29%","+0.43"
"2025-08-19","Danske Bank","Mohamad Al-Saraf","PDF","USD/JPY","+3M","2025-11-19","143.0000","Yen güçlenme beklentisi, USD/JPY düşüş trendi","USD/JPY","147.0000","-2.72%","155.0000","+5.44%","Aşağı","Slightly Bearish","0","16.1","0","8.39%","10.7 (F)","+1.40%","+5.44%","-4.12%","-1.52"
"2025-08-19","Danske Bank","Mohamad Al-Saraf","PDF","USD/JPY","+6M","2026-02-19","140.0000","Yen güçlenme beklentisi, USD/JPY düşüş trendi","USD/JPY","147.0000","-4.76%","153.0000","+4.08%","Aşağı","Neutral","0","7.1","0","9.29%","10.6 (F)","-3.18%","+4.08%","-1.59%","-0.33"
"2025-08-19","Danske Bank","Mohamad Al-Saraf","PDF","USD/JPY","+12M","2026-08-19","138.0000","Yen güçlenme beklentisi, USD/JPY düşüş trendi","USD/JPY","147.0000","-6.12%","⏳","⏳","Aşağı","⏳","⏳","⏳","⏳","⏳","⏳","⏳","⏳","⏳","⏳"
"2025-09-19","Danske Bank","Mohamad Al-Saraf","PDF","USD/JPY","+1M","2025-10-19","146.0000","Yen güçlenme beklentisi, USD/JPY düşüş trendi","USD/JPY","147.5000","-1.02%","150.0000","+1.69%","Aşağı","Slightly Bearish","0","72.6","0","2.74%","31.0 (F)","-0.21%","+1.69%","-0.81%","-0.79"
"2025-09-19","Danske Bank","Mohamad Al-Saraf","PDF","USD/JPY","+3M","2025-12-19","143.0000","Yen güçlenme beklentisi, USD/JPY düşüş trendi","USD/JPY","147.5000","-3.05%","157.0000","+6.44%","Aşağı","Slightly Bearish","0","2.1","0","9.79%","6.3 (F)","+1.26%","+6.44%","-4.31%","-1.41"
"2025-09-19","Danske Bank","Mohamad Al-Saraf","PDF","USD/JPY","+6M","2026-03-19","140.0000","Yen güçlenme beklentisi, USD/JPY düşüş trendi","USD/JPY","147.5000","-5.08%","158.0000","+7.12%","Aşağı","Slightly Bearish","0","0.0","0","12.86%","6.5 (F)","-1.56%","+7.12%","-3.53%","-0.69"
"2025-09-19","Danske Bank","Mohamad Al-Saraf","PDF","USD/JPY","+12M","2026-09-19","138.0000","Yen güçlenme beklentisi, USD/JPY düşüş trendi","USD/JPY","147.5000","-6.44%","⏳","⏳","Aşağı","⏳","⏳","⏳","⏳","⏳","⏳","⏳","⏳","⏳","⏳"
"2025-10-21","Danske Bank","Mohamad Al-Saraf","PDF","USD/JPY","+1M","2025-11-21","148.0000","Yen güçlenme beklentisi, USD/JPY düşüş trendi","USD/JPY","150.0000","-1.33%","155.0000","+3.33%","Aşağı","Slightly Bearish","0","52.7","0","4.73%","23.2 (F)","+1.29%","+3.33%","-2.63%","-1.97"
"2025-10-21","Danske Bank","Mohamad Al-Saraf","PDF","USD/JPY","+3M","2026-01-21","145.0000","Yen güçlenme beklentisi, USD/JPY düşüş trendi","USD/JPY","150.0000","-3.33%","159.0000","+6.00%","Aşağı","Bearish","0","3.4","0","9.66%","6.0 (F)","+1.74%","+6.00%","-5.07%","-1.52"
"2025-10-21","Danske Bank","Mohamad Al-Saraf","PDF","USD/JPY","+6M","2026-04-21","142.0000","Yen güçlenme beklentisi, USD/JPY düşüş trendi","USD/JPY","150.0000","-5.33%","⏳","⏳","Aşağı","⏳","⏳","⏳","⏳","⏳","⏳","⏳","⏳","⏳","⏳"
"2025-10-21","Danske Bank","Mohamad Al-Saraf","PDF","USD/JPY","+12M","2026-10-21","140.0000","Yen güçlenme beklentisi, USD/JPY düşüş trendi","USD/JPY","150.0000","-6.67%","⏳","⏳","Aşağı","⏳","⏳","⏳","⏳","⏳","⏳","⏳","⏳","⏳","⏳"
"2025-11-18","Danske Bank","Mohamad Al-Saraf","PDF","USD/JPY","+1M","2025-12-18","155.0000","Yen güçlenme beklentisi, USD/JPY düşüş trendi","USD/JPY","155.0000","+0.00%","157.0000","+1.29%","Sabit","Neutral","0","87.1","0","1.29%","33.1 (F)","+3.05%","+1.29%","-3.05%","-60.96"
"2025-11-18","Danske Bank","Mohamad Al-Saraf","PDF","USD/JPY","+3M","2026-02-18","152.0000","Yen güçlenme beklentisi, USD/JPY düşüş trendi","USD/JPY","155.0000","-1.94%","153.0000","-1.29%","Aşağı","Bearish","1","93.4","100","0.66%","81.1 (B)","+5.03%","-1.29%","-6.96%","-3.60"
"2025-11-18","Danske Bank","Mohamad Al-Saraf","PDF","USD/JPY","+6M","2026-05-18","149.0000","Yen güçlenme beklentisi, USD/JPY düşüş trendi","USD/JPY","155.0000","-3.87%","⏳","⏳","Aşağı","⏳","⏳","⏳","⏳","⏳","⏳","⏳","⏳","⏳","⏳"
"2025-11-18","Danske Bank","Mohamad Al-Saraf","PDF","USD/JPY","+12M","2026-11-18","145.0000","Yen güçlenme beklentisi, USD/JPY düşüş trendi","USD/JPY","155.0000","-6.45%","⏳","⏳","Aşağı","⏳","⏳","⏳","⏳","⏳","⏳","⏳","⏳","⏳","⏳"
"2025-12-19","Danske Bank","Mohamad Al-Saraf","PDF","USD/JPY","+1M","2026-01-19","157.0000","Yen güçlenme beklentisi, USD/JPY düşüş trendi","USD/JPY","157.0000","+0.00%","159.0000","+1.27%","Sabit","Neutral","0","87.3","0","1.27%","35.6 (F)","+0.55%","+1.27%","-0.55%","-11.09"
"2025-12-19","Danske Bank","Mohamad Al-Saraf","PDF","USD/JPY","+3M","2026-03-19","154.0000","Yen güçlenme beklentisi, USD/JPY düşüş trendi","USD/JPY","157.0000","-1.91%","158.0000","+0.64%","Aşağı","Bearish","0","74.0","0","2.60%","24.3 (F)","+6.02%","+0.64%","-7.93%","-4.15"
"2025-12-19","Danske Bank","Mohamad Al-Saraf","PDF","USD/JPY","+6M","2026-06-19","151.0000","Yen güçlenme beklentisi, USD/JPY düşüş trendi","USD/JPY","157.0000","-3.82%","⏳","⏳","Aşağı","⏳","⏳","⏳","⏳","⏳","⏳","⏳","⏳","⏳","⏳"
"2025-12-19","Danske Bank","Mohamad Al-Saraf","PDF","USD/JPY","+12M","2026-12-19","147.0000","Yen güçlenme beklentisi, USD/JPY düşüş trendi","USD/JPY","157.0000","-6.37%","⏳","⏳","Aşağı","⏳","⏳","⏳","⏳","⏳","⏳","⏳","⏳","⏳","⏳"
"2026-01-19","Danske Bank","Mohamad Al-Saraf","PDF","USD/JPY","+1M","2026-02-19","155.0000","Yen güçlenme beklentisi, USD/JPY düşüş trendi","USD/JPY","159.0000","-2.52%","153.0000","-3.77%","Aşağı","Slightly Bearish","1","87.1","75","1.29%","80.0 (B)","+1.12%","-3.77%","-3.64%","-1.45"
"2026-01-19","Danske Bank","Mohamad Al-Saraf","PDF","USD/JPY","+3M","2026-04-19","152.0000","Yen güçlenme beklentisi, USD/JPY düşüş trendi","USD/JPY","159.0000","-4.40%","⏳","⏳","Aşağı","⏳","⏳","⏳","⏳","⏳","⏳","⏳","⏳","⏳","⏳"
"2026-01-19","Danske Bank","Mohamad Al-Saraf","PDF","USD/JPY","+6M","2026-07-19","149.0000","Yen güçlenme beklentisi, USD/JPY düşüş trendi","USD/JPY","159.0000","-6.29%","⏳","⏳","Aşağı","⏳","⏳","⏳","⏳","⏳","⏳","⏳","⏳","⏳","⏳"
"2026-01-19","Danske Bank","Mohamad Al-Saraf","PDF","USD/JPY","+12M","2027-01-19","145.0000","Yen güçlenme beklentisi, USD/JPY düşüş trendi","USD/JPY","159.0000","-8.81%","⏳","⏳","Aşağı","⏳","⏳","⏳","⏳","⏳","⏳","⏳","⏳","⏳","⏳"
"2026-02-17","Danske Bank","Mohamad Al-Saraf","PDF","USD/JPY","+1M","2026-03-17","153.0000","Yen güçlenme beklentisi, USD/JPY düşüş trendi","USD/JPY","153.0000","+0.00%","158.0000","+3.27%","Sabit","Neutral","0","67.3","0","3.27%","33.4 (F)","-3.23%","+3.27%","+3.23%","+64.57"
"2026-02-17","Danske Bank","Mohamad Al-Saraf","PDF","USD/JPY","+3M","2026-05-17","150.0000","Yen güçlenme beklentisi, USD/JPY düşüş trendi","USD/JPY","153.0000","-1.96%","⏳","⏳","Aşağı","⏳","⏳","⏳","⏳","⏳","⏳","⏳","⏳","⏳","⏳"
"2026-02-17","Danske Bank","Mohamad Al-Saraf","PDF","USD/JPY","+6M","2026-08-17","147.0000","Yen güçlenme beklentisi, USD/JPY düşüş trendi","USD/JPY","153.0000","-3.92%","⏳","⏳","Aşağı","⏳","⏳","⏳","⏳","⏳","⏳","⏳","⏳","⏳","⏳"
"2026-02-17","Danske Bank","Mohamad Al-Saraf","PDF","USD/JPY","+12M","2027-02-17","143.0000","Yen güçlenme beklentisi, USD/JPY düşüş trendi","USD/JPY","153.0000","-6.54%","⏳","⏳","Aşağı","⏳","⏳","⏳","⏳","⏳","⏳","⏳","⏳","⏳","⏳"
"2026-03-20","Danske Bank","Mohamad Al-Saraf","PDF","USD/JPY","+1M","2026-04-20","159.0000","Yen güçlenme beklentisi, USD/JPY düşüş trendi","USD/JPY","158.0000","+0.63%","158.8485","+0.54%","Yukarı","Slightly Bearish","1","99.0","100","0.10%","88.5 (A)","+1.80%","+0.54%","-1.17%","-1.85"
"2026-03-20","Danske Bank","Mohamad Al-Saraf","PDF","USD/JPY","+3M","2026-06-20","159.0000","Yen güçlenme beklentisi, USD/JPY düşüş trendi","USD/JPY","158.0000","+0.63%","⏳","⏳","Yukarı","⏳","⏳","⏳","⏳","⏳","⏳","⏳","⏳","⏳","⏳"
"2026-03-20","Danske Bank","Mohamad Al-Saraf","PDF","USD/JPY","+6M","2026-09-20","145.0000","Yen güçlenme beklentisi, USD/JPY düşüş trendi","USD/JPY","158.0000","-8.23%","⏳","⏳","Aşağı","⏳","⏳","⏳","⏳","⏳","⏳","⏳","⏳","⏳","⏳"
"2026-03-20","Danske Bank","Mohamad Al-Saraf","PDF","USD/JPY","+12M","2027-03-20","150.0000","Yen güçlenme beklentisi, USD/JPY düşüş trendi","USD/JPY","158.0000","-5.06%","⏳","⏳","Aşağı","⏳","⏳","⏳","⏳","⏳","⏳","⏳","⏳","⏳","⏳"
"2025-06-23","Danske Bank","Antti Ilvonen","PDF","EUR/CHF","+1M","2025-07-23","0.9300","CHF güvenli liman talebi, EUR/CHF düşüş beklentisi","EUR/CHF","0.9400","-1.06%","0.9300","-1.06%","Aşağı","Slightly Bearish","1","100.0","100","0.00%","87.9 (A)","+1.09%","-1.06%","-2.15%","-2.02"
"2025-06-23","Danske Bank","Antti Ilvonen","PDF","EUR/CHF","+3M","2025-09-23","0.9200","CHF güvenli liman talebi, EUR/CHF düşüş beklentisi","EUR/CHF","0.9400","-2.13%","0.9300","-1.06%","Aşağı","Neutral","1","89.1","75","1.09%","83.7 (B)","-1.54%","-1.06%","-0.59%","-0.28"
"2025-06-23","Danske Bank","Antti Ilvonen","PDF","EUR/CHF","+6M","2025-12-23","0.9100","CHF güvenli liman talebi, EUR/CHF düşüş beklentisi","EUR/CHF","0.9400","-3.19%","0.9300","-1.06%","Aşağı","Slightly Bearish","1","78.0","75","2.20%","77.0 (B)","+0.69%","-1.06%","-3.88%","-1.21"
"2025-06-23","Danske Bank","Antti Ilvonen","PDF","EUR/CHF","+12M","2026-06-23","0.9100","CHF güvenli liman talebi, EUR/CHF düşüş beklentisi","EUR/CHF","0.9400","-3.19%","⏳","⏳","Aşağı","⏳","⏳","⏳","⏳","⏳","⏳","⏳","⏳","⏳","⏳"
"2025-07-22","Danske Bank","Antti Ilvonen","PDF","EUR/CHF","+1M","2025-08-22","0.9300","CHF güvenli liman talebi, EUR/CHF düşüş beklentisi","EUR/CHF","0.9300","+0.00%","0.9400","+1.08%","Sabit","Neutral","0","89.2","0","1.08%","38.0 (F)","-1.22%","+1.08%","+1.22%","+24.43"
"2025-07-22","Danske Bank","Antti Ilvonen","PDF","EUR/CHF","+3M","2025-10-22","0.9200","CHF güvenli liman talebi, EUR/CHF düşüş beklentisi","EUR/CHF","0.9300","-1.08%","0.9300","+0.00%","Aşağı","Slightly Bearish","0","89.1","0","1.09%","35.9 (F)","-0.19%","+0.00%","-0.88%","-0.82"
"2025-07-22","Danske Bank","Antti Ilvonen","PDF","EUR/CHF","+6M","2026-01-22","0.9100","CHF güvenli liman talebi, EUR/CHF düşüş beklentisi","EUR/CHF","0.9300","-2.15%","0.9300","+0.00%","Aşağı","Neutral","0","78.0","0","2.20%","32.8 (F)","-1.58%","+0.00%","-0.57%","-0.27"
"2025-07-22","Danske Bank","Antti Ilvonen","PDF","EUR/CHF","+12M","2026-07-22","0.9100","CHF güvenli liman talebi, EUR/CHF düşüş beklentisi","EUR/CHF","0.9300","-2.15%","⏳","⏳","Aşağı","⏳","⏳","⏳","⏳","⏳","⏳","⏳","⏳","⏳","⏳"
"2025-08-19","Danske Bank","Antti Ilvonen","PDF","EUR/CHF","+1M","2025-09-19","0.9300","CHF güvenli liman talebi, EUR/CHF düşüş beklentisi","EUR/CHF","0.9400","-1.06%","0.9300","-1.06%","Aşağı","Slightly Bearish","1","100.0","100","0.00%","88.1 (A)","+0.82%","-1.06%","-1.88%","-1.77"
"2025-08-19","Danske Bank","Antti Ilvonen","PDF","EUR/CHF","+3M","2025-11-19","0.9200","CHF güvenli liman talebi, EUR/CHF düşüş beklentisi","EUR/CHF","0.9400","-2.13%","0.9200","-2.13%","Aşağı","Slightly Bearish","1","100.0","100","0.00%","87.8 (A)","+0.06%","-2.13%","-2.19%","-1.03"
"2025-08-19","Danske Bank","Antti Ilvonen","PDF","EUR/CHF","+6M","2026-02-19","0.9100","CHF güvenli liman talebi, EUR/CHF düşüş beklentisi","EUR/CHF","0.9400","-3.19%","0.9100","-3.19%","Aşağı","Slightly Bearish","1","100.0","100","0.00%","87.2 (A)","-0.37%","-3.19%","-2.82%","-0.88"
"2025-08-19","Danske Bank","Antti Ilvonen","PDF","EUR/CHF","+12M","2026-08-19","0.9100","CHF güvenli liman talebi, EUR/CHF düşüş beklentisi","EUR/CHF","0.9400","-3.19%","⏳","⏳","Aşağı","⏳","⏳","⏳","⏳","⏳","⏳","⏳","⏳","⏳","⏳"
"2025-09-19","Danske Bank","Antti Ilvonen","PDF","EUR/CHF","+1M","2025-10-19","0.9300","CHF güvenli liman talebi, EUR/CHF düşüş beklentisi","EUR/CHF","0.9300","+0.00%","0.9300","+0.00%","Sabit","Neutral","1","100.0","100","0.00%","91.2 (A)","-1.16%","+0.00%","+1.16%","+23.17"
"2025-09-19","Danske Bank","Antti Ilvonen","PDF","EUR/CHF","+3M","2025-12-19","0.9300","CHF güvenli liman talebi, EUR/CHF düşüş beklentisi","EUR/CHF","0.9300","+0.00%","0.9300","+0.00%","Sabit","Neutral","1","100.0","100","0.00%","90.9 (A)","-0.95%","+0.00%","+0.95%","+18.96"
"2025-09-19","Danske Bank","Antti Ilvonen","PDF","EUR/CHF","+6M","2026-03-19","0.9100","CHF güvenli liman talebi, EUR/CHF düşüş beklentisi","EUR/CHF","0.9300","-2.15%","0.9100","-2.15%","Aşağı","Neutral","1","100.0","100","0.00%","90.8 (A)","-2.95%","-2.15%","+0.80%","+0.37"
"2025-09-19","Danske Bank","Antti Ilvonen","PDF","EUR/CHF","+12M","2026-09-19","0.9100","CHF güvenli liman talebi, EUR/CHF düşüş beklentisi","EUR/CHF","0.9300","-2.15%","⏳","⏳","Aşağı","⏳","⏳","⏳","⏳","⏳","⏳","⏳","⏳","⏳","⏳"
"2025-10-21","Danske Bank","Antti Ilvonen","PDF","EUR/CHF","+1M","2025-11-21","0.9200","CHF güvenli liman talebi, EUR/CHF düşüş beklentisi","EUR/CHF","0.9300","-1.08%","0.9200","-1.08%","Aşağı","Slightly Bearish","1","100.0","100","0.00%","89.4 (A)","-0.47%","-1.08%","-0.60%","-0.56"
"2025-10-21","Danske Bank","Antti Ilvonen","PDF","EUR/CHF","+3M","2026-01-21","0.9200","CHF güvenli liman talebi, EUR/CHF düşüş beklentisi","EUR/CHF","0.9300","-1.08%","0.9300","+0.00%","Aşağı","Slightly Bearish","0","89.1","0","1.09%","35.9 (F)","-0.27%","+0.00%","-0.81%","-0.75"
"2025-10-21","Danske Bank","Antti Ilvonen","PDF","EUR/CHF","+6M","2026-04-21","0.9100","CHF güvenli liman talebi, EUR/CHF düşüş beklentisi","EUR/CHF","0.9300","-2.15%","⏳","⏳","Aşağı","⏳","⏳","⏳","⏳","⏳","⏳","⏳","⏳","⏳","⏳"
"2025-10-21","Danske Bank","Antti Ilvonen","PDF","EUR/CHF","+12M","2026-10-21","0.9100","CHF güvenli liman talebi, EUR/CHF düşüş beklentisi","EUR/CHF","0.9300","-2.15%","⏳","⏳","Aşağı","⏳","⏳","⏳","⏳","⏳","⏳","⏳","⏳","⏳","⏳"
"2025-11-18","Danske Bank","Antti Ilvonen","PDF","EUR/CHF","+1M","2025-12-18","0.9200","CHF güvenli liman talebi, EUR/CHF düşüş beklentisi","EUR/CHF","0.9200","+0.00%","0.9300","+1.09%","Sabit","Neutral","0","89.1","0","1.09%","37.4 (F)","-0.62%","+1.09%","+0.62%","+12.32"
"2025-11-18","Danske Bank","Antti Ilvonen","PDF","EUR/CHF","+3M","2026-02-18","0.9200","CHF güvenli liman talebi, EUR/CHF düşüş beklentisi","EUR/CHF","0.9200","+0.00%","0.9100","-1.09%","Sabit","Neutral","0","89.1","0","1.09%","39.1 (F)","-2.37%","-1.09%","+2.37%","+47.33"
"2025-11-18","Danske Bank","Antti Ilvonen","PDF","EUR/CHF","+6M","2026-05-18","0.9100","CHF güvenli liman talebi, EUR/CHF düşüş beklentisi","EUR/CHF","0.9200","-1.09%","⏳","⏳","Aşağı","⏳","⏳","⏳","⏳","⏳","⏳","⏳","⏳","⏳","⏳"
"2025-11-18","Danske Bank","Antti Ilvonen","PDF","EUR/CHF","+12M","2026-11-18","0.9100","CHF güvenli liman talebi, EUR/CHF düşüş beklentisi","EUR/CHF","0.9200","-1.09%","⏳","⏳","Aşağı","⏳","⏳","⏳","⏳","⏳","⏳","⏳","⏳","⏳","⏳"
"2025-12-19","Danske Bank","Antti Ilvonen","PDF","EUR/CHF","+1M","2026-01-19","0.9200","CHF güvenli liman talebi, EUR/CHF düşüş beklentisi","EUR/CHF","0.9300","-1.08%","0.9300","+0.00%","Aşağı","Slightly Bearish","0","89.1","0","1.09%","35.5 (F)","+0.17%","+0.00%","-1.25%","-1.16"
"2025-12-19","Danske Bank","Antti Ilvonen","PDF","EUR/CHF","+3M","2026-03-19","0.9200","CHF güvenli liman talebi, EUR/CHF düşüş beklentisi","EUR/CHF","0.9300","-1.08%","0.9100","-2.15%","Aşağı","Slightly Bearish","1","89.1","75","1.09%","83.6 (B)","-0.47%","-2.15%","-0.60%","-0.56"
"2025-12-19","Danske Bank","Antti Ilvonen","PDF","EUR/CHF","+6M","2026-06-19","0.9100","CHF güvenli liman talebi, EUR/CHF düşüş beklentisi","EUR/CHF","0.9300","-2.15%","⏳","⏳","Aşağı","⏳","⏳","⏳","⏳","⏳","⏳","⏳","⏳","⏳","⏳"
"2025-12-19","Danske Bank","Antti Ilvonen","PDF","EUR/CHF","+12M","2026-12-19","0.9100","CHF güvenli liman talebi, EUR/CHF düşüş beklentisi","EUR/CHF","0.9300","-2.15%","⏳","⏳","Aşağı","⏳","⏳","⏳","⏳","⏳","⏳","⏳","⏳","⏳","⏳"
"2026-01-19","Danske Bank","Antti Ilvonen","PDF","EUR/CHF","+1M","2026-02-19","0.9200","CHF güvenli liman talebi, EUR/CHF düşüş beklentisi","EUR/CHF","0.9300","-1.08%","0.9100","-2.15%","Aşağı","Slightly Bearish","1","89.1","75","1.09%","83.4 (B)","-0.19%","-2.15%","-0.88%","-0.82"
"2026-01-19","Danske Bank","Antti Ilvonen","PDF","EUR/CHF","+3M","2026-04-19","0.9200","CHF güvenli liman talebi, EUR/CHF düşüş beklentisi","EUR/CHF","0.9300","-1.08%","⏳","⏳","Aşağı","⏳","⏳","⏳","⏳","⏳","⏳","⏳","⏳","⏳","⏳"
"2026-01-19","Danske Bank","Antti Ilvonen","PDF","EUR/CHF","+6M","2026-07-19","0.9100","CHF güvenli liman talebi, EUR/CHF düşüş beklentisi","EUR/CHF","0.9300","-2.15%","⏳","⏳","Aşağı","⏳","⏳","⏳","⏳","⏳","⏳","⏳","⏳","⏳","⏳"
"2026-01-19","Danske Bank","Antti Ilvonen","PDF","EUR/CHF","+12M","2027-01-19","0.9100","CHF güvenli liman talebi, EUR/CHF düşüş beklentisi","EUR/CHF","0.9300","-2.15%","⏳","⏳","Aşağı","⏳","⏳","⏳","⏳","⏳","⏳","⏳","⏳","⏳","⏳"
"2026-02-17","Danske Bank","Antti Ilvonen","PDF","EUR/CHF","+1M","2026-03-17","0.9100","CHF güvenli liman talebi, EUR/CHF düşüş beklentisi","EUR/CHF","0.9100","+0.00%","0.9100","+0.00%","Sabit","Neutral","1","100.0","100","0.00%","92.3 (A)","-2.29%","+0.00%","+2.29%","+45.74"
"2026-02-17","Danske Bank","Antti Ilvonen","PDF","EUR/CHF","+3M","2026-05-17","0.9100","CHF güvenli liman talebi, EUR/CHF düşüş beklentisi","EUR/CHF","0.9100","+0.00%","⏳","⏳","Sabit","⏳","⏳","⏳","⏳","⏳","⏳","⏳","⏳","⏳","⏳"
"2026-02-17","Danske Bank","Antti Ilvonen","PDF","EUR/CHF","+6M","2026-08-17","0.9000","CHF güvenli liman talebi, EUR/CHF düşüş beklentisi","EUR/CHF","0.9100","-1.10%","⏳","⏳","Aşağı","⏳","⏳","⏳","⏳","⏳","⏳","⏳","⏳","⏳","⏳"
"2026-02-17","Danske Bank","Antti Ilvonen","PDF","EUR/CHF","+12M","2027-02-17","0.9000","CHF güvenli liman talebi, EUR/CHF düşüş beklentisi","EUR/CHF","0.9100","-1.10%","⏳","⏳","Aşağı","⏳","⏳","⏳","⏳","⏳","⏳","⏳","⏳","⏳","⏳"
"2026-03-20","Danske Bank","Antti Ilvonen","PDF","EUR/CHF","+1M","2026-04-20","0.9100","CHF güvenli liman talebi, EUR/CHF düşüş beklentisi","EUR/CHF","0.9100","+0.00%","0.9210","+1.21%","Sabit","Neutral","0","87.9","0","1.21%","36.7 (F)","-0.35%","+1.21%","+0.35%","+7.01"
"2026-03-20","Danske Bank","Antti Ilvonen","PDF","EUR/CHF","+3M","2026-06-20","0.9100","CHF güvenli liman talebi, EUR/CHF düşüş beklentisi","EUR/CHF","0.9100","+0.00%","⏳","⏳","Sabit","⏳","⏳","⏳","⏳","⏳","⏳","⏳","⏳","⏳","⏳"
"2026-03-20","Danske Bank","Antti Ilvonen","PDF","EUR/CHF","+6M","2026-09-20","0.9000","CHF güvenli liman talebi, EUR/CHF düşüş beklentisi","EUR/CHF","0.9100","-1.10%","⏳","⏳","Aşağı","⏳","⏳","⏳","⏳","⏳","⏳","⏳","⏳","⏳","⏳"
"2026-03-20","Danske Bank","Antti Ilvonen","PDF","EUR/CHF","+12M","2027-03-20","0.9000","CHF güvenli liman talebi, EUR/CHF düşüş beklentisi","EUR/CHF","0.9100","-1.10%","⏳","⏳","Aşağı","⏳","⏳","⏳","⏳","⏳","⏳","⏳","⏳","⏳","⏳"
"2025-06-23","Danske Bank","Kirstine Kundby-Nielsen","PDF","EUR/PLN","+1M","2025-07-23","4.3000","Polonya zlotisi güçlenecek, EUR/PLN düşüş beklentisi","EUR/PLN","4.2700","+0.70%","4.2425","-0.64%","Yukarı","Slightly Bullish","0","86.6","0","1.34%","36.5 (F)","+0.23%","-0.64%","+0.47%","+0.68"
"2025-06-23","Danske Bank","Kirstine Kundby-Nielsen","PDF","EUR/PLN","+3M","2025-09-23","4.2000","Polonya zlotisi güçlenecek, EUR/PLN düşüş beklentisi","EUR/PLN","4.2700","-1.64%","4.2553","-0.34%","Aşağı","Slightly Bearish","1","86.8","75","1.32%","80.3 (B)","+1.61%","-0.34%","-3.25%","-1.98"
"2025-06-23","Danske Bank","Kirstine Kundby-Nielsen","PDF","EUR/PLN","+6M","2025-12-23","4.1000","Polonya zlotisi güçlenecek, EUR/PLN düşüş beklentisi","EUR/PLN","4.2700","-3.98%","4.2320","-0.89%","Aşağı","Slightly Bearish","1","67.8","50","3.22%","71.5 (B)","-0.12%","-0.89%","-3.86%","-0.97"
"2025-06-23","Danske Bank","Kirstine Kundby-Nielsen","PDF","EUR/PLN","+12M","2026-06-23","4.1000","Polonya zlotisi güçlenecek, EUR/PLN düşüş beklentisi","EUR/PLN","4.2700","-3.98%","⏳","⏳","Aşağı","⏳","⏳","⏳","⏳","⏳","⏳","⏳","⏳","⏳","⏳"
"2025-06-23","Danske Bank","Allan von Mehren","PDF","USD/CNY","+1M","2025-07-23","7.1800","Yuan güçlenme trendi, USD/CNY düşüş beklentisi","USD/CNY","7.1900","-0.14%","7.1600","-0.42%","Aşağı","Slightly Bearish","1","97.2","100","0.28%","89.0 (A)","+0.07%","-0.42%","-0.21%","-1.51"
"2025-06-23","Danske Bank","Allan von Mehren","PDF","USD/CNY","+3M","2025-09-23","7.1600","Yuan güçlenme trendi, USD/CNY düşüş beklentisi","USD/CNY","7.1900","-0.42%","7.0900","-1.39%","Aşağı","Slightly Bullish","1","90.2","100","0.98%","87.5 (A)","-0.80%","-1.39%","+0.39%","+0.93"
"2025-06-23","Danske Bank","Allan von Mehren","PDF","USD/CNY","+6M","2025-12-23","7.1400","Yuan güçlenme trendi, USD/CNY düşüş beklentisi","USD/CNY","7.1900","-0.70%","7.0500","-1.95%","Aşağı","Slightly Bullish","1","87.4","75","1.26%","84.5 (B)","-1.50%","-1.95%","+0.80%","+1.15"
"2025-06-23","Danske Bank","Allan von Mehren","PDF","USD/CNY","+12M","2026-06-23","7.1200","Yuan güçlenme trendi, USD/CNY düşüş beklentisi","USD/CNY","7.1900","-0.97%","⏳","⏳","Aşağı","⏳","⏳","⏳","⏳","⏳","⏳","⏳","⏳","⏳","⏳"
"2025-07-22","Danske Bank","Allan von Mehren","PDF","USD/CNY","+1M","2025-08-22","7.1800","Yuan güçlenme trendi, USD/CNY düşüş beklentisi","USD/CNY","7.1600","+0.28%","7.1600","+0.00%","Yukarı","Slightly Bullish","0","97.2","0","0.28%","39.7 (F)","-0.24%","+0.00%","+0.52%","+1.85"
"2025-07-22","Danske Bank","Allan von Mehren","PDF","USD/CNY","+3M","2025-10-22","7.1600","Yuan güçlenme trendi, USD/CNY düşüş beklentisi","USD/CNY","7.1600","+0.00%","7.0500","-1.54%","Sabit","Neutral","0","84.6","0","1.54%","37.5 (F)","-2.10%","-1.54%","+2.10%","+41.96"
"2025-07-22","Danske Bank","Allan von Mehren","PDF","USD/CNY","+6M","2026-01-22","7.1400","Yuan güçlenme trendi, USD/CNY düşüş beklentisi","USD/CNY","7.1600","-0.28%","6.9700","-2.65%","Aşağı","Slightly Bullish","1","76.2","75","2.38%","81.6 (B)","-1.48%","-2.65%","+1.20%","+4.28"
"2025-07-22","Danske Bank","Allan von Mehren","PDF","USD/CNY","+12M","2026-07-22","7.1200","Yuan güçlenme trendi, USD/CNY düşüş beklentisi","USD/CNY","7.1600","-0.56%","⏳","⏳","Aşağı","⏳","⏳","⏳","⏳","⏳","⏳","⏳","⏳","⏳","⏳"
"2025-08-19","Danske Bank","Allan von Mehren","PDF","USD/CNY","+1M","2025-09-19","7.1800","Yuan güçlenme trendi, USD/CNY düşüş beklentisi","USD/CNY","7.1600","+0.28%","7.0900","-0.98%","Yukarı","Slightly Bullish","0","87.5","0","1.25%","36.8 (F)","-0.25%","-0.98%","+0.53%","+1.89"
"2025-08-19","Danske Bank","Allan von Mehren","PDF","USD/CNY","+3M","2025-11-19","7.1600","Yuan güçlenme trendi, USD/CNY düşüş beklentisi","USD/CNY","7.1600","+0.00%","7.1100","-0.70%","Sabit","Neutral","0","93.0","0","0.70%","38.6 (F)","-0.73%","-0.70%","+0.73%","+14.50"
"2025-08-19","Danske Bank","Allan von Mehren","PDF","USD/CNY","+6M","2026-02-19","7.1400","Yuan güçlenme trendi, USD/CNY düşüş beklentisi","USD/CNY","7.1600","-0.28%","6.8900","-3.77%","Aşağı","Slightly Bullish","1","65.0","50","3.50%","75.9 (B)","-1.72%","-3.77%","+1.44%","+5.17"
"2025-08-19","Danske Bank","Allan von Mehren","PDF","USD/CNY","+12M","2026-08-19","7.1200","Yuan güçlenme trendi, USD/CNY düşüş beklentisi","USD/CNY","7.1600","-0.56%","⏳","⏳","Aşağı","⏳","⏳","⏳","⏳","⏳","⏳","⏳","⏳","⏳","⏳"
"2025-09-19","Danske Bank","Allan von Mehren","PDF","USD/CNY","+1M","2025-10-19","7.1200","Yuan güçlenme trendi, USD/CNY düşüş beklentisi","USD/CNY","7.0900","+0.42%","7.0500","-0.56%","Yukarı","Slightly Bullish","0","90.2","0","0.98%","38.7 (F)","-1.24%","-0.56%","+1.66%","+3.93"
"2025-09-19","Danske Bank","Allan von Mehren","PDF","USD/CNY","+3M","2025-12-19","7.0800","Yuan güçlenme trendi, USD/CNY düşüş beklentisi","USD/CNY","7.0900","-0.14%","7.0500","-0.56%","Aşağı","Slightly Bullish","1","95.8","100","0.42%","89.9 (A)","-1.35%","-0.56%","+1.21%","+8.60"
"2025-09-19","Danske Bank","Allan von Mehren","PDF","USD/CNY","+6M","2026-03-19","7.0500","Yuan güçlenme trendi, USD/CNY düşüş beklentisi","USD/CNY","7.0900","-0.56%","6.8700","-3.10%","Aşağı","Slightly Bullish","1","74.5","75","2.55%","81.2 (B)","-1.94%","-3.10%","+1.37%","+2.43"
"2025-09-19","Danske Bank","Allan von Mehren","PDF","USD/CNY","+12M","2026-09-19","7.0000","Yuan güçlenme trendi, USD/CNY düşüş beklentisi","USD/CNY","7.0900","-1.27%","⏳","⏳","Aşağı","⏳","⏳","⏳","⏳","⏳","⏳","⏳","⏳","⏳","⏳"
"2025-10-21","Danske Bank","Allan von Mehren","PDF","USD/CNY","+1M","2025-11-21","7.1200","Yuan güçlenme trendi, USD/CNY düşüş beklentisi","USD/CNY","7.0500","+0.99%","7.1100","+0.85%","Yukarı","Slightly Bullish","1","98.6","100","0.14%","91.5 (A)","-0.92%","+0.85%","+1.92%","+1.93"
"2025-10-21","Danske Bank","Allan von Mehren","PDF","USD/CNY","+3M","2026-01-21","7.0800","Yuan güçlenme trendi, USD/CNY düşüş beklentisi","USD/CNY","7.0500","+0.43%","6.9700","-1.13%","Yukarı","Slightly Bullish","0","84.5","0","1.55%","37.5 (F)","-1.76%","-1.13%","+2.19%","+5.14"
"2025-10-21","Danske Bank","Allan von Mehren","PDF","USD/CNY","+6M","2026-04-21","7.0500","Yuan güçlenme trendi, USD/CNY düşüş beklentisi","USD/CNY","7.0500","+0.00%","⏳","⏳","Sabit","⏳","⏳","⏳","⏳","⏳","⏳","⏳","⏳","⏳","⏳"
"2025-10-21","Danske Bank","Allan von Mehren","PDF","USD/CNY","+12M","2026-10-21","7.0000","Yuan güçlenme trendi, USD/CNY düşüş beklentisi","USD/CNY","7.0500","-0.71%","⏳","⏳","Aşağı","⏳","⏳","⏳","⏳","⏳","⏳","⏳","⏳","⏳","⏳"
"2025-11-18","Danske Bank","Allan von Mehren","PDF","USD/CNY","+1M","2025-12-18","7.1000","Yuan güçlenme trendi, USD/CNY düşüş beklentisi","USD/CNY","7.1100","-0.14%","7.0500","-0.84%","Aşağı","Neutral","1","93.0","100","0.70%","87.9 (A)","-0.17%","-0.84%","+0.03%","+0.23"
"2025-11-18","Danske Bank","Allan von Mehren","PDF","USD/CNY","+3M","2026-02-18","7.0800","Yuan güçlenme trendi, USD/CNY düşüş beklentisi","USD/CNY","7.1100","-0.42%","6.8900","-3.09%","Aşağı","Slightly Bullish","1","73.2","75","2.68%","80.0 (B)","-0.96%","-3.09%","+0.54%","+1.27"
"2025-11-18","Danske Bank","Allan von Mehren","PDF","USD/CNY","+6M","2026-05-18","7.0500","Yuan güçlenme trendi, USD/CNY düşüş beklentisi","USD/CNY","7.1100","-0.84%","⏳","⏳","Aşağı","⏳","⏳","⏳","⏳","⏳","⏳","⏳","⏳","⏳","⏳"
"2025-11-18","Danske Bank","Allan von Mehren","PDF","USD/CNY","+12M","2026-11-18","7.0000","Yuan güçlenme trendi, USD/CNY düşüş beklentisi","USD/CNY","7.1100","-1.55%","⏳","⏳","Aşağı","⏳","⏳","⏳","⏳","⏳","⏳","⏳","⏳","⏳","⏳"
"2025-12-19","Danske Bank","Allan von Mehren","PDF","USD/CNY","+1M","2026-01-19","6.9700","Yuan güçlenme trendi, USD/CNY düşüş beklentisi","USD/CNY","7.0500","-1.13%","6.9700","-1.13%","Aşağı","Neutral","1","100.0","100","0.00%","89.7 (A)","-0.85%","-1.13%","-0.29%","-0.25"
"2025-12-19","Danske Bank","Allan von Mehren","PDF","USD/CNY","+3M","2026-03-19","6.9500","Yuan güçlenme trendi, USD/CNY düşüş beklentisi","USD/CNY","7.0500","-1.42%","6.8700","-2.55%","Aşağı","Neutral","1","88.5","75","1.15%","83.6 (B)","-0.92%","-2.55%","-0.49%","-0.35"
"2025-12-19","Danske Bank","Allan von Mehren","PDF","USD/CNY","+6M","2026-06-19","6.9000","Yuan güçlenme trendi, USD/CNY düşüş beklentisi","USD/CNY","7.0500","-2.13%","⏳","⏳","Aşağı","⏳","⏳","⏳","⏳","⏳","⏳","⏳","⏳","⏳","⏳"
"2025-12-19","Danske Bank","Allan von Mehren","PDF","USD/CNY","+12M","2026-12-19","6.8000","Yuan güçlenme trendi, USD/CNY düşüş beklentisi","USD/CNY","7.0500","-3.55%","⏳","⏳","Aşağı","⏳","⏳","⏳","⏳","⏳","⏳","⏳","⏳","⏳","⏳"
"2026-01-19","Danske Bank","Allan von Mehren","PDF","USD/CNY","+1M","2026-02-19","6.9700","Yuan güçlenme trendi, USD/CNY düşüş beklentisi","USD/CNY","6.9700","+0.00%","6.8900","-1.15%","Sabit","Neutral","0","88.5","0","1.15%","37.6 (F)","-1.01%","-1.15%","+1.01%","+20.19"
"2026-01-19","Danske Bank","Allan von Mehren","PDF","USD/CNY","+3M","2026-04-19","6.9500","Yuan güçlenme trendi, USD/CNY düşüş beklentisi","USD/CNY","6.9700","-0.29%","⏳","⏳","Aşağı","⏳","⏳","⏳","⏳","⏳","⏳","⏳","⏳","⏳","⏳"
"2026-01-19","Danske Bank","Allan von Mehren","PDF","USD/CNY","+6M","2026-07-19","6.9000","Yuan güçlenme trendi, USD/CNY düşüş beklentisi","USD/CNY","6.9700","-1.00%","⏳","⏳","Aşağı","⏳","⏳","⏳","⏳","⏳","⏳","⏳","⏳","⏳","⏳"
"2026-01-19","Danske Bank","Allan von Mehren","PDF","USD/CNY","+12M","2027-01-19","6.8000","Yuan güçlenme trendi, USD/CNY düşüş beklentisi","USD/CNY","6.9700","-2.44%","⏳","⏳","Aşağı","⏳","⏳","⏳","⏳","⏳","⏳","⏳","⏳","⏳","⏳"
"2026-02-17","Danske Bank","Allan von Mehren","PDF","USD/CNY","+1M","2026-03-17","6.8800","Yuan güçlenme trendi, USD/CNY düşüş beklentisi","USD/CNY","6.8900","-0.15%","6.8700","-0.29%","Aşağı","Slightly Bullish","1","98.5","100","0.15%","90.6 (A)","-1.14%","-0.29%","+1.00%","+6.88"
"2026-02-17","Danske Bank","Allan von Mehren","PDF","USD/CNY","+3M","2026-05-17","6.8500","Yuan güçlenme trendi, USD/CNY düşüş beklentisi","USD/CNY","6.8900","-0.58%","⏳","⏳","Aşağı","⏳","⏳","⏳","⏳","⏳","⏳","⏳","⏳","⏳","⏳"
"2026-02-17","Danske Bank","Allan von Mehren","PDF","USD/CNY","+6M","2026-08-17","6.8000","Yuan güçlenme trendi, USD/CNY düşüş beklentisi","USD/CNY","6.8900","-1.31%","⏳","⏳","Aşağı","⏳","⏳","⏳","⏳","⏳","⏳","⏳","⏳","⏳","⏳"
"2026-02-17","Danske Bank","Allan von Mehren","PDF","USD/CNY","+12M","2027-02-17","6.7000","Yuan güçlenme trendi, USD/CNY düşüş beklentisi","USD/CNY","6.8900","-2.76%","⏳","⏳","Aşağı","⏳","⏳","⏳","⏳","⏳","⏳","⏳","⏳","⏳","⏳"
"2026-03-20","Danske Bank","Allan von Mehren","PDF","USD/CNY","+1M","2026-04-20","6.8800","Yuan güçlenme trendi, USD/CNY düşüş beklentisi","USD/CNY","6.8700","+0.15%","6.8158","-0.79%","Yukarı","Slightly Bullish","0","90.7","0","0.93%","37.9 (F)","-0.56%","-0.79%","+0.70%","+4.84"
"2026-03-20","Danske Bank","Allan von Mehren","PDF","USD/CNY","+3M","2026-06-20","6.8500","Yuan güçlenme trendi, USD/CNY düşüş beklentisi","USD/CNY","6.8700","-0.29%","⏳","⏳","Aşağı","⏳","⏳","⏳","⏳","⏳","⏳","⏳","⏳","⏳","⏳"
"2026-03-20","Danske Bank","Allan von Mehren","PDF","USD/CNY","+6M","2026-09-20","6.8000","Yuan güçlenme trendi, USD/CNY düşüş beklentisi","USD/CNY","6.8700","-1.02%","⏳","⏳","Aşağı","⏳","⏳","⏳","⏳","⏳","⏳","⏳","⏳","⏳","⏳"
"2026-03-20","Danske Bank","Allan von Mehren","PDF","USD/CNY","+12M","2027-03-20","6.7000","Yuan güçlenme trendi, USD/CNY düşüş beklentisi","USD/CNY","6.8700","-2.47%","⏳","⏳","Aşağı","⏳","⏳","⏳","⏳","⏳","⏳","⏳","⏳","⏳","⏳"
"2023-08-20","ICBC Yatırım","Ekip","PDF","AEFES","+12M","2024-08-20","130.0000","AEFES hissesinde yükseliş beklentisi, hedef fiyata yukarı potansiyel","BIST100","102.6000","+26.71%","24.8100","-75.82%","Yukarı","Strong Sell","0","0.0","0","80.92%","0.0 (F)","+158.15%","+28.03%","-131.45%","-4.92"
"2026-01-23","ICBC Yatırım","Ekip","PDF","AKBNK","+12M","2027-01-23","108.0000","AKBNK hissesinde yükseliş beklentisi, hedef fiyata yukarı potansiyel","BIST100","77.8000","+38.82%","⏳","⏳","Yukarı","⏳","⏳","⏳","⏳","⏳","⏳","⏳","⏳","⏳","⏳"
"2026-03-12","ICBC Yatırım","Ekip","PDF","AKBNK","+12M","2027-03-12","108.0000","AKBNK hissesinde yükseliş beklentisi, hedef fiyata yukarı potansiyel","BIST100","77.6000","+39.18%","⏳","⏳","Yukarı","⏳","⏳","⏳","⏳","⏳","⏳","⏳","⏳","⏳","⏳"
"2026-01-23","ICBC Yatırım","Ekip","PDF","BIMAS","+12M","2027-01-23","840.0000","BIMAS hissesinde yükseliş beklentisi, hedef fiyata yukarı potansiyel","BIST100","626.0000","+34.19%","⏳","⏳","Yukarı","⏳","⏳","⏳","⏳","⏳","⏳","⏳","⏳","⏳","⏳"
"2026-03-12","ICBC Yatırım","Ekip","PDF","BIMAS","+12M","2027-03-12","950.0000","BIMAS hissesinde yükseliş beklentisi, hedef fiyata yukarı potansiyel","BIST100","694.5000","+36.79%","⏳","⏳","Yukarı","⏳","⏳","⏳","⏳","⏳","⏳","⏳","⏳","⏳","⏳"
"2026-04-03","Deniz Yatırım","Ekip","PDF","BIMAS","+12M","2027-04-03","873.0000","Model portföy hissesi, hedef fiyata yukarı potansiyel","BIST100","703.0000","+24.18%","⏳","⏳","Yukarı","⏳","⏳","⏳","⏳","⏳","⏳","⏳","⏳","⏳","⏳"
"2023-08-20","ICBC Yatırım","Ekip","PDF","CCOLA","+12M","2024-08-20","420.0000","CCOLA hissesinde yükseliş beklentisi, hedef fiyata yukarı potansiyel","BIST100","375.2000","+11.94%","62.4000","-83.37%","Yukarı","Strong Sell","0","0.0","0","85.14%","0.0 (F)","+158.15%","+28.03%","-146.21%","-12.25"
"2026-04-03","Deniz Yatırım","Ekip","PDF","CCOLA","+12M","2027-04-03","97.6000","Model portföy hissesi, hedef fiyata yukarı potansiyel","BIST100","68.2500","+43.00%","⏳","⏳","Yukarı","⏳","⏳","⏳","⏳","⏳","⏳","⏳","⏳","⏳","⏳"
"2023-08-20","ICBC Yatırım","Ekip","PDF","FROTO","+12M","2024-08-20","1200.0000","FROTO hissesinde yükseliş beklentisi, hedef fiyata yukarı potansiyel","BIST100","860.2000","+39.50%","92.7500","-89.22%","Yukarı","Strong Sell","0","0.0","0","92.27%","0.0 (F)","+158.15%","+28.03%","-118.65%","-3.00"
"2023-08-20","ICBC Yatırım","Ekip","PDF","ISCTR","+12M","2024-08-20","24.0000","ISCTR hissesinde yükseliş beklentisi, hedef fiyata yukarı potansiyel","BIST100","18.6800","+28.48%","13.5600","-27.41%","Yukarı","Strong Sell","0","0.0","0","43.50%","0.0 (F)","+158.15%","+28.03%","-129.67%","-4.55"
"2023-08-20","ICBC Yatırım","Ekip","PDF","MGROS","+12M","2024-08-20","400.0000","MGROS hissesinde yükseliş beklentisi, hedef fiyata yukarı potansiyel","BIST100","339.3000","+17.89%","515.0000","+51.78%","Yukarı","Strong Sell","1","0.0","25","28.75%","42.5 (D)","+158.15%","+28.03%","-140.26%","-7.84"
"2026-01-23","ICBC Yatırım","Ekip","PDF","MGROS","+12M","2027-01-23","830.0000","MGROS hissesinde yükseliş beklentisi, hedef fiyata yukarı potansiyel","BIST100","625.0000","+32.80%","⏳","⏳","Yukarı","⏳","⏳","⏳","⏳","⏳","⏳","⏳","⏳","⏳","⏳"
"2026-03-12","ICBC Yatırım","Ekip","PDF","MGROS","+12M","2027-03-12","850.0000","MGROS hissesinde yükseliş beklentisi, hedef fiyata yukarı potansiyel","BIST100","603.0000","+40.96%","⏳","⏳","Yukarı","⏳","⏳","⏳","⏳","⏳","⏳","⏳","⏳","⏳","⏳"
"2023-08-20","ICBC Yatırım","Ekip","PDF","PGSUS","+12M","2024-08-20","1150.0000","PGSUS hissesinde yükseliş beklentisi, hedef fiyata yukarı potansiyel","BIST100","851.6000","+35.04%","220.2000","-74.14%","Yukarı","Strong Sell","0","0.0","0","80.85%","0.0 (F)","+158.15%","+28.03%","-123.11%","-3.51"
"2026-01-23","ICBC Yatırım","Ekip","PDF","PGSUS","+12M","2027-01-23","285.0000","PGSUS hissesinde yükseliş beklentisi, hedef fiyata yukarı potansiyel","BIST100","202.8000","+40.53%","⏳","⏳","Yukarı","⏳","⏳","⏳","⏳","⏳","⏳","⏳","⏳","⏳","⏳"
"2023-08-20","ICBC Yatırım","Ekip","PDF","TAVHL","+12M","2024-08-20","170.0000","TAVHL hissesinde yükseliş beklentisi, hedef fiyata yukarı potansiyel","BIST100","121.0000","+40.50%","241.8000","+99.83%","Yukarı","Strong Sell","1","0.0","25","42.24%","42.5 (D)","+158.15%","+28.03%","-117.66%","-2.91"
"2026-04-03","Deniz Yatırım","Ekip","PDF","TAVHL","+12M","2027-04-03","454.4000","Model portföy hissesi, hedef fiyata yukarı potansiyel","BIST100","322.0000","+41.12%","⏳","⏳","Yukarı","⏳","⏳","⏳","⏳","⏳","⏳","⏳","⏳","⏳","⏳"
"2023-08-20","ICBC Yatırım","Ekip","PDF","THYAO","+12M","2024-08-20","300.0000","THYAO hissesinde yükseliş beklentisi, hedef fiyata yukarı potansiyel","BIST100","238.0000","+26.05%","299.7500","+25.95%","Yukarı","Strong Sell","1","99.2","100","0.08%","79.8 (B)","+158.15%","+28.03%","-132.10%","-5.07"
"2026-01-23","ICBC Yatırım","Ekip","PDF","THYAO","+12M","2027-01-23","400.0000","THYAO hissesinde yükseliş beklentisi, hedef fiyata yukarı potansiyel","BIST100","299.0000","+33.78%","⏳","⏳","Yukarı","⏳","⏳","⏳","⏳","⏳","⏳","⏳","⏳","⏳","⏳"
"2026-03-12","ICBC Yatırım","Ekip","PDF","THYAO","+12M","2027-03-12","400.0000","THYAO hissesinde yükseliş beklentisi, hedef fiyata yukarı potansiyel","BIST100","294.8000","+35.69%","⏳","⏳","Yukarı","⏳","⏳","⏳","⏳","⏳","⏳","⏳","⏳","⏳","⏳"
"2023-08-20","ICBC Yatırım","Ekip","PDF","TOASO","+12M","2024-08-20","330.0000","TOASO hissesinde yükseliş beklentisi, hedef fiyata yukarı potansiyel","BIST100","266.8000","+23.69%","250.5000","-6.11%","Yukarı","Strong Sell","0","0.0","0","24.09%","0.0 (F)","+158.15%","+28.03%","-134.46%","-5.68"
"2026-01-23","ICBC Yatırım","Ekip","PDF","GARAN","+12M","2027-01-23","207.0000","GARAN hissesinde yükseliş beklentisi, hedef fiyata yukarı potansiyel","BIST100","148.5000","+39.39%","⏳","⏳","Yukarı","⏳","⏳","⏳","⏳","⏳","⏳","⏳","⏳","⏳","⏳"
"2026-03-12","ICBC Yatırım","Ekip","PDF","GARAN","+12M","2027-03-12","207.0000","GARAN hissesinde yükseliş beklentisi, hedef fiyata yukarı potansiyel","BIST100","139.3000","+48.60%","⏳","⏳","Yukarı","⏳","⏳","⏳","⏳","⏳","⏳","⏳","⏳","⏳","⏳"
"2026-04-03","Deniz Yatırım","Ekip","PDF","GARAN","+12M","2027-04-03","211.0000","Model portföy hissesi, hedef fiyata yukarı potansiyel","BIST100","131.0000","+61.07%","⏳","⏳","Yukarı","⏳","⏳","⏳","⏳","⏳","⏳","⏳","⏳","⏳","⏳"
"2026-01-23","ICBC Yatırım","Ekip","PDF","KCHOL","+12M","2027-01-23","280.0000","KCHOL hissesinde yükseliş beklentisi, hedef fiyata yukarı potansiyel","BIST100","195.3000","+43.37%","⏳","⏳","Yukarı","⏳","⏳","⏳","⏳","⏳","⏳","⏳","⏳","⏳","⏳"
"2026-03-12","ICBC Yatırım","Ekip","PDF","KCHOL","+12M","2027-03-12","285.0000","KCHOL hissesinde yükseliş beklentisi, hedef fiyata yukarı potansiyel","BIST100","192.3000","+48.21%","⏳","⏳","Yukarı","⏳","⏳","⏳","⏳","⏳","⏳","⏳","⏳","⏳","⏳"
"2026-04-03","Deniz Yatırım","Ekip","PDF","KCHOL","+12M","2027-04-03","289.1700","Model portföy hissesi, hedef fiyata yukarı potansiyel","BIST100","192.7800","+50.00%","⏳","⏳","Yukarı","⏳","⏳","⏳","⏳","⏳","⏳","⏳","⏳","⏳","⏳"
"2026-01-23","ICBC Yatırım","Ekip","PDF","SAHOL","+12M","2027-01-23","150.0000","SAHOL hissesinde yükseliş beklentisi, hedef fiyata yukarı potansiyel","BIST100","95.5000","+57.07%","⏳","⏳","Yukarı","⏳","⏳","⏳","⏳","⏳","⏳","⏳","⏳","⏳","⏳"
"2026-03-12","ICBC Yatırım","Ekip","PDF","SAHOL","+12M","2027-03-12","150.0000","SAHOL hissesinde yükseliş beklentisi, hedef fiyata yukarı potansiyel","BIST100","96.0000","+56.25%","⏳","⏳","Yukarı","⏳","⏳","⏳","⏳","⏳","⏳","⏳","⏳","⏳","⏳"
"2026-03-12","ICBC Yatırım","Ekip","PDF","TSKB","+12M","2027-03-12","19.0000","TSKB hissesinde yükseliş beklentisi, hedef fiyata yukarı potansiyel","BIST100","12.2000","+55.74%","⏳","⏳","Yukarı","⏳","⏳","⏳","⏳","⏳","⏳","⏳","⏳","⏳","⏳"
"2026-03-12","ICBC Yatırım","Ekip","PDF","DOHOL","+12M","2027-03-12","28.0000","DOHOL hissesinde yükseliş beklentisi, hedef fiyata yukarı potansiyel","BIST100","21.5000","+30.23%","⏳","⏳","Yukarı","⏳","⏳","⏳","⏳","⏳","⏳","⏳","⏳","⏳","⏳"
"2026-04-03","Deniz Yatırım","Ekip","PDF","YKBNK","+12M","2027-04-03","54.3000","Model portföy hissesi, hedef fiyata yukarı potansiyel","BIST100","34.5900","+56.98%","⏳","⏳","Yukarı","⏳","⏳","⏳","⏳","⏳","⏳","⏳","⏳","⏳","⏳"
"2026-03-15","Devrim Akyıl","Devrim Akyıl","Video","BIST100","+3M","2026-06-15","12900.0000","Sözel tahmin, teknik analiz bazlı seviye tahmini","BIST100","13550.0000","-4.80%","13052.0000","-3.68%","Aşağı","Strong Bearish","1","88.2","75","1.18%","74.0 (B)","+18.28%","-3.68%","-23.07%","-4.81"
"2026-03-24","Devrim Akyıl","Devrim Akyıl","Video","BIST100","+3M","2026-06-24","13380.0000","Sözel tahmin, teknik analiz bazlı seviye tahmini","BIST100","12930.0000","+3.48%","13500.0000","+4.41%","Yukarı","Strong Bearish","1","91.0","100","0.90%","77.3 (B)","+14.02%","+4.41%","-10.54%","-3.03"
"2026-03-31","Devrim Akyıl","Devrim Akyıl","Video","BIST100","+3M","2026-06-30","13167.0000","Sözel tahmin, teknik analiz bazlı seviye tahmini","BIST100","12791.0000","+2.94%","⏳","⏳","Yukarı","⏳","⏳","⏳","⏳","⏳","⏳","⏳","⏳","⏳","⏳"
"2026-04-05","Devrim Akyıl","Devrim Akyıl","Video","BIST100","+3M","2026-07-05","13167.0000","Sözel tahmin, teknik analiz bazlı seviye tahmini","BIST100","13052.0000","+0.88%","⏳","⏳","Yukarı","⏳","⏳","⏳","⏳","⏳","⏳","⏳","⏳","⏳","⏳"
"2026-04-12","Devrim Akyıl","Devrim Akyıl","Video","BIST100","+3M","2026-07-12","14000.0000","Sözel tahmin, teknik analiz bazlı seviye tahmini","BIST100","13500.0000","+3.70%","⏳","⏳","Yukarı","⏳","⏳","⏳","⏳","⏳","⏳","⏳","⏳","⏳","⏳"
"2026-03-15","Devrim Akyıl","Devrim Akyıl","Video","XAU/USD","+3M","2026-06-15","5225.0000","Sözel tahmin, teknik analiz bazlı seviye tahmini","XAU/USD","5019.0000","+4.10%","⏳","⏳","Yukarı","⏳","⏳","⏳","⏳","⏳","⏳","⏳","⏳","⏳","⏳"
"2026-03-24","Devrim Akyıl","Devrim Akyıl","Video","XAU/USD","+3M","2026-06-24","4735.0000","Sözel tahmin, teknik analiz bazlı seviye tahmini","XAU/USD","4500.0000","+5.22%","⏳","⏳","Yukarı","⏳","⏳","⏳","⏳","⏳","⏳","⏳","⏳","⏳","⏳"
"2026-03-31","Devrim Akyıl","Devrim Akyıl","Video","XAU/USD","+3M","2026-06-30","4735.0000","Sözel tahmin, teknik analiz bazlı seviye tahmini","XAU/USD","—","+0.00%","⏳","⏳","Sabit","⏳","⏳","⏳","⏳","⏳","⏳","⏳","⏳","⏳","⏳"
"2026-03-15","Devrim Akyıl","Devrim Akyıl","Video","GRAM-ALTIN","+3M","2026-06-15","7800.0000","Sözel tahmin, teknik analiz bazlı seviye tahmini","GRAM-ALTIN","6935.0000","+12.47%","⏳","⏳","Yukarı","⏳","⏳","⏳","⏳","⏳","⏳","⏳","⏳","⏳","⏳"
"2026-03-15","Devrim Akyıl","Devrim Akyıl","Video","GRAM-ALTIN","+3M","2026-06-15","8400.0000","Sözel tahmin, teknik analiz bazlı seviye tahmini","GRAM-ALTIN","—","+0.00%","⏳","⏳","Sabit","⏳","⏳","⏳","⏳","⏳","⏳","⏳","⏳","⏳","⏳"
"2026-03-15","Devrim Akyıl","Devrim Akyıl","Video","GRAM-ALTIN","+6M","2026-09-15","9300.0000","Sözel tahmin, teknik analiz bazlı seviye tahmini","GRAM-ALTIN","—","+0.00%","⏳","⏳","Sabit","⏳","⏳","⏳","⏳","⏳","⏳","⏳","⏳","⏳","⏳"
"2026-03-15","Devrim Akyıl","Devrim Akyıl","Video","GRAM-ALTIN","+12M","2027-03-15","10000.0000","Sözel tahmin, teknik analiz bazlı seviye tahmini","GRAM-ALTIN","—","+0.00%","⏳","⏳","Sabit","⏳","⏳","⏳","⏳","⏳","⏳","⏳","⏳","⏳","⏳"
"2026-03-15","Devrim Akyıl","Devrim Akyıl","Video","XAG/USD","+12M","2027-03-15","309.0000","Sözel tahmin, teknik analiz bazlı seviye tahmini","XAG/USD","—","+0.00%","⏳","⏳","Sabit","⏳","⏳","⏳","⏳","⏳","⏳","⏳","⏳","⏳","⏳"
"2026-04-05","Devrim Akyıl","Devrim Akyıl","Video","ULKER","+3M","2026-07-05","141.0000","Sözel tahmin, teknik analiz bazlı seviye tahmini","BIST100","117.2000","+20.31%","⏳","⏳","Yukarı","⏳","⏳","⏳","⏳","⏳","⏳","⏳","⏳","⏳","⏳"
"2026-04-05","Devrim Akyıl","Devrim Akyıl","Video","ULKER","+12M","2027-04-05","187.0000","Sözel tahmin, teknik analiz bazlı seviye tahmini","BIST100","117.2000","+59.56%","⏳","⏳","Yukarı","⏳","⏳","⏳","⏳","⏳","⏳","⏳","⏳","⏳","⏳"