Tahmin Tarihi,Kurum,Analist,Format,Belge Adı,Varlık,Vade,Hedef Tarihi,Spot Fiyat,Hedef Fiyat,Analiz Tezi,Gerçekleşen Fiyat,Sapma (pip),Yön İsabeti
2025-06-23,Danske Bank,Mohamad Al-Saraf,PDF,FX Forecast Update Jun 2025 - NOK Remains Vulnerable,EUR/USD,+1M,2025-07-23,1.1500,1.1600,"ABD dolarında yapısal zayıflık, EUR/USD yükseliş beklentisi",1.1700,100,✅
2025-06-23,Danske Bank,Mohamad Al-Saraf,PDF,FX Forecast Update Jun 2025 - NOK Remains Vulnerable,EUR/USD,+3M,2025-09-23,1.1500,1.1800,"ABD dolarında yapısal zayıflık, EUR/USD yükseliş beklentisi",1.1800,0,✅
2025-06-23,Danske Bank,Mohamad Al-Saraf,PDF,FX Forecast Update Jun 2025 - NOK Remains Vulnerable,EUR/USD,+6M,2025-12-23,1.1500,1.2000,"ABD dolarında yapısal zayıflık, EUR/USD yükseliş beklentisi",1.1700,-300,✅
2025-06-23,Danske Bank,Mohamad Al-Saraf,PDF,FX Forecast Update Jun 2025 - NOK Remains Vulnerable,EUR/USD,+12M,2026-06-23,1.1500,1.2200,"ABD dolarında yapısal zayıflık, EUR/USD yükseliş beklentisi",—,—,⏳
2025-07-22,Danske Bank,Mohamad Al-Saraf,PDF,FX Forecast Update Jul 2025 - USD Rebound Is Temporary,EUR/USD,+1M,2025-08-22,1.1700,1.1700,"ABD dolarında yapısal zayıflık, EUR/USD yükseliş beklentisi",1.1700,0,✅
2025-07-22,Danske Bank,Mohamad Al-Saraf,PDF,FX Forecast Update Jul 2025 - USD Rebound Is Temporary,EUR/USD,+3M,2025-10-22,1.1700,1.1900,"ABD dolarında yapısal zayıflık, EUR/USD yükseliş beklentisi",1.1650,-250,❌
2025-07-22,Danske Bank,Mohamad Al-Saraf,PDF,FX Forecast Update Jul 2025 - USD Rebound Is Temporary,EUR/USD,+6M,2026-01-22,1.1700,1.2100,"ABD dolarında yapısal zayıflık, EUR/USD yükseliş beklentisi",1.1600,-500,❌
2025-07-22,Danske Bank,Mohamad Al-Saraf,PDF,FX Forecast Update Jul 2025 - USD Rebound Is Temporary,EUR/USD,+12M,2026-07-22,1.1700,1.2300,"ABD dolarında yapısal zayıflık, EUR/USD yükseliş beklentisi",—,—,⏳
2025-08-19,Danske Bank,Mohamad Al-Saraf,PDF,FX Forecast Update Aug 2025 - Still Negative on SEK and NOK,EUR/USD,+1M,2025-09-19,1.1700,1.1700,"ABD dolarında yapısal zayıflık, EUR/USD yükseliş beklentisi",1.1800,100,❌
2025-08-19,Danske Bank,Mohamad Al-Saraf,PDF,FX Forecast Update Aug 2025 - Still Negative on SEK and NOK,EUR/USD,+3M,2025-11-19,1.1700,1.1900,"ABD dolarında yapısal zayıflık, EUR/USD yükseliş beklentisi",1.1600,-300,❌
2025-08-19,Danske Bank,Mohamad Al-Saraf,PDF,FX Forecast Update Aug 2025 - Still Negative on SEK and NOK,EUR/USD,+6M,2026-02-19,1.1700,1.2100,"ABD dolarında yapısal zayıflık, EUR/USD yükseliş beklentisi",1.1900,-200,✅
2025-08-19,Danske Bank,Mohamad Al-Saraf,PDF,FX Forecast Update Aug 2025 - Still Negative on SEK and NOK,EUR/USD,+12M,2026-08-19,1.1700,1.2300,"ABD dolarında yapısal zayıflık, EUR/USD yükseliş beklentisi",—,—,⏳
2025-09-19,Danske Bank,Mohamad Al-Saraf,PDF,FX Forecast Update Sep 2025 - Rebound in Real Rates to Support USD,EUR/USD,+1M,2025-10-19,1.1800,1.1700,"ABD dolarında yapısal zayıflık, EUR/USD yükseliş beklentisi",1.1650,-50,✅
2025-09-19,Danske Bank,Mohamad Al-Saraf,PDF,FX Forecast Update Sep 2025 - Rebound in Real Rates to Support USD,EUR/USD,+3M,2025-12-19,1.1800,1.1900,"ABD dolarında yapısal zayıflık, EUR/USD yükseliş beklentisi",1.1700,-200,❌
2025-09-19,Danske Bank,Mohamad Al-Saraf,PDF,FX Forecast Update Sep 2025 - Rebound in Real Rates to Support USD,EUR/USD,+6M,2026-03-19,1.1800,1.2100,"ABD dolarında yapısal zayıflık, EUR/USD yükseliş beklentisi",1.1600,-500,❌
2025-09-19,Danske Bank,Mohamad Al-Saraf,PDF,FX Forecast Update Sep 2025 - Rebound in Real Rates to Support USD,EUR/USD,+12M,2026-09-19,1.1800,1.2300,"ABD dolarında yapısal zayıflık, EUR/USD yükseliş beklentisi",—,—,⏳
2025-10-21,Danske Bank,Mohamad Al-Saraf,PDF,FX Forecast Update Oct 2025 - Upward Pressure on EUR/DKK,EUR/USD,+1M,2025-11-21,1.1650,1.1500,"ABD dolarında yapısal zayıflık, EUR/USD yükseliş beklentisi",1.1600,100,✅
2025-10-21,Danske Bank,Mohamad Al-Saraf,PDF,FX Forecast Update Oct 2025 - Upward Pressure on EUR/DKK,EUR/USD,+3M,2026-01-21,1.1650,1.1800,"ABD dolarında yapısal zayıflık, EUR/USD yükseliş beklentisi",1.1600,-200,❌
2025-10-21,Danske Bank,Mohamad Al-Saraf,PDF,FX Forecast Update Oct 2025 - Upward Pressure on EUR/DKK,EUR/USD,+6M,2026-04-21,1.1650,1.2000,"ABD dolarında yapısal zayıflık, EUR/USD yükseliş beklentisi",—,—,⏳
2025-10-21,Danske Bank,Mohamad Al-Saraf,PDF,FX Forecast Update Oct 2025 - Upward Pressure on EUR/DKK,EUR/USD,+12M,2026-10-21,1.1650,1.2200,"ABD dolarında yapısal zayıflık, EUR/USD yükseliş beklentisi",—,—,⏳
2025-11-18,Danske Bank,Mohamad Al-Saraf,PDF,FX Forecast Update Nov 2025 - USD to Weather AI Valuation Woes,EUR/USD,+1M,2025-12-18,1.1600,1.1500,"ABD dolarında yapısal zayıflık, EUR/USD yükseliş beklentisi",1.1700,200,❌
2025-11-18,Danske Bank,Mohamad Al-Saraf,PDF,FX Forecast Update Nov 2025 - USD to Weather AI Valuation Woes,EUR/USD,+3M,2026-02-18,1.1600,1.1800,"ABD dolarında yapısal zayıflık, EUR/USD yükseliş beklentisi",1.1900,100,✅
2025-11-18,Danske Bank,Mohamad Al-Saraf,PDF,FX Forecast Update Nov 2025 - USD to Weather AI Valuation Woes,EUR/USD,+6M,2026-05-18,1.1600,1.2000,"ABD dolarında yapısal zayıflık, EUR/USD yükseliş beklentisi",—,—,⏳
2025-11-18,Danske Bank,Mohamad Al-Saraf,PDF,FX Forecast Update Nov 2025 - USD to Weather AI Valuation Woes,EUR/USD,+12M,2026-11-18,1.1600,1.2200,"ABD dolarında yapısal zayıflık, EUR/USD yükseliş beklentisi",—,—,⏳
2025-12-19,Danske Bank,Mohamad Al-Saraf,PDF,FX Forecast Update Dec 2025 - Weaker USD GBP and NOK in 2026,EUR/USD,+1M,2026-01-19,1.1700,1.1700,"ABD dolarında yapısal zayıflık, EUR/USD yükseliş beklentisi",1.1600,-100,❌
2025-12-19,Danske Bank,Mohamad Al-Saraf,PDF,FX Forecast Update Dec 2025 - Weaker USD GBP and NOK in 2026,EUR/USD,+3M,2026-03-19,1.1700,1.1900,"ABD dolarında yapısal zayıflık, EUR/USD yükseliş beklentisi",1.1600,-300,❌
2025-12-19,Danske Bank,Mohamad Al-Saraf,PDF,FX Forecast Update Dec 2025 - Weaker USD GBP and NOK in 2026,EUR/USD,+6M,2026-06-19,1.1700,1.2100,"ABD dolarında yapısal zayıflık, EUR/USD yükseliş beklentisi",—,—,⏳
2025-12-19,Danske Bank,Mohamad Al-Saraf,PDF,FX Forecast Update Dec 2025 - Weaker USD GBP and NOK in 2026,EUR/USD,+12M,2026-12-19,1.1700,1.2300,"ABD dolarında yapısal zayıflık, EUR/USD yükseliş beklentisi",—,—,⏳
2026-01-19,Danske Bank,Mohamad Al-Saraf,PDF,FX Forecast Update Jan 2026 - Geopolitics Takes Centre Stage,EUR/USD,+1M,2026-02-19,1.1600,1.1700,"ABD dolarında yapısal zayıflık, EUR/USD yükseliş beklentisi",1.1900,200,✅
2026-01-19,Danske Bank,Mohamad Al-Saraf,PDF,FX Forecast Update Jan 2026 - Geopolitics Takes Centre Stage,EUR/USD,+3M,2026-04-19,1.1600,1.1900,"ABD dolarında yapısal zayıflık, EUR/USD yükseliş beklentisi",—,—,⏳
2026-01-19,Danske Bank,Mohamad Al-Saraf,PDF,FX Forecast Update Jan 2026 - Geopolitics Takes Centre Stage,EUR/USD,+6M,2026-07-19,1.1600,1.2100,"ABD dolarında yapısal zayıflık, EUR/USD yükseliş beklentisi",—,—,⏳
2026-01-19,Danske Bank,Mohamad Al-Saraf,PDF,FX Forecast Update Jan 2026 - Geopolitics Takes Centre Stage,EUR/USD,+12M,2027-01-19,1.1600,1.2300,"ABD dolarında yapısal zayıflık, EUR/USD yükseliş beklentisi",—,—,⏳
2026-02-17,Danske Bank,Mohamad Al-Saraf,PDF,FX Forecast Update Feb 2026 - Lingering Scepticism Sustains Bearish Dollar Outlook,EUR/USD,+1M,2026-03-17,1.1900,1.1900,"ABD dolarında yapısal zayıflık, EUR/USD yükseliş beklentisi",1.1600,-300,❌
2026-02-17,Danske Bank,Mohamad Al-Saraf,PDF,FX Forecast Update Feb 2026 - Lingering Scepticism Sustains Bearish Dollar Outlook,EUR/USD,+3M,2026-05-17,1.1900,1.2100,"ABD dolarında yapısal zayıflık, EUR/USD yükseliş beklentisi",—,—,⏳
2026-02-17,Danske Bank,Mohamad Al-Saraf,PDF,FX Forecast Update Feb 2026 - Lingering Scepticism Sustains Bearish Dollar Outlook,EUR/USD,+6M,2026-08-17,1.1900,1.2300,"ABD dolarında yapısal zayıflık, EUR/USD yükseliş beklentisi",—,—,⏳
2026-02-17,Danske Bank,Mohamad Al-Saraf,PDF,FX Forecast Update Feb 2026 - Lingering Scepticism Sustains Bearish Dollar Outlook,EUR/USD,+12M,2027-02-17,1.1900,1.2500,"ABD dolarında yapısal zayıflık, EUR/USD yükseliş beklentisi",—,—,⏳
2026-03-20,Danske Bank,Mohamad Al-Saraf,PDF,FX Forecast Update Mar 2026 - Energy Shock Steers Global Repricing,EUR/USD,+1M,2026-04-20,1.1600,1.1300,"ABD dolarında yapısal zayıflık, EUR/USD yükseliş beklentisi",1.1793,493,❌
2026-03-20,Danske Bank,Mohamad Al-Saraf,PDF,FX Forecast Update Mar 2026 - Energy Shock Steers Global Repricing,EUR/USD,+3M,2026-06-20,1.1600,1.1200,"ABD dolarında yapısal zayıflık, EUR/USD yükseliş beklentisi",—,—,⏳
2026-03-20,Danske Bank,Mohamad Al-Saraf,PDF,FX Forecast Update Mar 2026 - Energy Shock Steers Global Repricing,EUR/USD,+6M,2026-09-20,1.1600,1.1700,"ABD dolarında yapısal zayıflık, EUR/USD yükseliş beklentisi",—,—,⏳
2026-03-20,Danske Bank,Mohamad Al-Saraf,PDF,FX Forecast Update Mar 2026 - Energy Shock Steers Global Repricing,EUR/USD,+12M,2027-03-20,1.1600,1.2200,"ABD dolarında yapısal zayıflık, EUR/USD yükseliş beklentisi",—,—,⏳
2025-06-23,Danske Bank,Stefan Mellin,PDF,FX Forecast Update Jun 2025 - NOK Remains Vulnerable,EUR/SEK,+1M,2025-07-23,11.1400,11.1000,"İsveç büyüme zayıflığı, EUR/SEK yükseliş beklentisi",11.2100,1100,❌
2025-06-23,Danske Bank,Stefan Mellin,PDF,FX Forecast Update Jun 2025 - NOK Remains Vulnerable,EUR/SEK,+3M,2025-09-23,11.1400,11.1000,"İsveç büyüme zayıflığı, EUR/SEK yükseliş beklentisi",11.0300,-700,✅
2025-06-23,Danske Bank,Stefan Mellin,PDF,FX Forecast Update Jun 2025 - NOK Remains Vulnerable,EUR/SEK,+6M,2025-12-23,11.1400,11.2000,"İsveç büyüme zayıflığı, EUR/SEK yükseliş beklentisi",10.9000,-3000,❌
2025-06-23,Danske Bank,Stefan Mellin,PDF,FX Forecast Update Jun 2025 - NOK Remains Vulnerable,EUR/SEK,+12M,2026-06-23,11.1400,11.3000,"İsveç büyüme zayıflığı, EUR/SEK yükseliş beklentisi",—,—,⏳
2025-07-22,Danske Bank,Stefan Mellin,PDF,FX Forecast Update Jul 2025 - USD Rebound Is Temporary,EUR/SEK,+1M,2025-08-22,11.2100,11.1000,"İsveç büyüme zayıflığı, EUR/SEK yükseliş beklentisi",11.1300,300,✅
2025-07-22,Danske Bank,Stefan Mellin,PDF,FX Forecast Update Jul 2025 - USD Rebound Is Temporary,EUR/SEK,+3M,2025-10-22,11.2100,11.2000,"İsveç büyüme zayıflığı, EUR/SEK yükseliş beklentisi",10.9700,-2300,❌
2025-07-22,Danske Bank,Stefan Mellin,PDF,FX Forecast Update Jul 2025 - USD Rebound Is Temporary,EUR/SEK,+6M,2026-01-22,11.2100,11.3000,"İsveç büyüme zayıflığı, EUR/SEK yükseliş beklentisi",10.7300,-5700,❌
2025-07-22,Danske Bank,Stefan Mellin,PDF,FX Forecast Update Jul 2025 - USD Rebound Is Temporary,EUR/SEK,+12M,2026-07-22,11.2100,11.4000,"İsveç büyüme zayıflığı, EUR/SEK yükseliş beklentisi",—,—,⏳
2025-08-19,Danske Bank,Stefan Mellin,PDF,FX Forecast Update Aug 2025 - Still Negative on SEK and NOK,EUR/SEK,+1M,2025-09-19,11.1300,11.1000,"İsveç büyüme zayıflığı, EUR/SEK yükseliş beklentisi",11.0300,-700,✅
2025-08-19,Danske Bank,Stefan Mellin,PDF,FX Forecast Update Aug 2025 - Still Negative on SEK and NOK,EUR/SEK,+3M,2025-11-19,11.1300,11.2000,"İsveç büyüme zayıflığı, EUR/SEK yükseliş beklentisi",11.0000,-2000,❌
2025-08-19,Danske Bank,Stefan Mellin,PDF,FX Forecast Update Aug 2025 - Still Negative on SEK and NOK,EUR/SEK,+6M,2026-02-19,11.1300,11.3000,"İsveç büyüme zayıflığı, EUR/SEK yükseliş beklentisi",10.6000,-7000,❌
2025-08-19,Danske Bank,Stefan Mellin,PDF,FX Forecast Update Aug 2025 - Still Negative on SEK and NOK,EUR/SEK,+12M,2026-08-19,11.1300,11.4000,"İsveç büyüme zayıflığı, EUR/SEK yükseliş beklentisi",—,—,⏳
2025-09-19,Danske Bank,Stefan Mellin,PDF,FX Forecast Update Sep 2025 - Rebound in Real Rates to Support USD,EUR/SEK,+1M,2025-10-19,11.0300,11.0000,"İsveç büyüme zayıflığı, EUR/SEK yükseliş beklentisi",10.9700,-300,✅
2025-09-19,Danske Bank,Stefan Mellin,PDF,FX Forecast Update Sep 2025 - Rebound in Real Rates to Support USD,EUR/SEK,+3M,2025-12-19,11.0300,11.2000,"İsveç büyüme zayıflığı, EUR/SEK yükseliş beklentisi",10.9000,-3000,❌
2025-09-19,Danske Bank,Stefan Mellin,PDF,FX Forecast Update Sep 2025 - Rebound in Real Rates to Support USD,EUR/SEK,+6M,2026-03-19,11.0300,11.3000,"İsveç büyüme zayıflığı, EUR/SEK yükseliş beklentisi",10.7500,-5500,❌
2025-09-19,Danske Bank,Stefan Mellin,PDF,FX Forecast Update Sep 2025 - Rebound in Real Rates to Support USD,EUR/SEK,+12M,2026-09-19,11.0300,11.4000,"İsveç büyüme zayıflığı, EUR/SEK yükseliş beklentisi",—,—,⏳
2025-10-21,Danske Bank,Stefan Mellin,PDF,FX Forecast Update Oct 2025 - Upward Pressure on EUR/DKK,EUR/SEK,+1M,2025-11-21,10.9700,11.0000,"İsveç büyüme zayıflığı, EUR/SEK yükseliş beklentisi",11.0000,0,✅
2025-10-21,Danske Bank,Stefan Mellin,PDF,FX Forecast Update Oct 2025 - Upward Pressure on EUR/DKK,EUR/SEK,+3M,2026-01-21,10.9700,11.2000,"İsveç büyüme zayıflığı, EUR/SEK yükseliş beklentisi",10.7300,-4700,❌
2025-10-21,Danske Bank,Stefan Mellin,PDF,FX Forecast Update Oct 2025 - Upward Pressure on EUR/DKK,EUR/SEK,+6M,2026-04-21,10.9700,11.3000,"İsveç büyüme zayıflığı, EUR/SEK yükseliş beklentisi",—,—,⏳
2025-10-21,Danske Bank,Stefan Mellin,PDF,FX Forecast Update Oct 2025 - Upward Pressure on EUR/DKK,EUR/SEK,+12M,2026-10-21,10.9700,11.4000,"İsveç büyüme zayıflığı, EUR/SEK yükseliş beklentisi",—,—,⏳
2025-11-18,Danske Bank,Stefan Mellin,PDF,FX Forecast Update Nov 2025 - USD to Weather AI Valuation Woes,EUR/SEK,+1M,2025-12-18,11.0000,11.0000,"İsveç büyüme zayıflığı, EUR/SEK yükseliş beklentisi",10.9000,-1000,❌
2025-11-18,Danske Bank,Stefan Mellin,PDF,FX Forecast Update Nov 2025 - USD to Weather AI Valuation Woes,EUR/SEK,+3M,2026-02-18,11.0000,11.2000,"İsveç büyüme zayıflığı, EUR/SEK yükseliş beklentisi",10.6000,-6000,❌
2025-11-18,Danske Bank,Stefan Mellin,PDF,FX Forecast Update Nov 2025 - USD to Weather AI Valuation Woes,EUR/SEK,+6M,2026-05-18,11.0000,11.3000,"İsveç büyüme zayıflığı, EUR/SEK yükseliş beklentisi",—,—,⏳
2025-11-18,Danske Bank,Stefan Mellin,PDF,FX Forecast Update Nov 2025 - USD to Weather AI Valuation Woes,EUR/SEK,+12M,2026-11-18,11.0000,11.4000,"İsveç büyüme zayıflığı, EUR/SEK yükseliş beklentisi",—,—,⏳
2025-12-19,Danske Bank,Stefan Mellin,PDF,FX Forecast Update Dec 2025 - Weaker USD GBP and NOK in 2026,EUR/SEK,+1M,2026-01-19,10.9000,10.9000,"İsveç büyüme zayıflığı, EUR/SEK yükseliş beklentisi",10.7300,-1700,❌
2025-12-19,Danske Bank,Stefan Mellin,PDF,FX Forecast Update Dec 2025 - Weaker USD GBP and NOK in 2026,EUR/SEK,+3M,2026-03-19,10.9000,11.0000,"İsveç büyüme zayıflığı, EUR/SEK yükseliş beklentisi",10.7500,-2500,❌
2025-12-19,Danske Bank,Stefan Mellin,PDF,FX Forecast Update Dec 2025 - Weaker USD GBP and NOK in 2026,EUR/SEK,+6M,2026-06-19,10.9000,11.1000,"İsveç büyüme zayıflığı, EUR/SEK yükseliş beklentisi",—,—,⏳
2025-12-19,Danske Bank,Stefan Mellin,PDF,FX Forecast Update Dec 2025 - Weaker USD GBP and NOK in 2026,EUR/SEK,+12M,2026-12-19,10.9000,11.1000,"İsveç büyüme zayıflığı, EUR/SEK yükseliş beklentisi",—,—,⏳
2026-01-19,Danske Bank,Stefan Mellin,PDF,FX Forecast Update Jan 2026 - Geopolitics Takes Centre Stage,EUR/SEK,+1M,2026-02-19,10.7300,10.8000,"İsveç büyüme zayıflığı, EUR/SEK yükseliş beklentisi",10.6000,-2000,❌
2026-01-19,Danske Bank,Stefan Mellin,PDF,FX Forecast Update Jan 2026 - Geopolitics Takes Centre Stage,EUR/SEK,+3M,2026-04-19,10.7300,10.9000,"İsveç büyüme zayıflığı, EUR/SEK yükseliş beklentisi",—,—,⏳
2026-01-19,Danske Bank,Stefan Mellin,PDF,FX Forecast Update Jan 2026 - Geopolitics Takes Centre Stage,EUR/SEK,+6M,2026-07-19,10.7300,11.0000,"İsveç büyüme zayıflığı, EUR/SEK yükseliş beklentisi",—,—,⏳
2026-01-19,Danske Bank,Stefan Mellin,PDF,FX Forecast Update Jan 2026 - Geopolitics Takes Centre Stage,EUR/SEK,+12M,2027-01-19,10.7300,11.0000,"İsveç büyüme zayıflığı, EUR/SEK yükseliş beklentisi",—,—,⏳
2026-02-17,Danske Bank,Stefan Mellin,PDF,FX Forecast Update Feb 2026 - Lingering Scepticism Sustains Bearish Dollar Outlook,EUR/SEK,+1M,2026-03-17,10.6000,10.7000,"İsveç büyüme zayıflığı, EUR/SEK yükseliş beklentisi",10.7500,500,✅
2026-02-17,Danske Bank,Stefan Mellin,PDF,FX Forecast Update Feb 2026 - Lingering Scepticism Sustains Bearish Dollar Outlook,EUR/SEK,+3M,2026-05-17,10.6000,10.8000,"İsveç büyüme zayıflığı, EUR/SEK yükseliş beklentisi",—,—,⏳
2026-02-17,Danske Bank,Stefan Mellin,PDF,FX Forecast Update Feb 2026 - Lingering Scepticism Sustains Bearish Dollar Outlook,EUR/SEK,+6M,2026-08-17,10.6000,11.0000,"İsveç büyüme zayıflığı, EUR/SEK yükseliş beklentisi",—,—,⏳
2026-02-17,Danske Bank,Stefan Mellin,PDF,FX Forecast Update Feb 2026 - Lingering Scepticism Sustains Bearish Dollar Outlook,EUR/SEK,+12M,2027-02-17,10.6000,11.0000,"İsveç büyüme zayıflığı, EUR/SEK yükseliş beklentisi",—,—,⏳
2026-03-20,Danske Bank,Stefan Mellin,PDF,FX Forecast Update Mar 2026 - Energy Shock Steers Global Repricing,EUR/SEK,+1M,2026-04-20,10.7500,10.8000,"İsveç büyüme zayıflığı, EUR/SEK yükseliş beklentisi",10.7980,-20,✅
2026-03-20,Danske Bank,Stefan Mellin,PDF,FX Forecast Update Mar 2026 - Energy Shock Steers Global Repricing,EUR/SEK,+3M,2026-06-20,10.7500,10.8000,"İsveç büyüme zayıflığı, EUR/SEK yükseliş beklentisi",—,—,⏳
2026-03-20,Danske Bank,Stefan Mellin,PDF,FX Forecast Update Mar 2026 - Energy Shock Steers Global Repricing,EUR/SEK,+6M,2026-09-20,10.7500,11.0000,"İsveç büyüme zayıflığı, EUR/SEK yükseliş beklentisi",—,—,⏳
2026-03-20,Danske Bank,Stefan Mellin,PDF,FX Forecast Update Mar 2026 - Energy Shock Steers Global Repricing,EUR/SEK,+12M,2027-03-20,10.7500,11.0000,"İsveç büyüme zayıflığı, EUR/SEK yükseliş beklentisi",—,—,⏳
2025-06-23,Danske Bank,Kristoffer Kjær Lomholt,PDF,FX Forecast Update Jun 2025 - NOK Remains Vulnerable,EUR/NOK,+1M,2025-07-23,11.6400,11.7000,"NOK yapısal zayıf, petrol desteği geçici, EUR/NOK yükseliş beklentisi",11.8800,1800,✅
2025-06-23,Danske Bank,Kristoffer Kjær Lomholt,PDF,FX Forecast Update Jun 2025 - NOK Remains Vulnerable,EUR/NOK,+3M,2025-09-23,11.6400,11.8000,"NOK yapısal zayıf, petrol desteği geçici, EUR/NOK yükseliş beklentisi",11.6600,-1400,✅
2025-06-23,Danske Bank,Kristoffer Kjær Lomholt,PDF,FX Forecast Update Jun 2025 - NOK Remains Vulnerable,EUR/NOK,+6M,2025-12-23,11.6400,12.0000,"NOK yapısal zayıf, petrol desteği geçici, EUR/NOK yükseliş beklentisi",11.9300,-700,✅
2025-06-23,Danske Bank,Kristoffer Kjær Lomholt,PDF,FX Forecast Update Jun 2025 - NOK Remains Vulnerable,EUR/NOK,+12M,2026-06-23,11.6400,12.2000,"NOK yapısal zayıf, petrol desteği geçici, EUR/NOK yükseliş beklentisi",—,—,⏳
2025-07-22,Danske Bank,Kristoffer Kjær Lomholt,PDF,FX Forecast Update Jul 2025 - USD Rebound Is Temporary,EUR/NOK,+1M,2025-08-22,11.8800,11.9000,"NOK yapısal zayıf, petrol desteği geçici, EUR/NOK yükseliş beklentisi",11.9000,0,✅
2025-07-22,Danske Bank,Kristoffer Kjær Lomholt,PDF,FX Forecast Update Jul 2025 - USD Rebound Is Temporary,EUR/NOK,+3M,2025-10-22,11.8800,12.0000,"NOK yapısal zayıf, petrol desteği geçici, EUR/NOK yükseliş beklentisi",11.6700,-3300,❌
2025-07-22,Danske Bank,Kristoffer Kjær Lomholt,PDF,FX Forecast Update Jul 2025 - USD Rebound Is Temporary,EUR/NOK,+6M,2026-01-22,11.8800,12.2000,"NOK yapısal zayıf, petrol desteği geçici, EUR/NOK yükseliş beklentisi",11.7300,-4700,❌
2025-07-22,Danske Bank,Kristoffer Kjær Lomholt,PDF,FX Forecast Update Jul 2025 - USD Rebound Is Temporary,EUR/NOK,+12M,2026-07-22,11.8800,12.4000,"NOK yapısal zayıf, petrol desteği geçici, EUR/NOK yükseliş beklentisi",—,—,⏳
2025-08-19,Danske Bank,Kristoffer Kjær Lomholt,PDF,FX Forecast Update Aug 2025 - Still Negative on SEK and NOK,EUR/NOK,+1M,2025-09-19,11.9000,12.0000,"NOK yapısal zayıf, petrol desteği geçici, EUR/NOK yükseliş beklentisi",11.6600,-3400,❌
2025-08-19,Danske Bank,Kristoffer Kjær Lomholt,PDF,FX Forecast Update Aug 2025 - Still Negative on SEK and NOK,EUR/NOK,+3M,2025-11-19,11.9000,12.1000,"NOK yapısal zayıf, petrol desteği geçici, EUR/NOK yükseliş beklentisi",11.7500,-3500,❌
2025-08-19,Danske Bank,Kristoffer Kjær Lomholt,PDF,FX Forecast Update Aug 2025 - Still Negative on SEK and NOK,EUR/NOK,+6M,2026-02-19,11.9000,12.3000,"NOK yapısal zayıf, petrol desteği geçici, EUR/NOK yükseliş beklentisi",11.2600,-10400,❌
2025-08-19,Danske Bank,Kristoffer Kjær Lomholt,PDF,FX Forecast Update Aug 2025 - Still Negative on SEK and NOK,EUR/NOK,+12M,2026-08-19,11.9000,12.5000,"NOK yapısal zayıf, petrol desteği geçici, EUR/NOK yükseliş beklentisi",—,—,⏳
2025-09-19,Danske Bank,Kristoffer Kjær Lomholt,PDF,FX Forecast Update Sep 2025 - Rebound in Real Rates to Support USD,EUR/NOK,+1M,2025-10-19,11.6600,11.6000,"NOK yapısal zayıf, petrol desteği geçici, EUR/NOK yükseliş beklentisi",11.6700,700,❌
2025-09-19,Danske Bank,Kristoffer Kjær Lomholt,PDF,FX Forecast Update Sep 2025 - Rebound in Real Rates to Support USD,EUR/NOK,+3M,2025-12-19,11.6600,11.7000,"NOK yapısal zayıf, petrol desteği geçici, EUR/NOK yükseliş beklentisi",11.9300,2300,✅
2025-09-19,Danske Bank,Kristoffer Kjær Lomholt,PDF,FX Forecast Update Sep 2025 - Rebound in Real Rates to Support USD,EUR/NOK,+6M,2026-03-19,11.6600,11.9000,"NOK yapısal zayıf, petrol desteği geçici, EUR/NOK yükseliş beklentisi",10.9900,-9100,❌
2025-09-19,Danske Bank,Kristoffer Kjær Lomholt,PDF,FX Forecast Update Sep 2025 - Rebound in Real Rates to Support USD,EUR/NOK,+12M,2026-09-19,11.6600,12.1000,"NOK yapısal zayıf, petrol desteği geçici, EUR/NOK yükseliş beklentisi",—,—,⏳
2025-10-21,Danske Bank,Kristoffer Kjær Lomholt,PDF,FX Forecast Update Oct 2025 - Upward Pressure on EUR/DKK,EUR/NOK,+1M,2025-11-21,11.6700,11.7000,"NOK yapısal zayıf, petrol desteği geçici, EUR/NOK yükseliş beklentisi",11.7500,500,✅
2025-10-21,Danske Bank,Kristoffer Kjær Lomholt,PDF,FX Forecast Update Oct 2025 - Upward Pressure on EUR/DKK,EUR/NOK,+3M,2026-01-21,11.6700,11.8000,"NOK yapısal zayıf, petrol desteği geçici, EUR/NOK yükseliş beklentisi",11.7300,-700,✅
2025-10-21,Danske Bank,Kristoffer Kjær Lomholt,PDF,FX Forecast Update Oct 2025 - Upward Pressure on EUR/DKK,EUR/NOK,+6M,2026-04-21,11.6700,12.0000,"NOK yapısal zayıf, petrol desteği geçici, EUR/NOK yükseliş beklentisi",—,—,⏳
2025-10-21,Danske Bank,Kristoffer Kjær Lomholt,PDF,FX Forecast Update Oct 2025 - Upward Pressure on EUR/DKK,EUR/NOK,+12M,2026-10-21,11.6700,12.2000,"NOK yapısal zayıf, petrol desteği geçici, EUR/NOK yükseliş beklentisi",—,—,⏳
2025-11-18,Danske Bank,Kristoffer Kjær Lomholt,PDF,FX Forecast Update Nov 2025 - USD to Weather AI Valuation Woes,EUR/NOK,+1M,2025-12-18,11.7500,11.8000,"NOK yapısal zayıf, petrol desteği geçici, EUR/NOK yükseliş beklentisi",11.9300,1300,✅
2025-11-18,Danske Bank,Kristoffer Kjær Lomholt,PDF,FX Forecast Update Nov 2025 - USD to Weather AI Valuation Woes,EUR/NOK,+3M,2026-02-18,11.7500,11.9000,"NOK yapısal zayıf, petrol desteği geçici, EUR/NOK yükseliş beklentisi",11.2600,-6400,❌
2025-11-18,Danske Bank,Kristoffer Kjær Lomholt,PDF,FX Forecast Update Nov 2025 - USD to Weather AI Valuation Woes,EUR/NOK,+6M,2026-05-18,11.7500,12.1000,"NOK yapısal zayıf, petrol desteği geçici, EUR/NOK yükseliş beklentisi",—,—,⏳
2025-11-18,Danske Bank,Kristoffer Kjær Lomholt,PDF,FX Forecast Update Nov 2025 - USD to Weather AI Valuation Woes,EUR/NOK,+12M,2026-11-18,11.7500,12.3000,"NOK yapısal zayıf, petrol desteği geçici, EUR/NOK yükseliş beklentisi",—,—,⏳
2025-12-19,Danske Bank,Kristoffer Kjær Lomholt,PDF,FX Forecast Update Dec 2025 - Weaker USD GBP and NOK in 2026,EUR/NOK,+1M,2026-01-19,11.9300,11.9000,"NOK yapısal zayıf, petrol desteği geçici, EUR/NOK yükseliş beklentisi",11.7300,-1700,✅
2025-12-19,Danske Bank,Kristoffer Kjær Lomholt,PDF,FX Forecast Update Dec 2025 - Weaker USD GBP and NOK in 2026,EUR/NOK,+3M,2026-03-19,11.9300,12.0000,"NOK yapısal zayıf, petrol desteği geçici, EUR/NOK yükseliş beklentisi",10.9900,-10100,❌
2025-12-19,Danske Bank,Kristoffer Kjær Lomholt,PDF,FX Forecast Update Dec 2025 - Weaker USD GBP and NOK in 2026,EUR/NOK,+6M,2026-06-19,11.9300,12.2000,"NOK yapısal zayıf, petrol desteği geçici, EUR/NOK yükseliş beklentisi",—,—,⏳
2025-12-19,Danske Bank,Kristoffer Kjær Lomholt,PDF,FX Forecast Update Dec 2025 - Weaker USD GBP and NOK in 2026,EUR/NOK,+12M,2026-12-19,11.9300,12.4000,"NOK yapısal zayıf, petrol desteği geçici, EUR/NOK yükseliş beklentisi",—,—,⏳
2026-01-19,Danske Bank,Kristoffer Kjær Lomholt,PDF,FX Forecast Update Jan 2026 - Geopolitics Takes Centre Stage,EUR/NOK,+1M,2026-02-19,11.7300,11.8000,"NOK yapısal zayıf, petrol desteği geçici, EUR/NOK yükseliş beklentisi",11.2600,-5400,❌
2026-01-19,Danske Bank,Kristoffer Kjær Lomholt,PDF,FX Forecast Update Jan 2026 - Geopolitics Takes Centre Stage,EUR/NOK,+3M,2026-04-19,11.7300,11.9000,"NOK yapısal zayıf, petrol desteği geçici, EUR/NOK yükseliş beklentisi",—,—,⏳
2026-01-19,Danske Bank,Kristoffer Kjær Lomholt,PDF,FX Forecast Update Jan 2026 - Geopolitics Takes Centre Stage,EUR/NOK,+6M,2026-07-19,11.7300,12.1000,"NOK yapısal zayıf, petrol desteği geçici, EUR/NOK yükseliş beklentisi",—,—,⏳
2026-01-19,Danske Bank,Kristoffer Kjær Lomholt,PDF,FX Forecast Update Jan 2026 - Geopolitics Takes Centre Stage,EUR/NOK,+12M,2027-01-19,11.7300,12.3000,"NOK yapısal zayıf, petrol desteği geçici, EUR/NOK yükseliş beklentisi",—,—,⏳
2026-02-17,Danske Bank,Kristoffer Kjær Lomholt,PDF,FX Forecast Update Feb 2026 - Lingering Scepticism Sustains Bearish Dollar Outlook,EUR/NOK,+1M,2026-03-17,11.2600,11.3000,"NOK yapısal zayıf, petrol desteği geçici, EUR/NOK yükseliş beklentisi",10.9900,-3100,❌
2026-02-17,Danske Bank,Kristoffer Kjær Lomholt,PDF,FX Forecast Update Feb 2026 - Lingering Scepticism Sustains Bearish Dollar Outlook,EUR/NOK,+3M,2026-05-17,11.2600,11.3000,"NOK yapısal zayıf, petrol desteği geçici, EUR/NOK yükseliş beklentisi",—,—,⏳
2026-02-17,Danske Bank,Kristoffer Kjær Lomholt,PDF,FX Forecast Update Feb 2026 - Lingering Scepticism Sustains Bearish Dollar Outlook,EUR/NOK,+6M,2026-08-17,11.2600,11.6000,"NOK yapısal zayıf, petrol desteği geçici, EUR/NOK yükseliş beklentisi",—,—,⏳
2026-02-17,Danske Bank,Kristoffer Kjær Lomholt,PDF,FX Forecast Update Feb 2026 - Lingering Scepticism Sustains Bearish Dollar Outlook,EUR/NOK,+12M,2027-02-17,11.2600,11.8000,"NOK yapısal zayıf, petrol desteği geçici, EUR/NOK yükseliş beklentisi",—,—,⏳
2026-03-20,Danske Bank,Kristoffer Kjær Lomholt,PDF,FX Forecast Update Mar 2026 - Energy Shock Steers Global Repricing,EUR/NOK,+1M,2026-04-20,10.9900,11.0000,"NOK yapısal zayıf, petrol desteği geçici, EUR/NOK yükseliş beklentisi",11.1010,1010,❌
2026-03-20,Danske Bank,Kristoffer Kjær Lomholt,PDF,FX Forecast Update Mar 2026 - Energy Shock Steers Global Repricing,EUR/NOK,+3M,2026-06-20,10.9900,11.0000,"NOK yapısal zayıf, petrol desteği geçici, EUR/NOK yükseliş beklentisi",—,—,⏳
2026-03-20,Danske Bank,Kristoffer Kjær Lomholt,PDF,FX Forecast Update Mar 2026 - Energy Shock Steers Global Repricing,EUR/NOK,+6M,2026-09-20,10.9900,11.3000,"NOK yapısal zayıf, petrol desteği geçici, EUR/NOK yükseliş beklentisi",—,—,⏳
2026-03-20,Danske Bank,Kristoffer Kjær Lomholt,PDF,FX Forecast Update Mar 2026 - Energy Shock Steers Global Repricing,EUR/NOK,+12M,2027-03-20,10.9900,11.5000,"NOK yapısal zayıf, petrol desteği geçici, EUR/NOK yükseliş beklentisi",—,—,⏳
2025-06-23,Danske Bank,Jens Nærvig Pedersen,PDF,FX Forecast Update Jun 2025 - NOK Remains Vulnerable,EUR/DKK,+1M,2025-07-23,7.4594,7.4600,"EUR/DKK peg baskısı, Danimarka MB müdahale eşiği yaklaşıyor",7.4650,50,✅
2025-06-23,Danske Bank,Jens Nærvig Pedersen,PDF,FX Forecast Update Jun 2025 - NOK Remains Vulnerable,EUR/DKK,+3M,2025-09-23,7.4594,7.4575,"EUR/DKK peg baskısı, Danimarka MB müdahale eşiği yaklaşıyor",7.4713,138,✅
2025-06-23,Danske Bank,Jens Nærvig Pedersen,PDF,FX Forecast Update Jun 2025 - NOK Remains Vulnerable,EUR/DKK,+6M,2025-12-23,7.4594,7.4550,"EUR/DKK peg baskısı, Danimarka MB müdahale eşiği yaklaşıyor",7.4702,152,✅
2025-06-23,Danske Bank,Jens Nærvig Pedersen,PDF,FX Forecast Update Jun 2025 - NOK Remains Vulnerable,EUR/DKK,+12M,2026-06-23,7.4594,7.4550,"EUR/DKK peg baskısı, Danimarka MB müdahale eşiği yaklaşıyor",—,—,⏳
2025-07-22,Danske Bank,Jens Nærvig Pedersen,PDF,FX Forecast Update Jul 2025 - USD Rebound Is Temporary,EUR/DKK,+1M,2025-08-22,7.4650,7.4600,"EUR/DKK peg baskısı, Danimarka MB müdahale eşiği yaklaşıyor",7.4685,85,✅
2025-07-22,Danske Bank,Jens Nærvig Pedersen,PDF,FX Forecast Update Jul 2025 - USD Rebound Is Temporary,EUR/DKK,+3M,2025-10-22,7.4650,7.4575,"EUR/DKK peg baskısı, Danimarka MB müdahale eşiği yaklaşıyor",7.4694,119,❌
2025-07-22,Danske Bank,Jens Nærvig Pedersen,PDF,FX Forecast Update Jul 2025 - USD Rebound Is Temporary,EUR/DKK,+6M,2026-01-22,7.4650,7.4550,"EUR/DKK peg baskısı, Danimarka MB müdahale eşiği yaklaşıyor",7.4688,138,❌
2025-07-22,Danske Bank,Jens Nærvig Pedersen,PDF,FX Forecast Update Jul 2025 - USD Rebound Is Temporary,EUR/DKK,+12M,2026-07-22,7.4650,7.4550,"EUR/DKK peg baskısı, Danimarka MB müdahale eşiği yaklaşıyor",—,—,⏳
2025-10-21,Danske Bank,Jens Nærvig Pedersen,PDF,FX Forecast Update Oct 2025 - Upward Pressure on EUR/DKK,EUR/DKK,+1M,2025-11-21,7.4685,7.4675,"EUR/DKK peg baskısı, Danimarka MB müdahale eşiği yaklaşıyor",7.4713,38,✅
2025-10-21,Danske Bank,Jens Nærvig Pedersen,PDF,FX Forecast Update Oct 2025 - Upward Pressure on EUR/DKK,EUR/DKK,+3M,2026-01-21,7.4685,7.4625,"EUR/DKK peg baskısı, Danimarka MB müdahale eşiği yaklaşıyor",7.4705,80,✅
2025-10-21,Danske Bank,Jens Nærvig Pedersen,PDF,FX Forecast Update Oct 2025 - Upward Pressure on EUR/DKK,EUR/DKK,+6M,2026-04-21,7.4685,7.4575,"EUR/DKK peg baskısı, Danimarka MB müdahale eşiği yaklaşıyor",—,—,⏳
2025-10-21,Danske Bank,Jens Nærvig Pedersen,PDF,FX Forecast Update Oct 2025 - Upward Pressure on EUR/DKK,EUR/DKK,+12M,2026-10-21,7.4685,7.4550,"EUR/DKK peg baskısı, Danimarka MB müdahale eşiği yaklaşıyor",—,—,⏳
2026-03-20,Danske Bank,Jens Nærvig Pedersen,PDF,FX Forecast Update Mar 2026 - Energy Shock Steers Global Repricing,EUR/DKK,+1M,2026-04-20,7.4713,7.4725,"EUR/DKK peg baskısı, Danimarka MB müdahale eşiği yaklaşıyor",7.4726,1,✅
2026-03-20,Danske Bank,Jens Nærvig Pedersen,PDF,FX Forecast Update Mar 2026 - Energy Shock Steers Global Repricing,EUR/DKK,+3M,2026-06-20,7.4713,7.4675,"EUR/DKK peg baskısı, Danimarka MB müdahale eşiği yaklaşıyor",—,—,⏳
2026-03-20,Danske Bank,Jens Nærvig Pedersen,PDF,FX Forecast Update Mar 2026 - Energy Shock Steers Global Repricing,EUR/DKK,+6M,2026-09-20,7.4713,7.4625,"EUR/DKK peg baskısı, Danimarka MB müdahale eşiği yaklaşıyor",—,—,⏳
2026-03-20,Danske Bank,Jens Nærvig Pedersen,PDF,FX Forecast Update Mar 2026 - Energy Shock Steers Global Repricing,EUR/DKK,+12M,2027-03-20,7.4713,7.4600,"EUR/DKK peg baskısı, Danimarka MB müdahale eşiği yaklaşıyor",—,—,⏳
2025-06-23,Danske Bank,Kirstine Kundby-Nielsen,PDF,FX Forecast Update Jun 2025 - NOK Remains Vulnerable,EUR/GBP,+1M,2025-07-23,0.8600,0.8500,"İngiltere ekonomik zayıflığı, EUR/GBP yükseliş beklentisi",0.8700,200,❌
2025-06-23,Danske Bank,Kirstine Kundby-Nielsen,PDF,FX Forecast Update Jun 2025 - NOK Remains Vulnerable,EUR/GBP,+3M,2025-09-23,0.8600,0.8600,"İngiltere ekonomik zayıflığı, EUR/GBP yükseliş beklentisi",0.8700,100,❌
2025-06-23,Danske Bank,Kirstine Kundby-Nielsen,PDF,FX Forecast Update Jun 2025 - NOK Remains Vulnerable,EUR/GBP,+6M,2025-12-23,0.8600,0.8700,"İngiltere ekonomik zayıflığı, EUR/GBP yükseliş beklentisi",0.8800,100,✅
2025-06-23,Danske Bank,Kirstine Kundby-Nielsen,PDF,FX Forecast Update Jun 2025 - NOK Remains Vulnerable,EUR/GBP,+12M,2026-06-23,0.8600,0.8700,"İngiltere ekonomik zayıflığı, EUR/GBP yükseliş beklentisi",—,—,⏳
2025-07-22,Danske Bank,Kirstine Kundby-Nielsen,PDF,FX Forecast Update Jul 2025 - USD Rebound Is Temporary,EUR/GBP,+1M,2025-08-22,0.8700,0.8700,"İngiltere ekonomik zayıflığı, EUR/GBP yükseliş beklentisi",0.8600,-100,❌
2025-07-22,Danske Bank,Kirstine Kundby-Nielsen,PDF,FX Forecast Update Jul 2025 - USD Rebound Is Temporary,EUR/GBP,+3M,2025-10-22,0.8700,0.8800,"İngiltere ekonomik zayıflığı, EUR/GBP yükseliş beklentisi",0.8700,-100,✅
2025-07-22,Danske Bank,Kirstine Kundby-Nielsen,PDF,FX Forecast Update Jul 2025 - USD Rebound Is Temporary,EUR/GBP,+6M,2026-01-22,0.8700,0.8900,"İngiltere ekonomik zayıflığı, EUR/GBP yükseliş beklentisi",0.8700,-200,✅
2025-07-22,Danske Bank,Kirstine Kundby-Nielsen,PDF,FX Forecast Update Jul 2025 - USD Rebound Is Temporary,EUR/GBP,+12M,2026-07-22,0.8700,0.8900,"İngiltere ekonomik zayıflığı, EUR/GBP yükseliş beklentisi",—,—,⏳
2025-08-19,Danske Bank,Kirstine Kundby-Nielsen,PDF,FX Forecast Update Aug 2025 - Still Negative on SEK and NOK,EUR/GBP,+1M,2025-09-19,0.8600,0.8700,"İngiltere ekonomik zayıflığı, EUR/GBP yükseliş beklentisi",0.8700,0,✅
2025-08-19,Danske Bank,Kirstine Kundby-Nielsen,PDF,FX Forecast Update Aug 2025 - Still Negative on SEK and NOK,EUR/GBP,+3M,2025-11-19,0.8600,0.8800,"İngiltere ekonomik zayıflığı, EUR/GBP yükseliş beklentisi",0.8800,0,✅
2025-08-19,Danske Bank,Kirstine Kundby-Nielsen,PDF,FX Forecast Update Aug 2025 - Still Negative on SEK and NOK,EUR/GBP,+6M,2026-02-19,0.8600,0.8900,"İngiltere ekonomik zayıflığı, EUR/GBP yükseliş beklentisi",0.8700,-200,✅
2025-08-19,Danske Bank,Kirstine Kundby-Nielsen,PDF,FX Forecast Update Aug 2025 - Still Negative on SEK and NOK,EUR/GBP,+12M,2026-08-19,0.8600,0.8900,"İngiltere ekonomik zayıflığı, EUR/GBP yükseliş beklentisi",—,—,⏳
2025-09-19,Danske Bank,Kirstine Kundby-Nielsen,PDF,FX Forecast Update Sep 2025 - Rebound in Real Rates to Support USD,EUR/GBP,+1M,2025-10-19,0.8700,0.8700,"İngiltere ekonomik zayıflığı, EUR/GBP yükseliş beklentisi",0.8700,0,✅
2025-09-19,Danske Bank,Kirstine Kundby-Nielsen,PDF,FX Forecast Update Sep 2025 - Rebound in Real Rates to Support USD,EUR/GBP,+3M,2025-12-19,0.8700,0.8800,"İngiltere ekonomik zayıflığı, EUR/GBP yükseliş beklentisi",0.8800,0,✅
2025-09-19,Danske Bank,Kirstine Kundby-Nielsen,PDF,FX Forecast Update Sep 2025 - Rebound in Real Rates to Support USD,EUR/GBP,+6M,2026-03-19,0.8700,0.8900,"İngiltere ekonomik zayıflığı, EUR/GBP yükseliş beklentisi",0.8600,-300,❌
2025-09-19,Danske Bank,Kirstine Kundby-Nielsen,PDF,FX Forecast Update Sep 2025 - Rebound in Real Rates to Support USD,EUR/GBP,+12M,2026-09-19,0.8700,0.8900,"İngiltere ekonomik zayıflığı, EUR/GBP yükseliş beklentisi",—,—,⏳
2025-10-21,Danske Bank,Kirstine Kundby-Nielsen,PDF,FX Forecast Update Oct 2025 - Upward Pressure on EUR/DKK,EUR/GBP,+1M,2025-11-21,0.8700,0.8700,"İngiltere ekonomik zayıflığı, EUR/GBP yükseliş beklentisi",0.8800,100,❌
2025-10-21,Danske Bank,Kirstine Kundby-Nielsen,PDF,FX Forecast Update Oct 2025 - Upward Pressure on EUR/DKK,EUR/GBP,+3M,2026-01-21,0.8700,0.8800,"İngiltere ekonomik zayıflığı, EUR/GBP yükseliş beklentisi",0.8700,-100,✅
2025-10-21,Danske Bank,Kirstine Kundby-Nielsen,PDF,FX Forecast Update Oct 2025 - Upward Pressure on EUR/DKK,EUR/GBP,+6M,2026-04-21,0.8700,0.8900,"İngiltere ekonomik zayıflığı, EUR/GBP yükseliş beklentisi",—,—,⏳
2025-10-21,Danske Bank,Kirstine Kundby-Nielsen,PDF,FX Forecast Update Oct 2025 - Upward Pressure on EUR/DKK,EUR/GBP,+12M,2026-10-21,0.8700,0.8900,"İngiltere ekonomik zayıflığı, EUR/GBP yükseliş beklentisi",—,—,⏳
2025-11-18,Danske Bank,Kirstine Kundby-Nielsen,PDF,FX Forecast Update Nov 2025 - USD to Weather AI Valuation Woes,EUR/GBP,+1M,2025-12-18,0.8800,0.8800,"İngiltere ekonomik zayıflığı, EUR/GBP yükseliş beklentisi",0.8800,0,✅
2025-11-18,Danske Bank,Kirstine Kundby-Nielsen,PDF,FX Forecast Update Nov 2025 - USD to Weather AI Valuation Woes,EUR/GBP,+3M,2026-02-18,0.8800,0.8900,"İngiltere ekonomik zayıflığı, EUR/GBP yükseliş beklentisi",0.8700,-200,❌
2025-11-18,Danske Bank,Kirstine Kundby-Nielsen,PDF,FX Forecast Update Nov 2025 - USD to Weather AI Valuation Woes,EUR/GBP,+6M,2026-05-18,0.8800,0.9000,"İngiltere ekonomik zayıflığı, EUR/GBP yükseliş beklentisi",—,—,⏳
2025-11-18,Danske Bank,Kirstine Kundby-Nielsen,PDF,FX Forecast Update Nov 2025 - USD to Weather AI Valuation Woes,EUR/GBP,+12M,2026-11-18,0.8800,0.9000,"İngiltere ekonomik zayıflığı, EUR/GBP yükseliş beklentisi",—,—,⏳
2025-12-19,Danske Bank,Kirstine Kundby-Nielsen,PDF,FX Forecast Update Dec 2025 - Weaker USD GBP and NOK in 2026,EUR/GBP,+1M,2026-01-19,0.8800,0.8800,"İngiltere ekonomik zayıflığı, EUR/GBP yükseliş beklentisi",0.8700,-100,❌
2025-12-19,Danske Bank,Kirstine Kundby-Nielsen,PDF,FX Forecast Update Dec 2025 - Weaker USD GBP and NOK in 2026,EUR/GBP,+3M,2026-03-19,0.8800,0.8900,"İngiltere ekonomik zayıflığı, EUR/GBP yükseliş beklentisi",0.8600,-300,❌
2025-12-19,Danske Bank,Kirstine Kundby-Nielsen,PDF,FX Forecast Update Dec 2025 - Weaker USD GBP and NOK in 2026,EUR/GBP,+6M,2026-06-19,0.8800,0.9000,"İngiltere ekonomik zayıflığı, EUR/GBP yükseliş beklentisi",—,—,⏳
2025-12-19,Danske Bank,Kirstine Kundby-Nielsen,PDF,FX Forecast Update Dec 2025 - Weaker USD GBP and NOK in 2026,EUR/GBP,+12M,2026-12-19,0.8800,0.9000,"İngiltere ekonomik zayıflığı, EUR/GBP yükseliş beklentisi",—,—,⏳
2026-01-19,Danske Bank,Kirstine Kundby-Nielsen,PDF,FX Forecast Update Jan 2026 - Geopolitics Takes Centre Stage,EUR/GBP,+1M,2026-02-19,0.8700,0.8700,"İngiltere ekonomik zayıflığı, EUR/GBP yükseliş beklentisi",0.8700,0,✅
2026-01-19,Danske Bank,Kirstine Kundby-Nielsen,PDF,FX Forecast Update Jan 2026 - Geopolitics Takes Centre Stage,EUR/GBP,+3M,2026-04-19,0.8700,0.8800,"İngiltere ekonomik zayıflığı, EUR/GBP yükseliş beklentisi",—,—,⏳
2026-01-19,Danske Bank,Kirstine Kundby-Nielsen,PDF,FX Forecast Update Jan 2026 - Geopolitics Takes Centre Stage,EUR/GBP,+6M,2026-07-19,0.8700,0.8900,"İngiltere ekonomik zayıflığı, EUR/GBP yükseliş beklentisi",—,—,⏳
2026-01-19,Danske Bank,Kirstine Kundby-Nielsen,PDF,FX Forecast Update Jan 2026 - Geopolitics Takes Centre Stage,EUR/GBP,+12M,2027-01-19,0.8700,0.8900,"İngiltere ekonomik zayıflığı, EUR/GBP yükseliş beklentisi",—,—,⏳
2026-02-17,Danske Bank,Kirstine Kundby-Nielsen,PDF,FX Forecast Update Feb 2026 - Lingering Scepticism Sustains Bearish Dollar Outlook,EUR/GBP,+1M,2026-03-17,0.8700,0.8700,"İngiltere ekonomik zayıflığı, EUR/GBP yükseliş beklentisi",0.8600,-100,❌
2026-02-17,Danske Bank,Kirstine Kundby-Nielsen,PDF,FX Forecast Update Feb 2026 - Lingering Scepticism Sustains Bearish Dollar Outlook,EUR/GBP,+3M,2026-05-17,0.8700,0.8800,"İngiltere ekonomik zayıflığı, EUR/GBP yükseliş beklentisi",—,—,⏳
2026-02-17,Danske Bank,Kirstine Kundby-Nielsen,PDF,FX Forecast Update Feb 2026 - Lingering Scepticism Sustains Bearish Dollar Outlook,EUR/GBP,+6M,2026-08-17,0.8700,0.8900,"İngiltere ekonomik zayıflığı, EUR/GBP yükseliş beklentisi",—,—,⏳
2026-02-17,Danske Bank,Kirstine Kundby-Nielsen,PDF,FX Forecast Update Feb 2026 - Lingering Scepticism Sustains Bearish Dollar Outlook,EUR/GBP,+12M,2027-02-17,0.8700,0.8900,"İngiltere ekonomik zayıflığı, EUR/GBP yükseliş beklentisi",—,—,⏳
2026-03-20,Danske Bank,Kirstine Kundby-Nielsen,PDF,FX Forecast Update Mar 2026 - Energy Shock Steers Global Repricing,EUR/GBP,+1M,2026-04-20,0.8600,0.8600,"İngiltere ekonomik zayıflığı, EUR/GBP yükseliş beklentisi",0.8691,91,❌
2026-03-20,Danske Bank,Kirstine Kundby-Nielsen,PDF,FX Forecast Update Mar 2026 - Energy Shock Steers Global Repricing,EUR/GBP,+3M,2026-06-20,0.8600,0.8700,"İngiltere ekonomik zayıflığı, EUR/GBP yükseliş beklentisi",—,—,⏳
2026-03-20,Danske Bank,Kirstine Kundby-Nielsen,PDF,FX Forecast Update Mar 2026 - Energy Shock Steers Global Repricing,EUR/GBP,+6M,2026-09-20,0.8600,0.8800,"İngiltere ekonomik zayıflığı, EUR/GBP yükseliş beklentisi",—,—,⏳
2026-03-20,Danske Bank,Kirstine Kundby-Nielsen,PDF,FX Forecast Update Mar 2026 - Energy Shock Steers Global Repricing,EUR/GBP,+12M,2027-03-20,0.8600,0.8800,"İngiltere ekonomik zayıflığı, EUR/GBP yükseliş beklentisi",—,—,⏳
2025-06-23,Danske Bank,Mohamad Al-Saraf,PDF,FX Forecast Update Jun 2025 - NOK Remains Vulnerable,USD/JPY,+1M,2025-07-23,147.0000,144.0000,"Yen güçlenme beklentisi, USD/JPY düşüş trendi",147.0000,300,✅
2025-06-23,Danske Bank,Mohamad Al-Saraf,PDF,FX Forecast Update Jun 2025 - NOK Remains Vulnerable,USD/JPY,+3M,2025-09-23,147.0000,142.0000,"Yen güçlenme beklentisi, USD/JPY düşüş trendi",147.5000,550,❌
2025-06-23,Danske Bank,Mohamad Al-Saraf,PDF,FX Forecast Update Jun 2025 - NOK Remains Vulnerable,USD/JPY,+6M,2025-12-23,147.0000,139.0000,"Yen güçlenme beklentisi, USD/JPY düşüş trendi",157.0000,1800,❌
2025-06-23,Danske Bank,Mohamad Al-Saraf,PDF,FX Forecast Update Jun 2025 - NOK Remains Vulnerable,USD/JPY,+12M,2026-06-23,147.0000,135.0000,"Yen güçlenme beklentisi, USD/JPY düşüş trendi",—,—,⏳
2025-07-22,Danske Bank,Mohamad Al-Saraf,PDF,FX Forecast Update Jul 2025 - USD Rebound Is Temporary,USD/JPY,+1M,2025-08-22,147.0000,148.0000,"Yen güçlenme beklentisi, USD/JPY düşüş trendi",147.0000,-100,✅
2025-07-22,Danske Bank,Mohamad Al-Saraf,PDF,FX Forecast Update Jul 2025 - USD Rebound Is Temporary,USD/JPY,+3M,2025-10-22,147.0000,146.0000,"Yen güçlenme beklentisi, USD/JPY düşüş trendi",150.0000,400,❌
2025-07-22,Danske Bank,Mohamad Al-Saraf,PDF,FX Forecast Update Jul 2025 - USD Rebound Is Temporary,USD/JPY,+6M,2026-01-22,147.0000,143.0000,"Yen güçlenme beklentisi, USD/JPY düşüş trendi",159.0000,1600,❌
2025-07-22,Danske Bank,Mohamad Al-Saraf,PDF,FX Forecast Update Jul 2025 - USD Rebound Is Temporary,USD/JPY,+12M,2026-07-22,147.0000,139.0000,"Yen güçlenme beklentisi, USD/JPY düşüş trendi",—,—,⏳
2025-08-19,Danske Bank,Mohamad Al-Saraf,PDF,FX Forecast Update Aug 2025 - Still Negative on SEK and NOK,USD/JPY,+1M,2025-09-19,147.0000,146.0000,"Yen güçlenme beklentisi, USD/JPY düşüş trendi",147.5000,150,❌
2025-08-19,Danske Bank,Mohamad Al-Saraf,PDF,FX Forecast Update Aug 2025 - Still Negative on SEK and NOK,USD/JPY,+3M,2025-11-19,147.0000,143.0000,"Yen güçlenme beklentisi, USD/JPY düşüş trendi",155.0000,1200,❌
2025-08-19,Danske Bank,Mohamad Al-Saraf,PDF,FX Forecast Update Aug 2025 - Still Negative on SEK and NOK,USD/JPY,+6M,2026-02-19,147.0000,140.0000,"Yen güçlenme beklentisi, USD/JPY düşüş trendi",153.0000,1300,❌
2025-08-19,Danske Bank,Mohamad Al-Saraf,PDF,FX Forecast Update Aug 2025 - Still Negative on SEK and NOK,USD/JPY,+12M,2026-08-19,147.0000,138.0000,"Yen güçlenme beklentisi, USD/JPY düşüş trendi",—,—,⏳
2025-09-19,Danske Bank,Mohamad Al-Saraf,PDF,FX Forecast Update Sep 2025 - Rebound in Real Rates to Support USD,USD/JPY,+1M,2025-10-19,147.5000,146.0000,"Yen güçlenme beklentisi, USD/JPY düşüş trendi",150.0000,400,❌
2025-09-19,Danske Bank,Mohamad Al-Saraf,PDF,FX Forecast Update Sep 2025 - Rebound in Real Rates to Support USD,USD/JPY,+3M,2025-12-19,147.5000,143.0000,"Yen güçlenme beklentisi, USD/JPY düşüş trendi",157.0000,1400,❌
2025-09-19,Danske Bank,Mohamad Al-Saraf,PDF,FX Forecast Update Sep 2025 - Rebound in Real Rates to Support USD,USD/JPY,+6M,2026-03-19,147.5000,140.0000,"Yen güçlenme beklentisi, USD/JPY düşüş trendi",158.0000,1800,❌
2025-09-19,Danske Bank,Mohamad Al-Saraf,PDF,FX Forecast Update Sep 2025 - Rebound in Real Rates to Support USD,USD/JPY,+12M,2026-09-19,147.5000,138.0000,"Yen güçlenme beklentisi, USD/JPY düşüş trendi",—,—,⏳
2025-10-21,Danske Bank,Mohamad Al-Saraf,PDF,FX Forecast Update Oct 2025 - Upward Pressure on EUR/DKK,USD/JPY,+1M,2025-11-21,150.0000,148.0000,"Yen güçlenme beklentisi, USD/JPY düşüş trendi",155.0000,700,❌
2025-10-21,Danske Bank,Mohamad Al-Saraf,PDF,FX Forecast Update Oct 2025 - Upward Pressure on EUR/DKK,USD/JPY,+3M,2026-01-21,150.0000,145.0000,"Yen güçlenme beklentisi, USD/JPY düşüş trendi",159.0000,1400,❌
2025-10-21,Danske Bank,Mohamad Al-Saraf,PDF,FX Forecast Update Oct 2025 - Upward Pressure on EUR/DKK,USD/JPY,+6M,2026-04-21,150.0000,142.0000,"Yen güçlenme beklentisi, USD/JPY düşüş trendi",—,—,⏳
2025-10-21,Danske Bank,Mohamad Al-Saraf,PDF,FX Forecast Update Oct 2025 - Upward Pressure on EUR/DKK,USD/JPY,+12M,2026-10-21,150.0000,140.0000,"Yen güçlenme beklentisi, USD/JPY düşüş trendi",—,—,⏳
2025-11-18,Danske Bank,Mohamad Al-Saraf,PDF,FX Forecast Update Nov 2025 - USD to Weather AI Valuation Woes,USD/JPY,+1M,2025-12-18,155.0000,155.0000,"Yen güçlenme beklentisi, USD/JPY düşüş trendi",157.0000,200,❌
2025-11-18,Danske Bank,Mohamad Al-Saraf,PDF,FX Forecast Update Nov 2025 - USD to Weather AI Valuation Woes,USD/JPY,+3M,2026-02-18,155.0000,152.0000,"Yen güçlenme beklentisi, USD/JPY düşüş trendi",153.0000,100,✅
2025-11-18,Danske Bank,Mohamad Al-Saraf,PDF,FX Forecast Update Nov 2025 - USD to Weather AI Valuation Woes,USD/JPY,+6M,2026-05-18,155.0000,149.0000,"Yen güçlenme beklentisi, USD/JPY düşüş trendi",—,—,⏳
2025-11-18,Danske Bank,Mohamad Al-Saraf,PDF,FX Forecast Update Nov 2025 - USD to Weather AI Valuation Woes,USD/JPY,+12M,2026-11-18,155.0000,145.0000,"Yen güçlenme beklentisi, USD/JPY düşüş trendi",—,—,⏳
2025-12-19,Danske Bank,Mohamad Al-Saraf,PDF,FX Forecast Update Dec 2025 - Weaker USD GBP and NOK in 2026,USD/JPY,+1M,2026-01-19,157.0000,157.0000,"Yen güçlenme beklentisi, USD/JPY düşüş trendi",159.0000,200,❌
2025-12-19,Danske Bank,Mohamad Al-Saraf,PDF,FX Forecast Update Dec 2025 - Weaker USD GBP and NOK in 2026,USD/JPY,+3M,2026-03-19,157.0000,154.0000,"Yen güçlenme beklentisi, USD/JPY düşüş trendi",158.0000,400,❌
2025-12-19,Danske Bank,Mohamad Al-Saraf,PDF,FX Forecast Update Dec 2025 - Weaker USD GBP and NOK in 2026,USD/JPY,+6M,2026-06-19,157.0000,151.0000,"Yen güçlenme beklentisi, USD/JPY düşüş trendi",—,—,⏳
2025-12-19,Danske Bank,Mohamad Al-Saraf,PDF,FX Forecast Update Dec 2025 - Weaker USD GBP and NOK in 2026,USD/JPY,+12M,2026-12-19,157.0000,147.0000,"Yen güçlenme beklentisi, USD/JPY düşüş trendi",—,—,⏳
2026-01-19,Danske Bank,Mohamad Al-Saraf,PDF,FX Forecast Update Jan 2026 - Geopolitics Takes Centre Stage,USD/JPY,+1M,2026-02-19,159.0000,155.0000,"Yen güçlenme beklentisi, USD/JPY düşüş trendi",153.0000,-200,✅
2026-01-19,Danske Bank,Mohamad Al-Saraf,PDF,FX Forecast Update Jan 2026 - Geopolitics Takes Centre Stage,USD/JPY,+3M,2026-04-19,159.0000,152.0000,"Yen güçlenme beklentisi, USD/JPY düşüş trendi",—,—,⏳
2026-01-19,Danske Bank,Mohamad Al-Saraf,PDF,FX Forecast Update Jan 2026 - Geopolitics Takes Centre Stage,USD/JPY,+6M,2026-07-19,159.0000,149.0000,"Yen güçlenme beklentisi, USD/JPY düşüş trendi",—,—,⏳
2026-01-19,Danske Bank,Mohamad Al-Saraf,PDF,FX Forecast Update Jan 2026 - Geopolitics Takes Centre Stage,USD/JPY,+12M,2027-01-19,159.0000,145.0000,"Yen güçlenme beklentisi, USD/JPY düşüş trendi",—,—,⏳
2026-02-17,Danske Bank,Mohamad Al-Saraf,PDF,FX Forecast Update Feb 2026 - Lingering Scepticism Sustains Bearish Dollar Outlook,USD/JPY,+1M,2026-03-17,153.0000,153.0000,"Yen güçlenme beklentisi, USD/JPY düşüş trendi",158.0000,500,❌
2026-02-17,Danske Bank,Mohamad Al-Saraf,PDF,FX Forecast Update Feb 2026 - Lingering Scepticism Sustains Bearish Dollar Outlook,USD/JPY,+3M,2026-05-17,153.0000,150.0000,"Yen güçlenme beklentisi, USD/JPY düşüş trendi",—,—,⏳
2026-02-17,Danske Bank,Mohamad Al-Saraf,PDF,FX Forecast Update Feb 2026 - Lingering Scepticism Sustains Bearish Dollar Outlook,USD/JPY,+6M,2026-08-17,153.0000,147.0000,"Yen güçlenme beklentisi, USD/JPY düşüş trendi",—,—,⏳
2026-02-17,Danske Bank,Mohamad Al-Saraf,PDF,FX Forecast Update Feb 2026 - Lingering Scepticism Sustains Bearish Dollar Outlook,USD/JPY,+12M,2027-02-17,153.0000,143.0000,"Yen güçlenme beklentisi, USD/JPY düşüş trendi",—,—,⏳
2026-03-20,Danske Bank,Mohamad Al-Saraf,PDF,FX Forecast Update Mar 2026 - Energy Shock Steers Global Repricing,USD/JPY,+1M,2026-04-20,158.0000,159.0000,"Yen güçlenme beklentisi, USD/JPY düşüş trendi",158.8485,-15,✅
2026-03-20,Danske Bank,Mohamad Al-Saraf,PDF,FX Forecast Update Mar 2026 - Energy Shock Steers Global Repricing,USD/JPY,+3M,2026-06-20,158.0000,159.0000,"Yen güçlenme beklentisi, USD/JPY düşüş trendi",—,—,⏳
2026-03-20,Danske Bank,Mohamad Al-Saraf,PDF,FX Forecast Update Mar 2026 - Energy Shock Steers Global Repricing,USD/JPY,+6M,2026-09-20,158.0000,145.0000,"Yen güçlenme beklentisi, USD/JPY düşüş trendi",—,—,⏳
2026-03-20,Danske Bank,Mohamad Al-Saraf,PDF,FX Forecast Update Mar 2026 - Energy Shock Steers Global Repricing,USD/JPY,+12M,2027-03-20,158.0000,150.0000,"Yen güçlenme beklentisi, USD/JPY düşüş trendi",—,—,⏳
2025-06-23,Danske Bank,Antti Ilvonen,PDF,FX Forecast Update Jun 2025 - NOK Remains Vulnerable,EUR/CHF,+1M,2025-07-23,0.9400,0.9300,"CHF güvenli liman talebi, EUR/CHF düşüş beklentisi",0.9300,0,✅
2025-06-23,Danske Bank,Antti Ilvonen,PDF,FX Forecast Update Jun 2025 - NOK Remains Vulnerable,EUR/CHF,+3M,2025-09-23,0.9400,0.9200,"CHF güvenli liman talebi, EUR/CHF düşüş beklentisi",0.9300,100,✅
2025-06-23,Danske Bank,Antti Ilvonen,PDF,FX Forecast Update Jun 2025 - NOK Remains Vulnerable,EUR/CHF,+6M,2025-12-23,0.9400,0.9100,"CHF güvenli liman talebi, EUR/CHF düşüş beklentisi",0.9300,200,✅
2025-06-23,Danske Bank,Antti Ilvonen,PDF,FX Forecast Update Jun 2025 - NOK Remains Vulnerable,EUR/CHF,+12M,2026-06-23,0.9400,0.9100,"CHF güvenli liman talebi, EUR/CHF düşüş beklentisi",—,—,⏳
2025-07-22,Danske Bank,Antti Ilvonen,PDF,FX Forecast Update Jul 2025 - USD Rebound Is Temporary,EUR/CHF,+1M,2025-08-22,0.9300,0.9300,"CHF güvenli liman talebi, EUR/CHF düşüş beklentisi",0.9400,100,❌
2025-07-22,Danske Bank,Antti Ilvonen,PDF,FX Forecast Update Jul 2025 - USD Rebound Is Temporary,EUR/CHF,+3M,2025-10-22,0.9300,0.9200,"CHF güvenli liman talebi, EUR/CHF düşüş beklentisi",0.9300,100,✅
2025-07-22,Danske Bank,Antti Ilvonen,PDF,FX Forecast Update Jul 2025 - USD Rebound Is Temporary,EUR/CHF,+6M,2026-01-22,0.9300,0.9100,"CHF güvenli liman talebi, EUR/CHF düşüş beklentisi",0.9300,200,✅
2025-07-22,Danske Bank,Antti Ilvonen,PDF,FX Forecast Update Jul 2025 - USD Rebound Is Temporary,EUR/CHF,+12M,2026-07-22,0.9300,0.9100,"CHF güvenli liman talebi, EUR/CHF düşüş beklentisi",—,—,⏳
2025-08-19,Danske Bank,Antti Ilvonen,PDF,FX Forecast Update Aug 2025 - Still Negative on SEK and NOK,EUR/CHF,+1M,2025-09-19,0.9400,0.9300,"CHF güvenli liman talebi, EUR/CHF düşüş beklentisi",0.9300,0,✅
2025-08-19,Danske Bank,Antti Ilvonen,PDF,FX Forecast Update Aug 2025 - Still Negative on SEK and NOK,EUR/CHF,+3M,2025-11-19,0.9400,0.9200,"CHF güvenli liman talebi, EUR/CHF düşüş beklentisi",0.9200,0,✅
2025-08-19,Danske Bank,Antti Ilvonen,PDF,FX Forecast Update Aug 2025 - Still Negative on SEK and NOK,EUR/CHF,+6M,2026-02-19,0.9400,0.9100,"CHF güvenli liman talebi, EUR/CHF düşüş beklentisi",0.9100,0,✅
2025-08-19,Danske Bank,Antti Ilvonen,PDF,FX Forecast Update Aug 2025 - Still Negative on SEK and NOK,EUR/CHF,+12M,2026-08-19,0.9400,0.9100,"CHF güvenli liman talebi, EUR/CHF düşüş beklentisi",—,—,⏳
2025-09-19,Danske Bank,Antti Ilvonen,PDF,FX Forecast Update Sep 2025 - Rebound in Real Rates to Support USD,EUR/CHF,+1M,2025-10-19,0.9300,0.9300,"CHF güvenli liman talebi, EUR/CHF düşüş beklentisi",0.9300,0,✅
2025-09-19,Danske Bank,Antti Ilvonen,PDF,FX Forecast Update Sep 2025 - Rebound in Real Rates to Support USD,EUR/CHF,+3M,2025-12-19,0.9300,0.9300,"CHF güvenli liman talebi, EUR/CHF düşüş beklentisi",0.9300,0,✅
2025-09-19,Danske Bank,Antti Ilvonen,PDF,FX Forecast Update Sep 2025 - Rebound in Real Rates to Support USD,EUR/CHF,+6M,2026-03-19,0.9300,0.9100,"CHF güvenli liman talebi, EUR/CHF düşüş beklentisi",0.9100,0,✅
2025-09-19,Danske Bank,Antti Ilvonen,PDF,FX Forecast Update Sep 2025 - Rebound in Real Rates to Support USD,EUR/CHF,+12M,2026-09-19,0.9300,0.9100,"CHF güvenli liman talebi, EUR/CHF düşüş beklentisi",—,—,⏳
2025-10-21,Danske Bank,Antti Ilvonen,PDF,FX Forecast Update Oct 2025 - Upward Pressure on EUR/DKK,EUR/CHF,+1M,2025-11-21,0.9300,0.9200,"CHF güvenli liman talebi, EUR/CHF düşüş beklentisi",0.9200,0,✅
2025-10-21,Danske Bank,Antti Ilvonen,PDF,FX Forecast Update Oct 2025 - Upward Pressure on EUR/DKK,EUR/CHF,+3M,2026-01-21,0.9300,0.9200,"CHF güvenli liman talebi, EUR/CHF düşüş beklentisi",0.9300,100,✅
2025-10-21,Danske Bank,Antti Ilvonen,PDF,FX Forecast Update Oct 2025 - Upward Pressure on EUR/DKK,EUR/CHF,+6M,2026-04-21,0.9300,0.9100,"CHF güvenli liman talebi, EUR/CHF düşüş beklentisi",—,—,⏳
2025-10-21,Danske Bank,Antti Ilvonen,PDF,FX Forecast Update Oct 2025 - Upward Pressure on EUR/DKK,EUR/CHF,+12M,2026-10-21,0.9300,0.9100,"CHF güvenli liman talebi, EUR/CHF düşüş beklentisi",—,—,⏳
2025-11-18,Danske Bank,Antti Ilvonen,PDF,FX Forecast Update Nov 2025 - USD to Weather AI Valuation Woes,EUR/CHF,+1M,2025-12-18,0.9200,0.9200,"CHF güvenli liman talebi, EUR/CHF düşüş beklentisi",0.9300,100,❌
2025-11-18,Danske Bank,Antti Ilvonen,PDF,FX Forecast Update Nov 2025 - USD to Weather AI Valuation Woes,EUR/CHF,+3M,2026-02-18,0.9200,0.9200,"CHF güvenli liman talebi, EUR/CHF düşüş beklentisi",0.9100,-100,❌
2025-11-18,Danske Bank,Antti Ilvonen,PDF,FX Forecast Update Nov 2025 - USD to Weather AI Valuation Woes,EUR/CHF,+6M,2026-05-18,0.9200,0.9100,"CHF güvenli liman talebi, EUR/CHF düşüş beklentisi",—,—,⏳
2025-11-18,Danske Bank,Antti Ilvonen,PDF,FX Forecast Update Nov 2025 - USD to Weather AI Valuation Woes,EUR/CHF,+12M,2026-11-18,0.9200,0.9100,"CHF güvenli liman talebi, EUR/CHF düşüş beklentisi",—,—,⏳
2025-12-19,Danske Bank,Antti Ilvonen,PDF,FX Forecast Update Dec 2025 - Weaker USD GBP and NOK in 2026,EUR/CHF,+1M,2026-01-19,0.9300,0.9200,"CHF güvenli liman talebi, EUR/CHF düşüş beklentisi",0.9300,100,✅
2025-12-19,Danske Bank,Antti Ilvonen,PDF,FX Forecast Update Dec 2025 - Weaker USD GBP and NOK in 2026,EUR/CHF,+3M,2026-03-19,0.9300,0.9200,"CHF güvenli liman talebi, EUR/CHF düşüş beklentisi",0.9100,-100,✅
2025-12-19,Danske Bank,Antti Ilvonen,PDF,FX Forecast Update Dec 2025 - Weaker USD GBP and NOK in 2026,EUR/CHF,+6M,2026-06-19,0.9300,0.9100,"CHF güvenli liman talebi, EUR/CHF düşüş beklentisi",—,—,⏳
2025-12-19,Danske Bank,Antti Ilvonen,PDF,FX Forecast Update Dec 2025 - Weaker USD GBP and NOK in 2026,EUR/CHF,+12M,2026-12-19,0.9300,0.9100,"CHF güvenli liman talebi, EUR/CHF düşüş beklentisi",—,—,⏳
2026-01-19,Danske Bank,Antti Ilvonen,PDF,FX Forecast Update Jan 2026 - Geopolitics Takes Centre Stage,EUR/CHF,+1M,2026-02-19,0.9300,0.9200,"CHF güvenli liman talebi, EUR/CHF düşüş beklentisi",0.9100,-100,✅
2026-01-19,Danske Bank,Antti Ilvonen,PDF,FX Forecast Update Jan 2026 - Geopolitics Takes Centre Stage,EUR/CHF,+3M,2026-04-19,0.9300,0.9200,"CHF güvenli liman talebi, EUR/CHF düşüş beklentisi",—,—,⏳
2026-01-19,Danske Bank,Antti Ilvonen,PDF,FX Forecast Update Jan 2026 - Geopolitics Takes Centre Stage,EUR/CHF,+6M,2026-07-19,0.9300,0.9100,"CHF güvenli liman talebi, EUR/CHF düşüş beklentisi",—,—,⏳
2026-01-19,Danske Bank,Antti Ilvonen,PDF,FX Forecast Update Jan 2026 - Geopolitics Takes Centre Stage,EUR/CHF,+12M,2027-01-19,0.9300,0.9100,"CHF güvenli liman talebi, EUR/CHF düşüş beklentisi",—,—,⏳
2026-02-17,Danske Bank,Antti Ilvonen,PDF,FX Forecast Update Feb 2026 - Lingering Scepticism Sustains Bearish Dollar Outlook,EUR/CHF,+1M,2026-03-17,0.9100,0.9100,"CHF güvenli liman talebi, EUR/CHF düşüş beklentisi",0.9100,0,✅
2026-02-17,Danske Bank,Antti Ilvonen,PDF,FX Forecast Update Feb 2026 - Lingering Scepticism Sustains Bearish Dollar Outlook,EUR/CHF,+3M,2026-05-17,0.9100,0.9100,"CHF güvenli liman talebi, EUR/CHF düşüş beklentisi",—,—,⏳
2026-02-17,Danske Bank,Antti Ilvonen,PDF,FX Forecast Update Feb 2026 - Lingering Scepticism Sustains Bearish Dollar Outlook,EUR/CHF,+6M,2026-08-17,0.9100,0.9000,"CHF güvenli liman talebi, EUR/CHF düşüş beklentisi",—,—,⏳
2026-02-17,Danske Bank,Antti Ilvonen,PDF,FX Forecast Update Feb 2026 - Lingering Scepticism Sustains Bearish Dollar Outlook,EUR/CHF,+12M,2027-02-17,0.9100,0.9000,"CHF güvenli liman talebi, EUR/CHF düşüş beklentisi",—,—,⏳
2026-03-20,Danske Bank,Antti Ilvonen,PDF,FX Forecast Update Mar 2026 - Energy Shock Steers Global Repricing,EUR/CHF,+1M,2026-04-20,0.9100,0.9100,"CHF güvenli liman talebi, EUR/CHF düşüş beklentisi",0.9210,110,❌
2026-03-20,Danske Bank,Antti Ilvonen,PDF,FX Forecast Update Mar 2026 - Energy Shock Steers Global Repricing,EUR/CHF,+3M,2026-06-20,0.9100,0.9100,"CHF güvenli liman talebi, EUR/CHF düşüş beklentisi",—,—,⏳
2026-03-20,Danske Bank,Antti Ilvonen,PDF,FX Forecast Update Mar 2026 - Energy Shock Steers Global Repricing,EUR/CHF,+6M,2026-09-20,0.9100,0.9000,"CHF güvenli liman talebi, EUR/CHF düşüş beklentisi",—,—,⏳
2026-03-20,Danske Bank,Antti Ilvonen,PDF,FX Forecast Update Mar 2026 - Energy Shock Steers Global Repricing,EUR/CHF,+12M,2027-03-20,0.9100,0.9000,"CHF güvenli liman talebi, EUR/CHF düşüş beklentisi",—,—,⏳
2025-06-23,Danske Bank,Kirstine Kundby-Nielsen,PDF,FX Forecast Update Jun 2025 - NOK Remains Vulnerable,EUR/PLN,+1M,2025-07-23,4.2700,4.3000,"Polonya zlotisi güçlenecek, EUR/PLN düşüş beklentisi",4.2425,-575,❌
2025-06-23,Danske Bank,Kirstine Kundby-Nielsen,PDF,FX Forecast Update Jun 2025 - NOK Remains Vulnerable,EUR/PLN,+3M,2025-09-23,4.2700,4.2000,"Polonya zlotisi güçlenecek, EUR/PLN düşüş beklentisi",4.2553,553,✅
2025-06-23,Danske Bank,Kirstine Kundby-Nielsen,PDF,FX Forecast Update Jun 2025 - NOK Remains Vulnerable,EUR/PLN,+6M,2025-12-23,4.2700,4.1000,"Polonya zlotisi güçlenecek, EUR/PLN düşüş beklentisi",4.2320,1320,✅
2025-06-23,Danske Bank,Kirstine Kundby-Nielsen,PDF,FX Forecast Update Jun 2025 - NOK Remains Vulnerable,EUR/PLN,+12M,2026-06-23,4.2700,4.1000,"Polonya zlotisi güçlenecek, EUR/PLN düşüş beklentisi",—,—,⏳
2025-06-23,Danske Bank,Allan von Mehren,PDF,FX Forecast Update Jun 2025 - NOK Remains Vulnerable,USD/CNY,+1M,2025-07-23,7.1900,7.1800,"Yuan güçlenme trendi, USD/CNY düşüş beklentisi",7.1600,-200,✅
2025-06-23,Danske Bank,Allan von Mehren,PDF,FX Forecast Update Jun 2025 - NOK Remains Vulnerable,USD/CNY,+3M,2025-09-23,7.1900,7.1600,"Yuan güçlenme trendi, USD/CNY düşüş beklentisi",7.0900,-700,✅
2025-06-23,Danske Bank,Allan von Mehren,PDF,FX Forecast Update Jun 2025 - NOK Remains Vulnerable,USD/CNY,+6M,2025-12-23,7.1900,7.1400,"Yuan güçlenme trendi, USD/CNY düşüş beklentisi",7.0500,-900,✅
2025-06-23,Danske Bank,Allan von Mehren,PDF,FX Forecast Update Jun 2025 - NOK Remains Vulnerable,USD/CNY,+12M,2026-06-23,7.1900,7.1200,"Yuan güçlenme trendi, USD/CNY düşüş beklentisi",—,—,⏳
2025-07-22,Danske Bank,Allan von Mehren,PDF,FX Forecast Update Jul 2025 - USD Rebound Is Temporary,USD/CNY,+1M,2025-08-22,7.1600,7.1800,"Yuan güçlenme trendi, USD/CNY düşüş beklentisi",7.1600,-200,✅
2025-07-22,Danske Bank,Allan von Mehren,PDF,FX Forecast Update Jul 2025 - USD Rebound Is Temporary,USD/CNY,+3M,2025-10-22,7.1600,7.1600,"Yuan güçlenme trendi, USD/CNY düşüş beklentisi",7.0500,-1100,❌
2025-07-22,Danske Bank,Allan von Mehren,PDF,FX Forecast Update Jul 2025 - USD Rebound Is Temporary,USD/CNY,+6M,2026-01-22,7.1600,7.1400,"Yuan güçlenme trendi, USD/CNY düşüş beklentisi",6.9700,-1700,✅
2025-07-22,Danske Bank,Allan von Mehren,PDF,FX Forecast Update Jul 2025 - USD Rebound Is Temporary,USD/CNY,+12M,2026-07-22,7.1600,7.1200,"Yuan güçlenme trendi, USD/CNY düşüş beklentisi",—,—,⏳
2025-08-19,Danske Bank,Allan von Mehren,PDF,FX Forecast Update Aug 2025 - Still Negative on SEK and NOK,USD/CNY,+1M,2025-09-19,7.1600,7.1800,"Yuan güçlenme trendi, USD/CNY düşüş beklentisi",7.0900,-900,❌
2025-08-19,Danske Bank,Allan von Mehren,PDF,FX Forecast Update Aug 2025 - Still Negative on SEK and NOK,USD/CNY,+3M,2025-11-19,7.1600,7.1600,"Yuan güçlenme trendi, USD/CNY düşüş beklentisi",7.1100,-500,❌
2025-08-19,Danske Bank,Allan von Mehren,PDF,FX Forecast Update Aug 2025 - Still Negative on SEK and NOK,USD/CNY,+6M,2026-02-19,7.1600,7.1400,"Yuan güçlenme trendi, USD/CNY düşüş beklentisi",6.8900,-2500,✅
2025-08-19,Danske Bank,Allan von Mehren,PDF,FX Forecast Update Aug 2025 - Still Negative on SEK and NOK,USD/CNY,+12M,2026-08-19,7.1600,7.1200,"Yuan güçlenme trendi, USD/CNY düşüş beklentisi",—,—,⏳
2025-09-19,Danske Bank,Allan von Mehren,PDF,FX Forecast Update Sep 2025 - Rebound in Real Rates to Support USD,USD/CNY,+1M,2025-10-19,7.0900,7.1200,"Yuan güçlenme trendi, USD/CNY düşüş beklentisi",7.0500,-700,❌
2025-09-19,Danske Bank,Allan von Mehren,PDF,FX Forecast Update Sep 2025 - Rebound in Real Rates to Support USD,USD/CNY,+3M,2025-12-19,7.0900,7.0800,"Yuan güçlenme trendi, USD/CNY düşüş beklentisi",7.0500,-300,✅
2025-09-19,Danske Bank,Allan von Mehren,PDF,FX Forecast Update Sep 2025 - Rebound in Real Rates to Support USD,USD/CNY,+6M,2026-03-19,7.0900,7.0500,"Yuan güçlenme trendi, USD/CNY düşüş beklentisi",6.8700,-1800,✅
2025-09-19,Danske Bank,Allan von Mehren,PDF,FX Forecast Update Sep 2025 - Rebound in Real Rates to Support USD,USD/CNY,+12M,2026-09-19,7.0900,7.0000,"Yuan güçlenme trendi, USD/CNY düşüş beklentisi",—,—,⏳
2025-10-21,Danske Bank,Allan von Mehren,PDF,FX Forecast Update Oct 2025 - Upward Pressure on EUR/DKK,USD/CNY,+1M,2025-11-21,7.0500,7.1200,"Yuan güçlenme trendi, USD/CNY düşüş beklentisi",7.1100,-100,✅
2025-10-21,Danske Bank,Allan von Mehren,PDF,FX Forecast Update Oct 2025 - Upward Pressure on EUR/DKK,USD/CNY,+3M,2026-01-21,7.0500,7.0800,"Yuan güçlenme trendi, USD/CNY düşüş beklentisi",6.9700,-1100,❌
2025-10-21,Danske Bank,Allan von Mehren,PDF,FX Forecast Update Oct 2025 - Upward Pressure on EUR/DKK,USD/CNY,+6M,2026-04-21,7.0500,7.0500,"Yuan güçlenme trendi, USD/CNY düşüş beklentisi",—,—,⏳
2025-10-21,Danske Bank,Allan von Mehren,PDF,FX Forecast Update Oct 2025 - Upward Pressure on EUR/DKK,USD/CNY,+12M,2026-10-21,7.0500,7.0000,"Yuan güçlenme trendi, USD/CNY düşüş beklentisi",—,—,⏳
2025-11-18,Danske Bank,Allan von Mehren,PDF,FX Forecast Update Nov 2025 - USD to Weather AI Valuation Woes,USD/CNY,+1M,2025-12-18,7.1100,7.1000,"Yuan güçlenme trendi, USD/CNY düşüş beklentisi",7.0500,-500,✅
2025-11-18,Danske Bank,Allan von Mehren,PDF,FX Forecast Update Nov 2025 - USD to Weather AI Valuation Woes,USD/CNY,+3M,2026-02-18,7.1100,7.0800,"Yuan güçlenme trendi, USD/CNY düşüş beklentisi",6.8900,-1900,✅
2025-11-18,Danske Bank,Allan von Mehren,PDF,FX Forecast Update Nov 2025 - USD to Weather AI Valuation Woes,USD/CNY,+6M,2026-05-18,7.1100,7.0500,"Yuan güçlenme trendi, USD/CNY düşüş beklentisi",—,—,⏳
2025-11-18,Danske Bank,Allan von Mehren,PDF,FX Forecast Update Nov 2025 - USD to Weather AI Valuation Woes,USD/CNY,+12M,2026-11-18,7.1100,7.0000,"Yuan güçlenme trendi, USD/CNY düşüş beklentisi",—,—,⏳
2025-12-19,Danske Bank,Allan von Mehren,PDF,FX Forecast Update Dec 2025 - Weaker USD GBP and NOK in 2026,USD/CNY,+1M,2026-01-19,7.0500,6.9700,"Yuan güçlenme trendi, USD/CNY düşüş beklentisi",6.9700,0,✅
2025-12-19,Danske Bank,Allan von Mehren,PDF,FX Forecast Update Dec 2025 - Weaker USD GBP and NOK in 2026,USD/CNY,+3M,2026-03-19,7.0500,6.9500,"Yuan güçlenme trendi, USD/CNY düşüş beklentisi",6.8700,-800,✅
2025-12-19,Danske Bank,Allan von Mehren,PDF,FX Forecast Update Dec 2025 - Weaker USD GBP and NOK in 2026,USD/CNY,+6M,2026-06-19,7.0500,6.9000,"Yuan güçlenme trendi, USD/CNY düşüş beklentisi",—,—,⏳
2025-12-19,Danske Bank,Allan von Mehren,PDF,FX Forecast Update Dec 2025 - Weaker USD GBP and NOK in 2026,USD/CNY,+12M,2026-12-19,7.0500,6.8000,"Yuan güçlenme trendi, USD/CNY düşüş beklentisi",—,—,⏳
2026-01-19,Danske Bank,Allan von Mehren,PDF,FX Forecast Update Jan 2026 - Geopolitics Takes Centre Stage,USD/CNY,+1M,2026-02-19,6.9700,6.9700,"Yuan güçlenme trendi, USD/CNY düşüş beklentisi",6.8900,-800,❌
2026-01-19,Danske Bank,Allan von Mehren,PDF,FX Forecast Update Jan 2026 - Geopolitics Takes Centre Stage,USD/CNY,+3M,2026-04-19,6.9700,6.9500,"Yuan güçlenme trendi, USD/CNY düşüş beklentisi",—,—,⏳
2026-01-19,Danske Bank,Allan von Mehren,PDF,FX Forecast Update Jan 2026 - Geopolitics Takes Centre Stage,USD/CNY,+6M,2026-07-19,6.9700,6.9000,"Yuan güçlenme trendi, USD/CNY düşüş beklentisi",—,—,⏳
2026-01-19,Danske Bank,Allan von Mehren,PDF,FX Forecast Update Jan 2026 - Geopolitics Takes Centre Stage,USD/CNY,+12M,2027-01-19,6.9700,6.8000,"Yuan güçlenme trendi, USD/CNY düşüş beklentisi",—,—,⏳
2026-02-17,Danske Bank,Allan von Mehren,PDF,FX Forecast Update Feb 2026 - Lingering Scepticism Sustains Bearish Dollar Outlook,USD/CNY,+1M,2026-03-17,6.8900,6.8800,"Yuan güçlenme trendi, USD/CNY düşüş beklentisi",6.8700,-100,✅
2026-02-17,Danske Bank,Allan von Mehren,PDF,FX Forecast Update Feb 2026 - Lingering Scepticism Sustains Bearish Dollar Outlook,USD/CNY,+3M,2026-05-17,6.8900,6.8500,"Yuan güçlenme trendi, USD/CNY düşüş beklentisi",—,—,⏳
2026-02-17,Danske Bank,Allan von Mehren,PDF,FX Forecast Update Feb 2026 - Lingering Scepticism Sustains Bearish Dollar Outlook,USD/CNY,+6M,2026-08-17,6.8900,6.8000,"Yuan güçlenme trendi, USD/CNY düşüş beklentisi",—,—,⏳
2026-02-17,Danske Bank,Allan von Mehren,PDF,FX Forecast Update Feb 2026 - Lingering Scepticism Sustains Bearish Dollar Outlook,USD/CNY,+12M,2027-02-17,6.8900,6.7000,"Yuan güçlenme trendi, USD/CNY düşüş beklentisi",—,—,⏳
2026-03-20,Danske Bank,Allan von Mehren,PDF,FX Forecast Update Mar 2026 - Energy Shock Steers Global Repricing,USD/CNY,+1M,2026-04-20,6.8700,6.8800,"Yuan güçlenme trendi, USD/CNY düşüş beklentisi",6.8158,-642,❌
2026-03-20,Danske Bank,Allan von Mehren,PDF,FX Forecast Update Mar 2026 - Energy Shock Steers Global Repricing,USD/CNY,+3M,2026-06-20,6.8700,6.8500,"Yuan güçlenme trendi, USD/CNY düşüş beklentisi",—,—,⏳
2026-03-20,Danske Bank,Allan von Mehren,PDF,FX Forecast Update Mar 2026 - Energy Shock Steers Global Repricing,USD/CNY,+6M,2026-09-20,6.8700,6.8000,"Yuan güçlenme trendi, USD/CNY düşüş beklentisi",—,—,⏳
2026-03-20,Danske Bank,Allan von Mehren,PDF,FX Forecast Update Mar 2026 - Energy Shock Steers Global Repricing,USD/CNY,+12M,2027-03-20,6.8700,6.7000,"Yuan güçlenme trendi, USD/CNY düşüş beklentisi",—,—,⏳
2023-08-20,ICBC Yatırım,Ekip,PDF,Model Portföy Ağustos 2023,AEFES,+12M,2024-08-20,102.6000,130.0000,"AEFES hissesinde yükseliş beklentisi, hedef fiyata yukarı potansiyel",24.8100,-105,❌
2026-01-23,ICBC Yatırım,Ekip,PDF,2026 Strateji Raporu - Belirsizlikler Devam Edecek,AKBNK,+12M,2027-01-23,77.8000,108.0000,"AKBNK hissesinde yükseliş beklentisi, hedef fiyata yukarı potansiyel",—,—,⏳
2026-03-12,ICBC Yatırım,Ekip,PDF,Model Portföy Güncelleme Mart 2026,AKBNK,+12M,2027-03-12,77.6000,108.0000,"AKBNK hissesinde yükseliş beklentisi, hedef fiyata yukarı potansiyel",—,—,⏳
2026-01-23,ICBC Yatırım,Ekip,PDF,2026 Strateji Raporu - Belirsizlikler Devam Edecek,BIMAS,+12M,2027-01-23,626.0000,840.0000,"BIMAS hissesinde yükseliş beklentisi, hedef fiyata yukarı potansiyel",—,—,⏳
2026-03-12,ICBC Yatırım,Ekip,PDF,Model Portföy Güncelleme Mart 2026,BIMAS,+12M,2027-03-12,694.5000,950.0000,"BIMAS hissesinde yükseliş beklentisi, hedef fiyata yukarı potansiyel",—,—,⏳
2026-04-03,Deniz Yatırım,Ekip,PDF,Günlük Bülten 03.04.2026,BIMAS,+12M,2027-04-03,703.0000,873.0000,"Model portföy hissesi, hedef fiyata yukarı potansiyel",—,—,⏳
2023-08-20,ICBC Yatırım,Ekip,PDF,Model Portföy Ağustos 2023,CCOLA,+12M,2024-08-20,375.2000,420.0000,"CCOLA hissesinde yükseliş beklentisi, hedef fiyata yukarı potansiyel",62.4000,-358,❌
2026-04-03,Deniz Yatırım,Ekip,PDF,Günlük Bülten 03.04.2026,CCOLA,+12M,2027-04-03,68.2500,97.6000,"Model portföy hissesi, hedef fiyata yukarı potansiyel",—,—,⏳
2023-08-20,ICBC Yatırım,Ekip,PDF,Model Portföy Ağustos 2023,FROTO,+12M,2024-08-20,860.2000,1200.0000,"FROTO hissesinde yükseliş beklentisi, hedef fiyata yukarı potansiyel",92.7500,-1107,❌
2023-08-20,ICBC Yatırım,Ekip,PDF,Model Portföy Ağustos 2023,ISCTR,+12M,2024-08-20,18.6800,24.0000,"ISCTR hissesinde yükseliş beklentisi, hedef fiyata yukarı potansiyel",13.5600,-10,❌
2023-08-20,ICBC Yatırım,Ekip,PDF,Model Portföy Ağustos 2023,MGROS,+12M,2024-08-20,339.3000,400.0000,"MGROS hissesinde yükseliş beklentisi, hedef fiyata yukarı potansiyel",515.0000,115,✅
2026-01-23,ICBC Yatırım,Ekip,PDF,2026 Strateji Raporu - Belirsizlikler Devam Edecek,MGROS,+12M,2027-01-23,625.0000,830.0000,"MGROS hissesinde yükseliş beklentisi, hedef fiyata yukarı potansiyel",—,—,⏳
2026-03-12,ICBC Yatırım,Ekip,PDF,Model Portföy Güncelleme Mart 2026,MGROS,+12M,2027-03-12,603.0000,850.0000,"MGROS hissesinde yükseliş beklentisi, hedef fiyata yukarı potansiyel",—,—,⏳
2023-08-20,ICBC Yatırım,Ekip,PDF,Model Portföy Ağustos 2023,PGSUS,+12M,2024-08-20,851.6000,1150.0000,"PGSUS hissesinde yükseliş beklentisi, hedef fiyata yukarı potansiyel",220.2000,-930,❌
2026-01-23,ICBC Yatırım,Ekip,PDF,2026 Strateji Raporu - Belirsizlikler Devam Edecek,PGSUS,+12M,2027-01-23,202.8000,285.0000,"PGSUS hissesinde yükseliş beklentisi, hedef fiyata yukarı potansiyel",—,—,⏳
2023-08-20,ICBC Yatırım,Ekip,PDF,Model Portföy Ağustos 2023,TAVHL,+12M,2024-08-20,121.0000,170.0000,"TAVHL hissesinde yükseliş beklentisi, hedef fiyata yukarı potansiyel",241.8000,72,✅
2026-04-03,Deniz Yatırım,Ekip,PDF,Günlük Bülten 03.04.2026,TAVHL,+12M,2027-04-03,322.0000,454.4000,"Model portföy hissesi, hedef fiyata yukarı potansiyel",—,—,⏳
2023-08-20,ICBC Yatırım,Ekip,PDF,Model Portföy Ağustos 2023,THYAO,+12M,2024-08-20,238.0000,300.0000,"THYAO hissesinde yükseliş beklentisi, hedef fiyata yukarı potansiyel",299.7500,0,✅
2026-01-23,ICBC Yatırım,Ekip,PDF,2026 Strateji Raporu - Belirsizlikler Devam Edecek,THYAO,+12M,2027-01-23,299.0000,400.0000,"THYAO hissesinde yükseliş beklentisi, hedef fiyata yukarı potansiyel",—,—,⏳
2026-03-12,ICBC Yatırım,Ekip,PDF,Model Portföy Güncelleme Mart 2026,THYAO,+12M,2027-03-12,294.8000,400.0000,"THYAO hissesinde yükseliş beklentisi, hedef fiyata yukarı potansiyel",—,—,⏳
2023-08-20,ICBC Yatırım,Ekip,PDF,Model Portföy Ağustos 2023,TOASO,+12M,2024-08-20,266.8000,330.0000,"TOASO hissesinde yükseliş beklentisi, hedef fiyata yukarı potansiyel",250.5000,-79,❌
2026-01-23,ICBC Yatırım,Ekip,PDF,2026 Strateji Raporu - Belirsizlikler Devam Edecek,GARAN,+12M,2027-01-23,148.5000,207.0000,"GARAN hissesinde yükseliş beklentisi, hedef fiyata yukarı potansiyel",—,—,⏳
2026-03-12,ICBC Yatırım,Ekip,PDF,Model Portföy Güncelleme Mart 2026,GARAN,+12M,2027-03-12,139.3000,207.0000,"GARAN hissesinde yükseliş beklentisi, hedef fiyata yukarı potansiyel",—,—,⏳
2026-04-03,Deniz Yatırım,Ekip,PDF,Günlük Bülten 03.04.2026,GARAN,+12M,2027-04-03,131.0000,211.0000,"Model portföy hissesi, hedef fiyata yukarı potansiyel",—,—,⏳
2026-01-23,ICBC Yatırım,Ekip,PDF,2026 Strateji Raporu - Belirsizlikler Devam Edecek,KCHOL,+12M,2027-01-23,195.3000,280.0000,"KCHOL hissesinde yükseliş beklentisi, hedef fiyata yukarı potansiyel",—,—,⏳
2026-03-12,ICBC Yatırım,Ekip,PDF,Model Portföy Güncelleme Mart 2026,KCHOL,+12M,2027-03-12,192.3000,285.0000,"KCHOL hissesinde yükseliş beklentisi, hedef fiyata yukarı potansiyel",—,—,⏳
2026-04-03,Deniz Yatırım,Ekip,PDF,Günlük Bülten 03.04.2026,KCHOL,+12M,2027-04-03,192.7800,289.1700,"Model portföy hissesi, hedef fiyata yukarı potansiyel",—,—,⏳
2026-01-23,ICBC Yatırım,Ekip,PDF,2026 Strateji Raporu - Belirsizlikler Devam Edecek,SAHOL,+12M,2027-01-23,95.5000,150.0000,"SAHOL hissesinde yükseliş beklentisi, hedef fiyata yukarı potansiyel",—,—,⏳
2026-03-12,ICBC Yatırım,Ekip,PDF,Model Portföy Güncelleme Mart 2026,SAHOL,+12M,2027-03-12,96.0000,150.0000,"SAHOL hissesinde yükseliş beklentisi, hedef fiyata yukarı potansiyel",—,—,⏳
2026-03-12,ICBC Yatırım,Ekip,PDF,Model Portföy Güncelleme Mart 2026,TSKB,+12M,2027-03-12,12.2000,19.0000,"TSKB hissesinde yükseliş beklentisi, hedef fiyata yukarı potansiyel",—,—,⏳
2026-03-12,ICBC Yatırım,Ekip,PDF,Model Portföy Güncelleme Mart 2026,DOHOL,+12M,2027-03-12,21.5000,28.0000,"DOHOL hissesinde yükseliş beklentisi, hedef fiyata yukarı potansiyel",—,—,⏳
2026-04-03,Deniz Yatırım,Ekip,PDF,Günlük Bülten 03.04.2026,YKBNK,+12M,2027-04-03,34.5900,54.3000,"Model portföy hissesi, hedef fiyata yukarı potansiyel",—,—,⏳
2026-03-15,Devrim Akyıl,Devrim Akyıl,Video,"Veee Maalesef Başladı! Altın, Gümüş & BİST Ne Olur?",BIST100,+3M,2026-06-15,13550.0000,12900.0000,"Sözel tahmin, teknik analiz bazlı seviye tahmini",13052.0000,152,✅
2026-03-24,Devrim Akyıl,Devrim Akyıl,Video,Altın & Gümüş Düşüşüne Ağlamalı mıyız?,BIST100,+3M,2026-06-24,12930.0000,13380.0000,"Sözel tahmin, teknik analiz bazlı seviye tahmini",13500.0000,120,✅
2026-03-31,Devrim Akyıl,Devrim Akyıl,Video,"Dolar, Altın & Bist için Sürpriz Ziyaretçi!",BIST100,+3M,2026-06-30,12791.0000,13167.0000,"Sözel tahmin, teknik analiz bazlı seviye tahmini",—,—,⏳
2026-04-05,Devrim Akyıl,Devrim Akyıl,Video,Merkez Çaresizce Altın Satıyor! - Haftalık Dolar Altın Bist Analizleri,BIST100,+3M,2026-07-05,13052.0000,13167.0000,"Sözel tahmin, teknik analiz bazlı seviye tahmini",—,—,⏳
2026-04-12,Devrim Akyıl,Devrim Akyıl,Video,"Altın, Gümüş & BİST'de Kazanmaya Devam!",BIST100,+3M,2026-07-12,13500.0000,14000.0000,"Sözel tahmin, teknik analiz bazlı seviye tahmini",—,—,⏳
2026-03-15,Devrim Akyıl,Devrim Akyıl,Video,"Altın Gümüş Sakin, Petrol Coştu! Buğday Kazandırdı!",XAU/USD,+3M,2026-06-15,5019.0000,5225.0000,"Sözel tahmin, teknik analiz bazlı seviye tahmini",—,—,⏳
2026-03-24,Devrim Akyıl,Devrim Akyıl,Video,Altın & Gümüş Dip Neresi?,XAU/USD,+3M,2026-06-24,4500.0000,4735.0000,"Sözel tahmin, teknik analiz bazlı seviye tahmini",—,—,⏳
2026-03-31,Devrim Akyıl,Devrim Akyıl,Video,Altın & Gümüş Fırsat Penceresi Devam!,XAU/USD,+3M,2026-06-30,—,4735.0000,"Sözel tahmin, teknik analiz bazlı seviye tahmini",—,—,⏳
2026-03-15,Devrim Akyıl,Devrim Akyıl,Video,"Altın, Gümüş + Bist'de Bize Sürpriz Yok!",GRAM-ALTIN,+3M,2026-06-15,6935.0000,7800.0000,"Sözel tahmin, teknik analiz bazlı seviye tahmini",—,—,⏳
2026-03-15,Devrim Akyıl,Devrim Akyıl,Video,Altın + Gümüş + Bist Hatta Dolar da…,GRAM-ALTIN,+3M,2026-06-15,—,8400.0000,"Sözel tahmin, teknik analiz bazlı seviye tahmini",—,—,⏳
2026-03-15,Devrim Akyıl,Devrim Akyıl,Video,Altın + Gümüş + Bist Hatta Dolar da…,GRAM-ALTIN,+6M,2026-09-15,—,9300.0000,"Sözel tahmin, teknik analiz bazlı seviye tahmini",—,—,⏳
2026-03-15,Devrim Akyıl,Devrim Akyıl,Video,Altın + Gümüş + Bist Hatta Dolar da…,GRAM-ALTIN,+12M,2027-03-15,—,10000.0000,"Sözel tahmin, teknik analiz bazlı seviye tahmini",—,—,⏳
2026-03-15,Devrim Akyıl,Devrim Akyıl,Video,Altın & Gümüş'ün Varsa Sorunun Yok!,XAG/USD,+12M,2027-03-15,—,309.0000,"Sözel tahmin, teknik analiz bazlı seviye tahmini",—,—,⏳
2026-04-05,Devrim Akyıl,Devrim Akyıl,Video,Merkez Çaresizce Altın Satıyor! - Haftalık Dolar Altın Bist Analizleri,ULKER,+3M,2026-07-05,117.2000,141.0000,"Sözel tahmin, teknik analiz bazlı seviye tahmini",—,—,⏳
2026-04-05,Devrim Akyıl,Devrim Akyıl,Video,Merkez Çaresizce Altın Satıyor! - Haftalık Dolar Altın Bist Analizleri,ULKER,+12M,2027-04-05,117.2000,187.0000,"Sözel tahmin, teknik analiz bazlı seviye tahmini",—,—,⏳
